specimen_id,image_series_id,errors,layer_depth,layer_thickness,normalized_layer_depth,normalized_depth,absolute_depth,cortex_thickness,wm_distance,layer
539735188,543136172,No soma centers found.,,,,,,,,
542089601,545097622,No soma centers found.,,,,,,,,
542089688,545097622,No soma centers found.,,,,,,,,
542091679,545097622,No soma centers found.,,,,,,,,
548480353,551363115,[],157.24066898607782,222.8622587785535,0.7055509077574216,0.04864621403323185,157.24066898607782,3232.3310685321057,3075.090399546028,Layer1
569248750,561535089,No soma centers found.,,,,,,,,
569844356,571512447,[],225.39694416257873,232.79646414738622,0.9682146375723183,0.085882136636527,226.29758809985572,2634.9785527297636,2408.680964629908,Layer1
569871062,571512476,[],176.236524180859,279.60159385358975,0.6303130170035557,0.0605506768649091,182.79999966206157,3018.9588147775034,2836.158815115442,Layer1
569883339,571512476,[],218.20366783341493,235.57672459865248,0.9262530846592095,0.07800410140199616,219.01277619544825,2807.708469927244,2588.695693731796,Layer1
569817514,571512476,[],125.45324458682174,179.6602211785456,0.6982805863416299,0.12236329705937309,376.14067195545886,3073.966467027674,2697.825795072215,Layer2
571674365,574327042,No soma centers found.,,,,,,,,
577259988,579392643,No soma centers found.,,,,,,,,
588160377,590888242,[],,,,0.07754312199518668,228.474858133692,2946.4232578599826,2717.9483997262905,
591394258,593413214,No soma centers found.,,,,,,,,
591394030,593413301,No soma centers found.,,,,,,,,
591419680,593413488,Missing pia/wm.,,,,,,,,
591417808,593413548,No soma centers found.,,,,,,,,
596594921,595281637,No soma centers found.,,,,,,,,
595591249,598306402,[],,,,0.13013951469842683,329.0090121116983,2528.1253958424013,2199.116383730703,
595597625,598306402,Missing pia/wm.,,,,,,,,
602490004,598306438,No soma centers found.,,,,,,,,
595707946,598306483,[],215.5934336212172,245.3859687356252,0.8785890845026025,0.1266693194639398,494.85679497317113,3906.6823526595713,3411.8255576864003,Layer2
595699658,598306483,[],580.4589957493213,1164.898702054101,0.49829139196891575,0.2921991245386457,1141.0943217496674,3905.194184107654,2764.0998623579867,Layer3
596893815,601283272,No soma centers found.,,,,,,,,
596907611,601283355,[],223.19241042966883,254.85404169015752,0.8757656301994936,0.06868982525329785,223.2523631357565,3250.1518574621496,3026.899494326393,Layer1
596902770,601283355,[],228.94824005303425,242.41712754840475,0.9444392084355463,0.07009594339263076,228.94824005303425,3266.2124079080986,3037.2641678550644,Layer1
602201902,603900331,[],146.4620193608953,264.3771343428733,0.553988981403162,0.04155673871933806,148.64858951685386,3577.0032514048453,3428.3546618879914,Layer1
602196815,603900331,[],170.94557491641942,260.6875402997671,0.6557489273167696,0.04913513166767689,172.37679486356183,3508.218844907632,3335.84205004407,Layer1
611610593,616724443,No soma centers found.,,,,,,,,
639808598,616724584,No soma centers found.,,,,,,,,
611894393,616724603,[],458.7048454269281,787.4605853593521,0.5825114982962625,0.29457345124195916,912.5901883486173,3098.0055551544815,2185.4153668058643,Layer3
611901177,616724603,[],7.283435277969479,204.94846654104143,0.03553788618618892,0.08318806526048908,277.061422684138,3330.5429308467255,3053.4815081625875,Layer2
636991760,639684669,No soma centers found.,,,,,,,,
643158504,644739949,No soma centers found.,,,,,,,,
643599478,645340279,[],185.70453720388977,205.8906462548054,0.9019571339538476,0.39213218179190196,1366.4856301834502,3484.757675177554,2118.272044994104,Layer4
650130090,652952307,[],166.95847490214888,220.11934635544657,0.7584906900120718,0.061291437220950346,168.13180756247107,2743.1532883846467,2575.0214808221754,Layer1
652075861,656863115,[],126.00750275626564,270.3320151740618,0.46612127192974806,0.040266441291815995,144.55374463648022,3589.9309697840176,3445.3772251475375,Layer1
652081101,656863115,[],,,,0.04402080076442752,159.3880726534166,3620.7445090870647,3461.356436433648,
653810044,656869253,[],182.78533109637064,284.1916686730977,0.6431762477408387,0.061722452769580875,183.5553315973056,2973.8826530848514,2790.3273214875458,Layer1
653864596,656869253,[],67.02331709216516,232.60472335402596,0.28814254554132684,0.024094131856915807,75.23120836379117,3122.387177531667,3047.155969167876,Layer1
653907140,656869922,[],60.28795602245056,299.7969909123698,0.20109593441540793,0.020682323067548528,60.28795602245077,2914.950889489064,2854.6629334666136,Layer1
653810423,656870541,[],55.29932602575936,251.87976140576566,0.219546523774393,0.021731576205779084,61.21678631000069,2816.951045351294,2755.734259041293,Layer1
653894513,656870541,[],97.16939896420435,262.56749038174496,0.3700739905878312,0.036725187098063085,102.30331331386648,2785.644441802232,2683.3411284883655,Layer1
654144568,656870925,[],192.57910812517486,299.42782583383394,0.6431570198557489,0.07112782511630324,205.79698542950786,2893.3400549363496,2687.5430695068417,Layer1
654341386,656871817,[],99.49487905110045,265.0598653672197,0.3753675755975281,0.030879301389351663,99.49487905110045,3222.057319127369,3122.5624400762686,Layer1
653038959,656877437,[],134.19175055789538,252.710463530891,0.5310098706755447,0.05693061723782834,147.19031494443985,2585.4333236815355,2438.243008737096,Layer1
653037337,656877437,[],236.09196894979434,267.62293576612564,0.8821813731096424,0.08712891501242098,260.9415619548233,2994.8905242034043,2733.9489622485808,Layer1
653032495,656877602,[],249.31119470753526,276.2359746910164,0.9025297844945872,0.11310496074195506,264.3632953039052,2337.3271478961974,2072.9638525922924,Layer1
656921748,657978707,[],206.4754303281507,230.57582120261515,0.8954773716135371,0.07861434983015525,206.4754303281507,2626.434369478814,2419.9589391506634,Layer1
660491020,663440559,[],202.55487030304363,255.03409318573702,0.7942266375951796,0.07584406551538417,211.64719780712736,2790.5571301975756,2578.9099323904484,Layer1
665703417,669805138,[],82.51903805837023,212.5411619656775,0.3882496797100221,0.03251650594726524,85.49431465888313,2629.2589615113156,2543.7646468524326,Layer1
665695931,669805159,[],200.31226051275596,243.8312750675103,0.8215199648088413,0.07292360120935787,200.31226051275596,2746.8783382992206,2546.5660777864646,Layer1
672186592,676442720,[],165.38872531410132,213.33353734847992,0.7752589085134756,0.06337781880830254,166.9673126197026,2634.475527230195,2467.5082146104924,Layer1
672646316,676442761,[],152.37386014807166,308.6825239440142,0.4936264554313018,0.05487544545218526,165.04077060494598,3007.5522712385323,2842.5115006335864,Layer1
672665039,676442761,[],223.76329788491353,281.02403501903177,0.796242562917295,0.0810258236507048,234.32482869107358,2891.9771269617363,2657.652298270663,Layer1
672659580,676443027,[],114.29068196020484,253.7315910523924,0.45043930669478693,0.040977985634392526,115.7131714570661,2823.7886676388716,2708.0754961818056,Layer1
672646211,676443212,[],36.47915495080244,177.94858739814046,0.2049982834040954,0.10686595109041686,312.6870020931169,2925.974072214634,2613.287070121517,Layer2
674650150,679163084,[],184.2555899094442,213.2876587090025,0.8638830348868521,0.15544868590172864,475.4083141484131,3058.2974142924318,2582.889100144019,Layer2
674605704,679163902,[],216.9227403209272,225.6238173967572,0.9614354673357501,0.06562754819684048,224.10345652452668,3414.777219047713,3190.6737625231863,Layer1
674636925,679164006,[],114.99466018286824,283.3101506556571,0.405896717490493,0.03881903622781654,117.45997079274201,3025.834286647585,2908.374315854843,Layer1
674620956,679164264,[],144.4301392055396,240.95438946096633,0.599408624713752,0.04823476639882586,149.02194913478294,3089.5132341391513,2940.4912850043684,Layer1
677063468,681806045,[],128.75688428696537,226.3313367694622,0.5688866867698275,0.05473767256706369,136.63069711213427,2496.099865129205,2359.469168017071,Layer1
685771025,692111077,[],,,,0.07738805918991334,247.8091941774837,3202.163186045927,2954.3539918684432,Layer1
685821031,692113032,[],211.307292917438,746.0177637690058,0.28324699917315427,0.21506576099751484,683.4496201746896,3177.8634451375415,2494.413824962852,Layer3
685814167,692113032,[],255.59192390233582,279.441564161912,0.9146524951250365,0.07955101928622925,259.0687078873248,3256.6359326607794,2997.5672247734547,Layer1
685779125,692113032,Missing soma center,,,,,,,,
689319155,694748619,[],65.18637582056844,164.7377997620485,0.3956977446264629,0.14394167984329181,363.7619603155357,2527.148222193603,2163.386261878067,Layer2
689323128,694748816,[],150.34325447492517,253.75567757442306,0.5924724755403021,0.060275766210624665,150.8641177776328,2502.8983829166214,2352.0342651389888,Layer1
689356645,694748816,[],198.2733049473432,248.48194794716727,0.7979384683087741,0.07326223368449278,205.6915854215821,2807.6073452442424,2601.91575982266,Layer1
689300362,694748816,[],246.3480026117895,255.26544003684558,0.9650660213784956,0.10361933408338746,290.83082320780585,2806.7235307048036,2515.892707496998,Layer1
689304924,694749271,[],62.566561199832606,572.1666311693206,0.10935024482634913,0.19208516729302666,492.45953467874403,2563.756179713216,2071.296645034472,Layer3
696108575,700421376,[],854.7311096456317,1002.679234699629,0.8524472035183637,0.3904306000091725,1356.7443103779556,3474.9948143052343,2118.2505039272787,Layer3
695494597,700421684,[],183.82554901346904,321.89949002340086,0.5710650520139241,0.06123676617738442,199.5672131185835,3258.944349551339,3059.377136432756,Layer1
695521474,700421684,[],128.10478524896558,317.97489927826996,0.40287703696025706,0.0405756510265907,136.77377658799995,3370.833816033343,3234.0600394453427,Layer1
695565317,700421684,[],223.17575955152697,293.4768203980683,0.7604544687679734,0.06898671677810422,233.51125288088772,3384.872679648992,3151.361426768104,Layer1
699822091,703184824,[],78.47690492250071,171.36145107045917,0.45796125343402433,0.12724496762684995,301.08078592304844,2366.1508312531287,2065.07004533008,Layer2
700782141,705080018,[],143.2530555350751,267.64263825127284,0.5352400367559664,0.042284941107529415,144.17007293077228,3409.489741611602,3265.3196686808296,Layer1
700843279,705080018,[],151.5039093526335,216.77279624972192,0.6989064678489512,0.04604844210127533,151.50390935263363,3290.098479758073,3138.5945704054393,Layer1
701071903,705081629,[],191.19086285051017,264.4170590695262,0.7230655371605135,0.06376948772434315,207.99676101872092,3261.6972229388152,3053.7004619200943,Layer1
707795387,714118689,[],112.32282665843546,126.01569087424969,0.8913400059879983,0.09918430379892587,293.9839698105935,2964.01707276769,2670.0331029570966,Layer2
712885453,717091828,[],135.14380054979722,167.07288373950425,0.8088912905849519,0.054933223470178774,135.48805994371787,2466.4137908686416,2330.9257309249238,Layer1
712871952,717092103,[],153.68807574587467,170.2791976474268,0.9025651862894901,0.055977238292531456,155.11632659411927,2771.0607262097647,2615.9443996156456,Layer1
712915668,717092103,[],48.298941286781584,111.10394631382351,0.4347185036106341,0.07946164170626624,219.89532969876404,2767.314203142412,2547.4188734436484,Layer2
720870951,727262739,[],142.83102904834666,1006.1378919516043,0.141959695774202,0.16746294558395536,508.82903245841607,3038.4574371607555,2529.6284047023396,Layer3
721688585,727263882,[],106.79529584537863,242.87506396804733,0.43971288818447263,0.034141761659239614,107.63593365692012,3152.6180380264927,3044.9821043695724,Layer1
681568258,734690767,No soma centers found.,,,,,,,,
701223121,734694187,[],11.922610057227864,149.2701036422184,0.07987272579246582,0.0884147074215468,232.3808215286051,2628.3050445515983,2395.9242230229934,Layer2
732044954,740359570,[],183.57580348199497,277.62463174724394,0.6612374497415876,0.05676885422753639,187.66772572237613,3305.8219736156966,3118.1542478933206,Layer1
732141075,740359570,[],339.1659601304874,394.81210191435815,0.8590566461512839,0.11167282237156315,339.1659601304872,3037.139681148185,2697.9737210176977,Layer1
732049175,740362137,[],731.8790642023829,1031.7175294009737,0.7093793052322371,0.40558403019737677,1263.7565635887217,3115.8933032292143,1852.1367396404924,Layer3
732178633,740362808,[],279.38631548495465,314.4040300457014,0.8886219284286635,0.09492693962373182,283.3668746756908,2985.1049217312893,2701.7380470555986,Layer1
732127146,740362808,[],30.790786518997965,267.53912560059166,0.11508891064017843,0.015399148164112942,44.68224771040336,2901.605155961382,2856.9229082509787,Layer1
732141104,740362808,[],279.36800492190514,282.14954106018865,0.9901416244455625,0.09614032174120926,280.87740674791,2921.5359555793507,2640.658548831441,Layer1
732784775,740363769,[],548.730215655698,589.8958167010325,0.9302154721565049,0.19851917859092363,553.1782558591383,2786.5229938264,2233.344737967262,Layer1
737549661,742628472,[],313.22743251865944,924.251557068661,0.3388984634357401,0.23165763187465227,679.5661650505209,2933.493533328648,2253.9273682781272,Layer3
737989339,742629332,[],215.21818934197196,269.53933246428164,0.7984667297879128,0.06536630841646829,215.21818934197208,3292.4941694848767,3077.2759801429047,Layer1
738006528,742629332,[],231.85769487474644,920.53831513284,0.2518718570028101,0.1947729832203244,645.175123148678,3312.4466878389658,2667.2715646902875,Layer3
742954180,750372350,[],145.15418957128003,209.8328971995278,0.6917608797692695,0.18917787439656378,521.412078975191,2756.200113984693,2234.788035009502,Layer2
742954760,750372350,[],334.7863965146345,353.0489673972319,0.9482718473382494,0.11929337045342216,341.07915883509884,2859.1627308264583,2518.0835719913593,Layer1
758286002,761813355,[],113.86974916706477,265.5657203016614,0.4287818060166721,0.08419791112504388,256.20438002406775,3042.8828530386445,2786.678473014577,Layer2
758889361,761815501,[],139.03214037119477,213.66633139194033,0.6506974658359261,0.15922924686456616,530.3705987878146,3330.861693008735,2800.4910942209203,Layer2
756887925,762085948,[],149.12164779069974,273.2978320967919,0.5456378729630259,0.053297506499009266,159.41172316343267,2990.979008865939,2831.567285702506,Layer1
756894558,762085969,[],153.11337504566913,260.53906756326427,0.5876791395535721,0.05751826818503505,156.51154786880582,2721.0754566759815,2564.5639088071757,Layer1
756909022,762086009,[],135.98814138757436,218.57665818622144,0.622153081285176,0.06146236789604912,139.130136886065,2263.663793776622,2124.533656890557,Layer1
766787545,773489374,[],92.9679697772207,237.96947387828558,0.39067182971867687,0.13579461321315536,482.7174786632608,3554.7616156580843,3072.0441369948235,Layer2
766791358,773490006,[],280.9256546392715,306.80762562184935,0.915641044025163,0.07932939839480654,287.4119585844059,3623.019516094325,3335.607557509919,Layer1
766984328,773490006,[],496.36023620552135,858.5734711718349,0.5781220278423672,0.2801025280087038,1015.7224847743405,3626.252472604526,2610.5299878301853,Layer3
767084655,773490956,[],95.01974175643213,946.1721721923948,0.10042542419764888,0.23488226576664467,816.2053822867862,3474.955333995652,2658.749951708866,Layer3
768876954,773502932,[],46.01676815460755,946.7469363050235,0.04860514081429447,0.15911926929822434,501.4994531523484,3151.720438160313,2650.2209850079644,Layer3
768891025,773504327,[],209.221751739698,221.18957945676047,0.9458933474784149,0.07892332261870552,210.03603115442922,2661.2669637485437,2451.2309325941146,Layer1
768893737,773504327,[],180.1120071314743,206.29759529185435,0.8730688638258984,0.07004439094485358,188.5195570946239,2691.4297426477247,2502.9101855531007,Layer1
769331519,773504506,[],171.7047602391878,225.0040557621041,0.7631185120535364,0.06417430399705984,189.47966727667958,2952.578453914524,2763.098786637844,Layer1
770249872,778163379,[],143.18176201781554,274.76608346351225,0.5211042069420095,0.044131989445434595,147.67785646344544,3346.2768916419777,3198.599035178532,Layer1
770249934,778163864,[],127.08302019849971,679.6917821607195,0.18697154141617933,0.21410849885209998,635.883240421634,2969.911254484503,2334.028014062869,Layer3
783622479,790003631,[],214.8357888503366,233.1665524850096,0.9213833912312467,0.07758245720395618,258.88445616483455,3336.894260570458,3078.0098044056235,Layer1
786434165,797911310,[],69.88635443468142,217.72472165411017,0.32098492951896773,0.09667330563789488,348.54841986253314,3605.4256918458573,3256.877271983324,Layer2
794295982,805402660,[],393.3464804610557,943.000705481764,0.417122148662764,0.22297679632599626,1017.9070077251258,4565.08042315276,3547.173415427634,Layer3
798210021,808754591,[],69.53195822387102,153.22883557812918,0.45377854606496487,0.5311563737450629,1190.6503733873792,2241.619289988698,1050.9689166013186,Layer4
798009057,808754642,[],38.02467781042663,161.690717400355,0.2351692071244601,0.1117652555912177,294.3396320563109,2633.5521759361463,2339.2125438798353,Layer2
798060378,808754642,[],211.23406138499723,277.029715020127,0.7624960425983561,0.08179364411913738,212.518104537562,2598.222720435546,2385.704615897984,Layer1
798332264,808754642,[],588.6053591537471,975.9788955352467,0.6030923023503946,0.35589271519311105,946.501884786615,2659.514635676185,1713.0127508895703,Layer3
805729797,811690205,[],87.35066382420652,234.6116022629046,0.37232030718720294,0.0238561862643754,89.81983628223036,3765.0542834819707,3675.2344471997403,Layer1
805736376,811690205,[],162.99759552109532,248.91704255892182,0.6548269810915487,0.044257760303110065,166.4246058146923,3760.348573332514,3593.923967517822,Layer1
805771619,811691099,[],202.754101648984,240.7991869063337,0.8420049264030592,0.061003497869617694,202.754101648984,3323.6471469607986,3120.8930453118146,Layer1
805728653,811691099,[],182.96992144270712,238.38036507047366,0.7675544979915386,0.05631478576308162,186.62669130520922,3313.990966606081,3127.364275300872,Layer1
805751552,811692450,[],67.71832520265104,230.52185302611136,0.2937609788993868,0.018510560347305742,67.71832520265104,3658.3617098608047,3590.6433846581535,Layer1
805732962,811692526,[],181.9885750962409,277.5193329197278,0.6557689987993771,0.05236471269514698,190.4050320215576,3636.1324682528775,3445.72743623132,Layer1
805740173,811692526,[],130.3827667473371,265.31529509031185,0.49142574574509745,0.035322259265390475,130.3790897038779,3691.131100201911,3560.752010498033,Layer1
805743217,811692526,[],138.03115471996716,225.6235492692478,0.611776364510815,0.03774162869118872,138.03115471996728,3657.265452144954,3519.234297424987,Layer1
718211637,817187390,Missing pia/wm.,,,,,,,,
718214070,817187696,Missing pia/wm.,,,,,,,,
811800886,818760171,[],97.82552992396165,339.3947534357562,0.2882352450462349,0.027969243983043377,98.6007660799436,3525.3282548402544,3426.7274887603107,Layer1
811822915,818760171,[],62.504871967744485,323.5915920244277,0.19315975293642992,0.018255291398253656,62.49880789318476,3423.5995761296667,3361.100768236482,Layer1
811804107,818760714,[],88.83188983137319,347.7691552048878,0.25543349230910944,0.02753696960214276,92.12843367999679,3345.6271699856147,3253.498736305618,Layer1
811830358,818760714,[],288.4378847383737,353.64581659162445,0.8156123194621296,0.08760879471127545,290.97659002252027,3321.3171232576146,3030.3405332350944,Layer1
811837476,818760714,[],229.77604882599314,356.1188444344573,0.6452229428939495,0.06963332176343331,230.65215106078892,3312.381848511954,3081.729697451165,Layer1
811861328,818761076,[],122.54468926306025,268.63108467058765,0.45618208858193854,0.03517514139351495,122.99070968498322,3496.5235337379013,3373.532824052918,Layer1
811830204,818761076,[],141.62343132893466,257.25587728290185,0.5505158242631429,0.04275015042152844,146.70361632192265,3431.651464974602,3284.947848652679,Layer1
811889916,818761076,[],122.27976673510864,274.61632421280063,0.44527493799077233,0.03618077293975736,122.27976673510852,3379.689177417794,3257.409410682685,Layer1
811899421,818761076,[],192.6970324540599,277.4520712561945,0.6945236760410657,0.06057946466194971,200.99661060267331,3317.9000792478178,3116.9034686451446,Layer1
811923139,818762044,[],114.5317516649587,287.4029530523859,0.398505827614383,0.040829721473888775,114.53175166495777,2805.107346573563,2690.575594908605,Layer1
811922009,818762482,[],348.92006674860363,454.23712326497343,0.7681452018730437,0.10198498213871009,352.5066204279861,3456.456166737773,3103.949546309787,Layer1
811932153,818762867,[],210.86223829144885,284.657013017425,0.740758978871675,0.05976691311317625,210.86223829144885,3528.0764441046904,3317.2142058132417,Layer1
811956631,818762867,[],154.60917000432505,266.6816748022432,0.5797517587924813,0.0450920542677716,154.60917000432505,3428.7453192131015,3274.1361492087763,Layer1
811969059,818762867,[],189.02363562969398,302.0383598428832,0.6258265861595257,0.056156096625858,189.93046117702409,3382.187733639013,3192.257272461989,Layer1
811953283,818763407,[],159.18121284196297,261.5559570863974,0.6085933374072687,0.045052749362968304,164.4244047902884,3649.597574292307,3485.1731695020185,Layer1
812021957,818763722,[],188.05601278778184,260.2247536480837,0.7226676561373572,0.05468806497240886,189.5871016469077,3466.6997587601227,3277.112657113215,Layer1
812033452,818763722,[],287.3599449771719,318.1288285902293,0.9032816870152633,0.08179170409274733,287.3599449771719,3513.314072186605,3225.954127209433,Layer1
813703153,818764303,[],127.62596983392963,207.56659390896016,0.6148675826414874,0.04173136718255175,127.62596983392963,3058.274349738802,2930.6483799048724,Layer1
813695226,818765232,[],120.30721404817507,214.21722642801643,0.561613162742549,0.03212771760196141,128.5586395972981,4001.4868528802544,3872.928213282956,Layer1
813730157,818765955,[],195.71534253772614,218.23160198846642,0.8968240197772536,0.05339673048653778,195.7153425377259,3665.3057360332023,3469.5903934954763,Layer1
701169770,823230898,No soma centers found.,,,,,,,,
828754192,835602439,[],95.66846542536472,264.27564801983306,0.36200257625774546,0.03992101859674376,96.65848723027227,2421.2430100207016,2324.584522790429,Layer1
828758585,835603228,[],113.10287787597423,231.39615356507034,0.4887846065434655,0.043106427466830556,116.06421907346379,2692.503784099776,2576.4395650263123,Layer1
833701196,837207371,[],136.87368744096813,161.57610482840064,0.8471158998809426,0.059135804836194086,141.72828062794156,2396.6576766905982,2254.9293960626565,Layer1
832590251,838998216,[],171.00381819165676,263.59005078674284,0.6487491378421075,0.054599234823962235,176.07802368836178,3224.917423404724,3048.8393997163625,Layer1
832599051,838998216,[],185.59320126516505,264.3231866027452,0.7021449901937492,0.06052649815685316,188.95793008234585,3121.904221068024,2932.9462909856784,Layer1
832529199,838998216,[],199.1792196339292,259.23864435180576,0.7683237972947754,0.061134809417310164,217.80281075362944,3562.6644268553023,3344.861616101673,Layer1
832635407,838998247,[],108.72296809577948,232.5807784645164,0.4674632564804436,0.03645246797105716,108.72296809577959,2982.595531860953,2873.8725637651737,Layer1
832594616,838998325,[],105.14349111689795,292.2545664050725,0.3597668033394089,0.03630030341800462,105.24222705578936,2899.2106717099823,2793.968444654193,Layer1
832614788,838998325,[],107.2900320446011,284.91680462641625,0.3765661775734152,0.03786348582039752,109.24453114444593,2885.2211775386663,2775.9766463942206,Layer1
832565636,838998325,[],183.4145897793567,300.81927703080385,0.6097168758256641,0.06275845001088061,183.4145897793567,2922.548114995791,2739.133525216434,Layer1
832544198,838998325,[],170.06713376522094,297.6139625780654,0.571435332845352,0.0573636694548777,170.06713376522094,2964.7185297132337,2794.6513959480126,Layer1
832670765,838998898,[],152.66705406391824,335.7962707106611,0.4546418986155562,0.05709256909763509,156.11152556451233,2734.3580439959364,2578.246518431424,Layer1
832689550,838998898,[],244.88416783136392,321.97623634264596,0.760565967889503,0.09196561546442074,245.52682573359016,2669.76765711505,2424.24083138146,Layer1
832731991,838998898,[],154.05076861663753,267.5867161565565,0.5757040963367827,0.059629127034237436,155.03112845069487,2599.9228256633737,2444.891697212679,Layer1
832785683,838998898,[],142.99446369712535,259.4573095706379,0.5511290621711883,0.04933070434617976,142.99446369712535,2898.6908983430935,2755.696434645968,Layer1
832712819,838998898,[],146.20573513835086,306.5926256847033,0.4768729672210294,0.05603087429902923,146.2057351383517,2609.37807891541,2463.172343777058,Layer1
825462378,839809559,[],173.26020631254912,198.16493206302832,0.8743232443237837,0.06641238999430757,173.26020631254912,2608.8536540756904,2435.5934477631413,Layer1
835631800,841455645,[],167.03093717719128,252.49266200548433,0.661527886990883,0.04967780151543764,167.03093717719128,3362.2852075143774,3195.254270337186,Layer1
835611255,841455645,[],85.94667536455289,245.41415588879988,0.35021074906329513,0.025456561855854282,87.53592075008807,3438.638777921116,3351.1028571710276,Layer1
835615038,841455837,[],114.38534060202615,233.27030479357336,0.4903553442142949,0.03874464926728966,114.38534060202615,2952.287419429461,2837.9020788274347,Layer1
835635007,841455837,[],163.8081342193904,239.22054497709212,0.6847578005270273,0.05485855037743037,163.8081342193904,2986.009165250993,2822.2010310316027,Layer1
835578804,841455870,[],144.88184191944617,262.02795474454547,0.5529251337350376,0.046630443288988875,150.38815820192966,3225.1067670515095,3074.7186088495796,Layer1
835596750,841455934,[],168.8840881091807,281.21710726216793,0.6005469928674594,0.07222031663067396,180.40229310979694,2497.9438131288266,2317.5415200190296,Layer1
835693093,841455934,[],197.06667894815772,252.66958495871145,0.7799382698964746,0.07925625770731311,201.37646493302057,2540.827320874617,2339.4508559415963,Layer1
835572687,841455934,[],124.68586720372633,303.14117941250515,0.41131286566005487,0.054194186874469176,135.74297673537652,2504.7516083191736,2369.008631583797,Layer1
835615172,841455934,[],57.313620490076126,278.1697431410655,0.20603829820920253,0.027767107875619337,69.23989516911023,2493.5940566538334,2424.354161484723,Layer1
835648767,841455934,[],217.47943954241825,258.27483912082016,0.8420465589398046,0.09085431599561433,224.1660291797169,2467.3129363555795,2243.1469071758625,Layer1
835699648,841455934,[],111.2513227548673,265.1214536447539,0.4196239920438015,0.04190281134013533,112.61559999489926,2687.542825725248,2574.9272257303487,Layer1
835704076,841455934,[],69.67210104495793,279.3048071718527,0.24944827033388497,0.02760176056461099,75.31897459207104,2728.7742901675506,2653.4553155754797,Layer1
835857228,841455965,[],359.8510934886482,460.52960779362684,0.7813853602435593,0.0930051692601028,359.8510934886482,3869.1515358922798,3509.3004424036317,Layer1
835859530,841455965,[],312.7463144136351,394.84478396411146,0.7920740683814161,0.08034589644897966,318.80336169443984,3967.8860499973725,3649.0826883029326,Layer1
839901747,845634789,[],119.28020004343986,204.77186523467606,0.582502874146018,0.06296461408248274,119.28020004343986,1894.4005578623019,1775.120357818862,Layer1
839934796,845634922,[],237.78436375314868,323.0153250045876,0.7361395740272433,0.07520510725468268,244.9115381165107,3256.581195837084,3011.6696577205735,Layer1
839897427,845635112,[],140.36451483770858,214.50685022062333,0.6543591250971318,,140.36451483770858,,,Layer1
839968096,845635112,[],174.9641295801817,189.30160401341604,0.9242612099989483,0.08151968290060452,174.9641295801818,2146.280792008384,1971.3166624282023,Layer1
840021589,845635112,[],39.131775867558424,209.00268159832427,0.18723097506837047,0.019487399763491023,42.12720236294182,2161.7662117172604,2119.6390093543187,Layer1
839918826,845635112,[],33.676704393812145,199.89300604513951,0.16847365027972677,0.01476233961586537,39.153416013655935,2652.2500519888463,2613.0966359751906,Layer1
839923944,845635250,[],117.11457433623005,316.21678138130204,0.37036166715962615,0.041356262468608754,121.26781711285797,2932.2721608343027,2811.004343721445,Layer1
840062001,845635250,[],206.9193545959822,255.76548214014898,0.8090198601647071,0.07282246494453914,206.76391450791397,2839.2875009845284,2632.5235864766146,Layer1
839950125,845635250,[],200.39614202779507,250.95573640931497,0.7985318243570414,0.07003951028986671,200.39614202779507,2861.1870813835244,2660.7909393557293,Layer1
839970928,845635250,[],115.97216961222068,233.89211356028528,0.49583616927865787,0.04115168354541162,116.12069119551944,2821.772554393265,2705.6518631977456,Layer1
840043506,845635250,[],141.9931758019111,269.59333591852226,0.5266939381796326,0.04966730264364828,141.9931758019111,2858.8863949524334,2716.8932191505223,Layer1
840047328,845635652,Missing pia/wm.,,,,,,,,
840065347,845635652,Missing pia/wm.,,,,,,,,
840079595,845635652,Missing pia/wm.,,,,,,,,
840111310,845635652,[],126.32469786700152,234.4322050698761,0.5388538568297325,0.045322182656680525,129.2644866318458,2852.124038487633,2722.859551855787,Layer1
840136388,845635652,[],183.971445439635,204.17569416256146,0.9010447898522135,0.06121067922408494,187.53376148119148,3063.742534119788,2876.2087726385967,Layer1
840146916,845635652,[],103.92154072676608,206.24680336251362,0.5038698250469676,0.03359337876000159,103.92154072676608,3093.5126076243832,2989.591066897617,Layer1
840088562,845636083,[],48.77607919631146,226.7926954699462,0.21506900429593023,0.014894285991127122,51.61981449578205,3465.7461610803766,3414.1263465845946,Layer1
840142358,845636083,[],58.20724783995901,236.3925988582526,0.24623126155849595,0.01884578068774953,58.20724783995881,3088.608999774455,3030.401751934496,Layer1
808902642,847863009,[],2.9006979088727576,167.12237602688452,0.01735672970809205,0.08293259214340869,216.49020811299243,2610.43580717498,2393.945599061987,Layer2
808908015,847863128,[],146.63129193031398,160.23843939747158,0.9150818772429188,0.055820873338401494,152.38368892197994,2729.8693088907457,2577.4856199687656,Layer1
808913313,847863427,[],196.95955628483702,239.8941358736176,0.8210269732837503,0.07210066629931215,196.95955628483713,2731.7300434811123,2534.770487196275,Layer1
808914243,847863427,[],207.4747993216191,237.0966635609505,0.875064187768646,0.07669297630333045,207.4747993216191,2705.264671187488,2497.789871865869,Layer1
839222460,847864869,[],127.60761758924113,242.67373298239852,0.5258402548185827,0.03734731719536054,134.58672575519677,3603.651771054542,3469.0650452993455,Layer1
853709208,853808929,No soma centers found.,,,,,,,,
853712464,853809493,[],216.00983305719558,224.95855959354012,0.9602205554991404,0.07869750955034217,217.64299848926586,2765.5639896716343,2547.9209911823687,Layer1
852671126,859056731,[],179.75233166659066,261.56806899447196,0.6872105313068224,0.05486682641973203,183.68516723324583,3347.8365566116695,3164.1513893784236,Layer1
852671167,859056848,[],260.06003949271843,301.8083965792037,0.8616726454277781,0.07555977486383156,266.8509748475617,3531.653916762742,3264.8029419151803,Layer1
852678622,859056848,[],176.4491443225292,309.5193554166367,0.5700746697569694,0.0486192774461904,180.40982420000176,3710.664445798709,3530.254621598707,Layer1
854564004,859057112,[],146.12257037512884,168.77982862296668,0.8657584947639012,0.06179360779948626,146.12257037512884,2364.687474621666,2218.564904246537,Layer1
854629312,859057187,[],101.3501062979356,172.68801306760832,0.5868971707854237,0.046400698645526255,105.192950626913,2267.05531807882,2161.862367451907,Layer1
854643458,859057187,[],69.42575474141131,192.1528733378754,0.36130479620429773,0.03135316937011454,70.94621838358145,2262.8085073659736,2191.8622889823923,Layer1
854543457,859057187,[],131.8059193423147,177.79521339666502,0.7413355895484812,0.05776599302325182,131.8059193423148,2281.721692021474,2149.9157726791595,Layer1
854615463,859057235,[],121.41907432119993,195.89274498948868,0.6198242529488016,0.05325934475028906,125.83404002843096,2362.6659437590624,2236.8319037306314,Layer1
854622053,859057235,[],105.71541541192832,210.49182803349012,0.502230497020096,0.04641508701694661,109.4761467163468,2358.632801364263,2249.156654647916,Layer1
854528751,859057235,[],129.81429419968725,199.98841156608677,0.6491090817869201,0.05956541521901895,132.08483784221866,2217.4753144345514,2085.3904765923326,Layer1
855382319,859057273,[],16.106245086029855,256.6884009179263,0.06274629094432543,0.008815740639750979,21.980526890018947,2493.327309438613,2471.346782548594,Layer1
857469556,863432427,[],160.21604382088685,201.67609842152325,0.7944225670511499,0.05831891408411536,160.21604382088665,2747.239833543567,2587.0237897226802,Layer1
857650458,863434130,[],188.82794767402657,274.141428666995,0.6887975618723414,0.07844546274859006,193.79452020781588,2470.436318655014,2276.641798447198,Layer1
857618578,863434130,[],39.744032448202326,173.54939692542052,0.22900703288114305,0.12015878432955915,286.88069049193257,2387.5132566679913,2100.632566176059,Layer2
857657437,863434231,[],90.68974891226456,216.18356398910993,0.41950344068170226,,90.68974891226456,,,Layer1
868257910,876744930,[],178.9359823169096,223.53267161111498,0.8004914048010338,0.07432134553118151,185.2934289613624,2493.1387831726292,2307.845354211267,Layer1
868240930,876746685,[],5.24686956773048,99.41447849146955,0.05277772058303054,0.07690092403091862,222.05144071939299,2887.5002936260616,2665.448852906669,Layer2
868243321,876747843,[],205.0328058909751,226.86390006178144,0.9037700834515271,0.077023765421176,206.45076979402376,2680.3515598740723,2473.9007900800484,Layer1
880145096,888130329,[],191.80567631145175,237.90597318567652,0.8062247187116851,0.06049777887656212,194.50814061735312,3215.1286250396365,3020.6204844222834,Layer1
880175286,888130329,[],216.6724158990572,242.18043290099297,0.8946735015030557,0.06693965822502924,218.89561772360486,3270.0438503547384,3051.1482326311334,Layer1
880290357,888130329,[],184.03906455787413,300.1880880727503,0.6130791722597349,0.057523331074985966,187.90406270275676,3266.571305785643,3078.667243082886,Layer1
880301817,888130329,[],122.00449318405613,269.59552694598545,0.45254642970578746,0.03859444639969375,137.652479703661,3566.6395697996923,3428.9870900960314,Layer1
880209298,888130329,[],138.05440362428547,170.24785291452494,0.8109024652052288,0.046186971299029,154.93719156018687,3354.564874086995,3199.6276825268083,Layer1
880294329,888130329,[],205.61457569741484,327.6241828377972,0.6275927921938904,0.0646907691832577,208.449773956835,3222.2491182062317,3013.7993442493967,Layer1
880343629,888131141,[],233.54029163168042,269.04975569298267,0.8680189693172489,0.07165209696708616,233.54029163168022,3259.3643663905386,3025.8240747588584,Layer1
880352738,888131141,[],115.51414385478942,246.94907419045126,0.4677650411667589,0.03623709314296025,115.51414385478942,3187.7320677757025,3072.217923920913,Layer1
880463055,888133662,[],102.12852854871852,255.89698279417246,0.3991001669248454,0.02666002180097666,102.12852854871852,3830.7743823741794,3728.645853825461,Layer1
880463884,888133662,[],111.01751630401907,288.4756000020253,0.38484196342165383,0.02978494012636041,111.82649489897862,3754.464317355112,3642.6378224561336,Layer1
880167933,888133662,[],132.2109328783017,244.0647597540373,0.5417043124601059,0.03152776042229642,132.21093287830178,4193.476831446685,4061.2658985683825,Layer1
880209093,888133662,[],99.27828922907231,221.8045110009395,0.44759364352446285,0.024254899396112597,99.27828922907231,4093.1231091803224,3993.84481995125,Layer1
880478829,888133662,[],106.94223231404872,319.1388012466441,0.33509630260031964,0.029631701367436602,112.10138591039866,3783.1572517665527,3671.055865856154,Layer1
880238289,888133662,[],108.61081564174906,227.56334549340136,0.4772772847325644,0.02679641405558539,108.61081564174906,4053.184706597353,3944.573890955604,Layer1
880462484,888133662,[],108.44637656437297,263.11855034240375,0.41215785212881634,0.02752748958509102,108.57162032125902,3944.1162982062037,3835.5446778849446,Layer1
880991732,888140759,[],183.002815432602,243.3874637841634,0.7518991018982364,0.06684960047638303,183.0199039757524,2737.786055137467,2554.766151161715,Layer1
896248509,902222448,No soma centers found.,,,,,,,,
896248557,902222448,No soma centers found.,,,,,,,,
896248627,902222448,No soma centers found.,,,,,,,,
896248687,902222448,No soma centers found.,,,,,,,,
882787642,902226454,No soma centers found.,,,,,,,,
882787973,902226454,No soma centers found.,,,,,,,,
896249741,902227038,No soma centers found.,,,,,,,,
902487067,911375484,[],99.11448402663302,320.0804674819617,0.30965489649011047,0.029251856007129838,99.11448402663302,3388.314368923288,3289.199884896655,Layer1
902498859,911375484,[],98.02758748467683,307.6052333462207,0.31867984305177044,0.029447186865060135,98.7163521479608,3352.3185966904825,3253.602244542522,Layer1
902511379,911376152,[],169.7869233997042,270.75927181979193,0.62707704249075,0.049757429025380946,170.80753824073776,3432.8047406470687,3261.997202406331,Layer1
902449467,911376152,[],101.76016092054576,215.00023725027967,0.47330255176457203,0.03301334612212087,103.493962103041,3134.9128234442737,3031.4188613412325,Layer1
907597822,914341668,[],485.134138982166,949.7054991733083,0.5108258711826577,0.2992565804620274,911.7127381782713,3046.5921142675033,2134.879376089232,Layer3
907564709,914341668,[],142.28131626656375,205.2615518568146,0.6931708105072483,0.12247271348663408,374.44210534787914,3057.351263706127,2682.909158358248,Layer2
911007428,917346371,[],91.85340057317366,253.88250031827425,0.3617949266216602,0.03005148783442804,98.01849450594356,3261.6852465337884,3163.6667520278447,Layer1
911052828,917346467,[],219.01735183958368,313.7053162158411,0.6981627040355652,0.07100401044416016,238.416700615689,3357.7920334962987,3119.3753328806097,Layer1
911130426,917346467,[],150.835953724221,266.6890709024381,0.5655873081480747,0.0509413527695711,161.96452586134038,3179.431190097625,3017.4666642362845,Layer1
911043548,917347069,[],98.54095686502997,260.87119273038985,0.37773797801764936,0.035837296510269546,104.84131665000147,2925.480626585717,2820.6393099357156,Layer1
911011243,917347069,[],150.65328993159244,253.6608170264414,0.5939162843423644,0.0528431138613243,158.7282051431825,3003.7632823783147,2845.035077235132,Layer1
923103580,932857653,[],61.49103619679434,166.62787745142936,0.36903210397502945,0.01750397397966814,62.79046801026777,3587.212142979786,3524.4216749695183,Layer1
923113598,932857653,[],92.23285958065074,196.68224063937302,0.46894350644379945,0.032764737733971164,103.1695448079465,3148.798126986933,3045.6285821789866,Layer1
933081732,941621429,[],226.93969109072927,296.95513671856475,0.7642221434472384,0.07230287259896241,230.94887009251792,3194.186645577788,2963.23777548527,Layer1
933108223,941621429,Missing soma center,,,,,,,,
808941740,952846657,[],234.13171717351037,249.885656719392,0.9369554069140813,0.08914684059499531,243.96624505989777,2736.678534332646,2492.7122892727484,Layer1
808941904,952846657,[],169.13615043903786,247.89809237445002,0.6822809680340651,0.07539849907264065,175.91707694226062,2333.1641757586985,2157.2470988164378,Layer1
847865964,952860636,No soma centers found.,,,,,,,,
847870571,952862008,[],189.5658331176284,255.56894306526544,0.7417404902332689,0.0554397807015209,190.81544016067423,3441.8505583201113,3251.035118159437,Layer1
847870440,952862008,[],271.01129365759994,313.75131098638064,0.8637774063974,0.07373604769907692,271.8908136015676,3687.3526868591753,3415.4618732576077,Layer1
965241743,971478149,[],113.64645634812861,177.9855016424581,0.6385152459014587,0.04670342267095986,113.64645634812861,2433.3646197368284,2319.7181633887,Layer1
977186294,985681643,[],143.9802182235372,223.02454548039884,0.6455801441648553,0.04691852832870421,148.53786022440818,3165.867846147562,3017.329985923154,Layer1
971847307,992741138,[],199.84391704038882,213.4172891795878,0.9363998474941869,0.08722535203343093,206.18122803006023,2363.776393255908,2157.5951652258477,Layer1
971847442,992741138,[],91.47665262493973,221.6309289321661,0.4127431720188192,0.04442110768586817,94.60789358035758,2129.7959125511743,2035.1880189708165,Layer1
971848512,992744056,No soma centers found.,,,,,,,,
987397387,992744176,[],73.19860879077217,181.56529369105772,0.4031530878105108,0.02328321184901224,75.08244085568587,3224.7458530456634,3149.6634121899774,Layer1
987401516,992744176,Missing soma center,,,,,,,,
992383738,993485890,No soma centers found.,,,,,,,,
992383854,993485890,No soma centers found.,,,,,,,,
992386355,993486205,[],184.52339708987918,235.67265834344337,0.7829648054505123,0.07541718567673894,185.33843690504517,2457.509322867897,2272.170885962852,Layer1
992032198,994874148,[],113.0301569375069,265.2562944766336,0.42611677570374756,0.04010671671908487,113.0301569375069,2818.2351033417117,2705.2049464042047,Layer1
992024771,994874148,[],25.38757744126515,284.64732971889094,0.08918958581602417,0.01082394736446422,28.871531389485146,2667.375442370721,2638.503910981236,Layer1
992002179,994874215,[],126.46962775603424,220.5526203027665,0.573421560725152,0.05366463917616037,137.61970044161998,2564.4391270360998,2426.81942659448,Layer1
992028544,994874215,[],92.73872375411469,231.1131726468476,0.4012697445671955,0.03451963227302006,92.7387237541149,2686.550164284278,2593.811440530163,Layer1
992017083,994874215,[],100.44900522316037,224.97968394007364,0.4464803375309048,0.0373443868954193,100.4490052231606,2689.8019642004556,2589.352958977295,Layer1
992007032,994874215,[],168.43999889391947,232.60138743316273,0.7241573266295334,0.06558949296027937,170.94840511576123,2606.33826243003,2435.389857314269,Layer1
1000307421,1000583626,[],78.93265281681933,176.19178834451222,0.44799280124497254,0.03202656977275225,78.93265281681933,2464.5990306453023,2385.666377828483,Layer1
1000307526,1000583626,Missing soma center,,,,,,,,
1000308872,1000583675,[],228.88414421788278,236.45539906568027,0.967980198897068,0.09678188851130211,234.98628237805653,2427.9985232011154,2193.012240823059,Layer1
1000244495,1003261217,[],125.19269192814369,210.20026794259672,0.595587689556763,0.04265174463088112,126.80425314457585,2973.0144509203933,2846.2101977758175,Layer1
1001441596,1004813868,[],127.4952168317714,296.91648468949893,0.4293975693707266,0.044779024919379656,130.78616978607513,2920.701601286386,2789.9154315003107,Layer1
1001483877,1004813868,[],171.65762113948642,339.0483381054507,0.5062924717421784,0.05829122542380038,174.39542676349177,2991.7955146004856,2817.400087836994,Layer1
1001478009,1004813868,[],174.96754425906423,296.0333660269369,0.591039944609296,0.06154186599567697,177.6380606793075,2886.4588001245484,2708.8207394452406,Layer1
1001422905,1004813868,[],161.70485705022475,268.3308074747855,0.6026324691227257,0.055443800968333345,163.75452330465203,2953.522674215287,2789.768150910635,Layer1
1001469892,1004813868,[],89.70989669758988,284.0051232922544,0.3158742196536865,0.03322379648784208,95.49790312221295,2874.3826178070726,2778.88471468486,Layer1
1001425139,1004813868,[],163.75883413863414,273.44425209676814,0.5988746623230616,0.05603846555462767,164.8450798675594,2941.641571303632,2776.7964914360728,Layer1
1006066563,1006128774,No soma centers found.,,,,,,,,
1006066617,1006128774,No soma centers found.,,,,,,,,
1006066675,1006128774,No soma centers found.,,,,,,,,
1004840721,1006128917,[],165.64786722070795,204.36366105056675,0.8105544125074216,0.07869962284077625,167.71409346484697,2131.0660383235036,1963.3519448586565,Layer1
1004840833,1006128917,[],128.5300017394215,168.4346133725048,0.7630854440539991,0.05948564623756227,128.5300017394217,2160.6893405196174,2032.1593387801956,Layer1
1005083233,1008132160,[],222.30701562970555,297.4112219626021,0.7474735289499583,0.07730686313279944,223.69961607706495,2893.657910977306,2669.958294900241,Layer1
1005040181,1008132430,[],259.60955256435636,350.89035268358805,0.7398594762690918,0.08285521540002751,260.38489086489056,3142.649374668141,2882.26448380325,Layer1
1005045365,1008132430,[],309.8604021223579,344.18922400155276,0.9002617761239382,0.09826793596512194,309.8604021223579,3153.2198074490557,2843.359405326698,Layer1
1005068102,1008132430,[],183.07168331602446,321.15391439680207,0.5700434436861014,0.05986174348661315,186.55570103019707,3116.442825824417,2929.8871247942197,Layer1
1005054510,1008132430,[],299.34546488849566,310.2996117230437,0.9646981613231114,0.0998782062636253,309.9420429589289,3103.1999327345434,2793.2578897756143,Layer1
1005077560,1008132430,[],197.97854202256653,315.21385698132514,0.6280768996595724,0.06718093861306774,208.14628249669707,3098.2937540591215,2890.1474715624245,Layer1
1005131537,1008132604,[],284.1736540809579,325.51876374253993,0.8729870155986375,0.09584184004531295,284.30093657744715,2966.355158071181,2682.054221493734,Layer1
1005097706,1008132604,[],237.61131023643486,270.81755460786417,0.8773851849467035,0.07872214330915547,237.61131023643486,3018.354178992487,2780.7428687560523,Layer1
1005134890,1008132604,[],314.3857835916754,325.44540131816433,0.9660169795557297,0.1045196284480623,322.74100389480066,3087.8506619948093,2765.109658100009,Layer1
1005127787,1008132604,[],149.1729644715405,292.99023803345415,0.509139708792986,0.04960603867597816,149.1729644715405,3007.153331591822,2857.9803671202812,Layer1
1005108908,1008132604,[],238.41133906204726,315.82840350950835,0.7548761809033102,0.08513493520254778,251.50002086236768,2954.1341667085826,2702.634145846215,Layer1
1005116394,1008132604,[],285.60679244565557,341.680105674556,0.8358894407440004,0.09965275986615671,293.2551928749453,2942.770408655168,2649.5152157802227,Layer1
1009237682,1028013430,[],97.47133772658442,171.19475959270318,0.5693593539807099,0.041362263123320336,102.14401577748205,2469.4977514393436,2367.3537356618617,Layer1
1009830894,1028013873,[],136.66678556776753,193.43403624177586,0.7065291518652169,0.05693538067449028,136.66678556776773,2400.3841539080263,2263.7173683402584,Layer1
1009830798,1028013873,Missing soma center,,,,,,,,
1009830850,1028013873,Missing soma center,,,,,,,,
1009830462,1028014035,[],152.13071571181936,247.74704118905993,0.6140566401183611,0.06073608005079857,158.3588385473077,2607.3272824795276,2448.96844393222,Layer1
1010240295,1030459145,[],167.01969052969778,290.1890861592933,0.5755546934594769,0.05900807688881868,168.30136105089406,2852.174988993501,2683.8736279426066,Layer1
1010235793,1030459145,[],,,,0.4083055513250727,1184.0611602987287,2899.9389218591296,1715.8777615604008,
1010273140,1030459329,[],79.53084512184871,232.07292167753167,0.3426976510097023,0.02905891513804786,81.43448059302673,2802.3923194022377,2720.957838809211,Layer1
1010250639,1030459329,[],147.38352822111912,268.1140598766078,0.5497045857608078,0.050693963717093116,147.383528221119,2907.3190852390157,2759.935557017897,Layer1
1030886081,1032346570,[],213.131709776865,236.31779757454387,0.9018859855853003,0.07937474730531549,213.83187956753164,2693.9535157828714,2480.1216362153395,Layer1
1030887028,1032346650,[],132.52798399373606,194.40819092545505,0.6816995897284663,0.053355436451302266,141.29923557102504,2648.26313809633,2506.963902525305,Layer1
1030890136,1032347336,[],168.04249750918825,211.5534578072707,0.794326404545362,0.05990835352974064,170.29230000039215,2842.5468230545343,2672.2545230541423,Layer1
1030888833,1032347450,[],258.5190629781311,284.89969482806345,0.9074037904257741,0.10439277466493611,265.1343157932677,2539.7764993243554,2274.6421835310875,Layer1
1031689414,1032347779,[],121.38418377010733,215.59001091391488,0.5630325044075258,0.04619124195224335,125.31317981379527,2712.920772802673,2587.607592988878,Layer1
1031694129,1032347824,[],154.61700923444184,205.28328444378587,0.7531885007265736,0.05895926415124697,158.66298388515892,2691.061127868626,2532.398143983467,Layer1
1031694285,1032347824,[],150.6592376605464,192.63215675752832,0.7821084506165061,0.0543854287978492,156.43973241913744,2876.500854679741,2720.061122260604,Layer1
1031695167,1032347984,[],114.45841328107981,153.49359277414123,0.7456885412116199,0.04183030977207411,116.70034844783159,2789.8514040108944,2673.151055563063,Layer1
1031695427,1032347984,[],110.11878905964838,211.72538816549513,0.5201019585500726,0.049677052879799864,111.83551978558427,2251.251096883403,2139.4155770978186,Layer1
1036182166,1041275747,[],143.13638271284862,204.4793532288387,0.700004085755595,0.07061064716032814,165.85707479375571,2348.896115017351,2183.0390402235953,Layer1
1038297171,1041278605,No soma centers found.,,,,,,,,
1038297291,1041278605,No soma centers found.,,,,,,,,
1038297508,1041278605,No soma centers found.,,,,,,,,
1038295890,1041278678,[],264.71324260578734,282.07809609386413,0.9384395536961563,0.09913220694928518,273.2455066996095,2756.3746950514133,2483.129188351804,Layer1
1038298499,1041278821,[],250.26761569889982,318.20962026284053,0.7864866420197455,0.10112508575088872,252.20726074353848,2494.0128245213577,2241.8055637778193,Layer1
1038298740,1041278964,No soma centers found.,,,,,,,,
1038298745,1041278964,No soma centers found.,,,,,,,,
1049224364,1052504427,No soma centers found.,,,,,,,,
1049225370,1052504492,[],137.36963966852312,171.13359328698039,0.8027041157148076,0.12472353158142759,452.5024519132649,3628.0439318529243,3175.5414799396594,Layer2
1049225107,1052504492,Missing soma center,,,,,,,,
1049225574,1052504492,Missing soma center,,,,,,,,
1049226021,1052504559,No soma centers found.,,,,,,,,
1060968867,1066965035,No soma centers found.,,,,,,,,
1053917889,1082725490,No soma centers found.,,,,,,,,
1055421083,1082725829,No soma centers found.,,,,,,,,
1061652164,1082726425,No soma centers found.,,,,,,,,
1061652940,1082726466,No soma centers found.,,,,,,,,
1061653248,1082726506,No soma centers found.,,,,,,,,
1099064600,1099168514,No soma centers found.,,,,,,,,
1096598633,1099364669,No soma centers found.,,,,,,,,
1098343677,1100780693,No soma centers found.,,,,,,,,
1089231228,1112559164,[],178.28031397448174,257.55992100071205,0.692189659329756,0.0510182921501791,180.9219890978767,3546.2180616573532,3365.2960725594767,Layer1
1089232011,1112559164,[],109.64912881265167,272.6944660007533,0.4020951742099114,0.031018963073144556,109.90574644042624,3543.1792539699654,3433.273507529539,Layer1
1089231177,1112559164,[],112.96118513580882,226.32110688492853,0.49911909097034945,0.036181883401284295,121.05623816803738,3345.769395844674,3224.7131576766365,Layer1
1089233940,1112559213,No soma centers found.,,,,,,,,
1089235110,1112559213,No soma centers found.,,,,,,,,
1089235826,1112559260,[],136.37947409310576,251.05210607471884,0.5432317466897335,0.04870115357769686,136.16969210242272,2796.0260096340485,2659.856317531626,Layer1
1089235664,1112559260,[],106.41688956494022,206.97612013833157,0.5141505671949835,0.037534811649924386,106.41688956494022,2835.1518200612736,2728.7349304963336,Layer1
1089241805,1112559303,[],303.86928138752523,316.8583976599507,0.9590065582343654,0.1273034431765015,307.78260380561915,2417.708399127037,2109.925795321418,Layer1
1104539084,1112559441,No soma centers found.,,,,,,,,
1124283308,1124082728,No soma centers found.,,,,,,,,
1121208693,1124088588,No soma centers found.,,,,,,,,
1110816804,1124089214,No soma centers found.,,,,,,,,
1122718478,1125260695,No soma centers found.,,,,,,,,
1122740229,1125260695,No soma centers found.,,,,,,,,
1122746005,1125260695,No soma centers found.,,,,,,,,
1122871283,1125260724,No soma centers found.,,,,,,,,
1122753415,1125260833,No soma centers found.,,,,,,,,
1122759850,1125260833,No soma centers found.,,,,,,,,
1129918544,1132227656,No soma centers found.,,,,,,,,
1108736042,1138477490,No soma centers found.,,,,,,,,
1121206986,1138477577,No soma centers found.,,,,,,,,
1121207105,1138477577,No soma centers found.,,,,,,,,
1121207150,1138477577,No soma centers found.,,,,,,,,
1121207190,1138477577,No soma centers found.,,,,,,,,
1126879805,1138477668,No soma centers found.,,,,,,,,
1126879987,1138477668,No soma centers found.,,,,,,,,
1126880065,1138477668,No soma centers found.,,,,,,,,
1126880187,1138477711,[],225.3021939659432,235.09308343030378,0.9583531368873163,0.09312890278309688,225.3021939659432,2419.2510298407174,2193.948835874774,Layer1
1126880246,1138477711,[],172.51772999784467,262.98105971807746,0.6560081938326211,0.0715617185488549,175.10991352156563,2446.9774772390183,2271.867563717453,Layer1
1151733448,1152980615,No soma centers found.,,,,,,,,
1151275429,1152981333,No soma centers found.,,,,,,,,
1144802412,1157548512,No soma centers found.,,,,,,,,
1144802077,1157548572,No soma centers found.,,,,,,,,
1144802167,1157548630,No soma centers found.,,,,,,,,
1144802215,1157548630,No soma centers found.,,,,,,,,
1144802276,1157548630,No soma centers found.,,,,,,,,
1144802625,1157548700,No soma centers found.,,,,,,,,
1144802965,1157548819,No soma centers found.,,,,,,,,
1144803072,1157548819,No soma centers found.,,,,,,,,
1156108096,1157549445,No soma centers found.,,,,,,,,
1154338548,1158197341,No soma centers found.,,,,,,,,
