"","myAUC","avg_diff","power","avg_log2FC","pct.1","pct.2","cluster","gene"
"Cnr1",0.016,-1.83901997414136,0.968,-2.58739876612292,0.988,1,"LAMP5","Cnr1"
"Egln3",0.042,-2.76229602329648,0.916,-3.66088052507751,0.181,0.982,"LAMP5","Egln3"
"Cplx2",0.045,-1.91303115124414,0.91,-2.7598400697801,0.699,1,"LAMP5","Cplx2"
"Mpped1",0.951,2.32602945965441,0.902,3.39535951484813,0.986,0.389,"LAMP5","Mpped1"
"Npy",0.948,2.95777051289765,0.896,4.25636863145783,0.998,0.839,"LAMP5","Npy"
"Cxcl14",0.054,-2.12953285106158,0.892,-2.88397372904448,0.465,0.99,"LAMP5","Cxcl14"
"Vstm2a",0.058,-1.17704878876079,0.884,-1.61019404211971,0.998,1,"LAMP5","Vstm2a"
"Tox3",0.942,3.14934110510811,0.884,4.54189459399601,0.914,0.118,"LAMP5","Tox3"
"Lamp5",0.939,1.60311019200776,0.878,2.33405432961035,0.994,0.593,"LAMP5","Lamp5"
"Adarb2",0.062,-1.18639102665495,0.876,-1.72779505816825,0.993,1,"LAMP5","Adarb2"
"Nrxn3",0.066,-1.16654677380458,0.868,-1.65102649025655,0.999,1,"LAMP5","Nrxn3"
"Gng2",0.07,-1.00283841204556,0.86,-1.44594801451919,0.996,1,"LAMP5","Gng2"
"Npas3",0.071,-1.81579613323855,0.858,-2.55167290297847,0.363,1,"LAMP5","Npas3"
"Fgf13",0.928,1.1542482348779,0.856,1.65326388504113,0.999,0.944,"LAMP5","Fgf13"
"Map1b",0.073,-0.890697714107689,0.854,-1.22260124557657,0.999,1,"LAMP5","Map1b"
"Alcam",0.073,-2.19627050646976,0.854,-2.98400764689368,0.476,0.977,"LAMP5","Alcam"
"Elmod1",0.074,-0.716594523186541,0.852,-1.01314207564706,0.999,1,"LAMP5","Elmod1"
"Npas1",0.078,-3.05097218559437,0.844,-4.38576840519063,0.141,0.895,"LAMP5","Npas1"
"Rgs12",0.083,-2.49202636421551,0.834,-3.41525640249198,0.448,0.954,"LAMP5","Rgs12"
"Nxph1",0.915,2.33191026292308,0.83,3.353994013159,0.922,0.269,"LAMP5","Nxph1"
"Caln1",0.915,2.85657740715525,0.83,4.08250957102969,0.886,0.279,"LAMP5","Caln1"
"Sv2c",0.914,2.90138666058051,0.828,4.14229042028831,0.853,0.102,"LAMP5","Sv2c"
"Fxyd6",0.086,-1.92833248183397,0.828,-2.63809892733027,0.735,1,"LAMP5","Fxyd6"
"Nyap2",0.911,1.77846642177266,0.822,2.52977117261715,0.984,0.783,"LAMP5","Nyap2"
"Tnnt1",0.91,3.02412020915666,0.82,4.32283274757055,0.872,0.125,"LAMP5","Tnnt1"
"Sorcs1",0.091,-2.33544900652649,0.818,-3.2938337942014,0.195,0.918,"LAMP5","Sorcs1"
"Cyp46a1",0.902,1.09045429153001,0.804,1.56621379191638,0.998,0.957,"LAMP5","Cyp46a1"
"Cox6a2",0.901,3.18105816048628,0.802,4.56788283541396,0.872,0.215,"LAMP5","Cox6a2"
"Dnm3",0.099,-1.0028420773389,0.802,-1.43505768898616,0.985,1,"LAMP5","Dnm3"
"Tox2",0.9,2.37618267219366,0.8,3.34276029813692,0.849,0.192,"LAMP5","Tox2"
"Slc6a1",0.9,0.868209528390682,0.8,1.22800296819056,1,1,"LAMP5","Slc6a1"
"Bcl11a",0.9,1.42514457644835,0.8,2.06491428679521,0.989,0.655,"LAMP5","Bcl11a"
"Atp6ap1l",0.9,3.77544400429539,0.8,5.36436108360892,0.81,0.077,"LAMP5","Atp6ap1l"
"Ralyl",0.1,-1.50687744871969,0.8,-2.18454692226527,0.852,0.985,"LAMP5","Ralyl"
"App",0.1,-0.931851344028765,0.8,-1.35481580970961,1,1,"LAMP5","App"
"Crispld1",0.898,2.19914905036689,0.796,3.14901525931997,0.888,0.21,"LAMP5","Crispld1"
"Tmsb10",0.102,-0.92140671692381,0.796,-1.25689727861313,0.998,1,"LAMP5","Tmsb10"
"Necab1",0.103,-0.959636865091334,0.794,-1.37838581715265,0.949,1,"LAMP5","Necab1"
"Pcdh8",0.104,-1.89723192502386,0.792,-2.72093122929213,0.524,0.954,"LAMP5","Pcdh8"
"Adcy1",0.893,1.24903817170628,0.786,1.78703081645716,0.998,0.811,"LAMP5","Adcy1"
"Kit",0.889,1.30299923400801,0.778,1.88991926529252,0.99,0.836,"LAMP5","Kit"
"Olfm2",0.111,-1.43445326584914,0.778,-2.07935702538327,0.878,0.995,"LAMP5","Olfm2"
"Cck",0.112,-2.05771289294442,0.776,-3.09699842736974,0.656,0.98,"LAMP5","Cck"
"Ddah1",0.117,-2.82792328555401,0.766,-3.70981925627612,0.196,0.844,"LAMP5","Ddah1"
"Mical2",0.882,1.95463342758888,0.764,2.76313351872428,0.928,0.45,"LAMP5","Mical2"
"Basp1",0.118,-0.73097431851568,0.764,-1.01845484114538,0.999,1,"LAMP5","Basp1"
"Pde1a",0.119,-1.90770777069028,0.762,-2.41820293172249,0.275,0.928,"LAMP5","Pde1a"
"Rora",0.88,1.20731766736295,0.76,1.74811989446395,0.996,0.87,"LAMP5","Rora"
"Kctd12",0.124,-3.13305101230884,0.752,-4.51729283607619,0.157,0.824,"LAMP5","Kctd12"
"Rwdd3",0.125,-1.90370769191737,0.75,-2.68054320726473,0.351,0.908,"LAMP5","Rwdd3"
"Nrip3",0.126,-0.88373303507505,0.748,-1.19522170500792,0.973,0.997,"LAMP5","Nrip3"
"Rab3b",0.873,1.40649189257796,0.746,2.00902082409225,0.993,0.877,"LAMP5","Rab3b"
"Akap5",0.873,1.78634656505684,0.746,2.45197819610998,0.988,0.928,"LAMP5","Akap5"
"Pantr1",0.128,-1.80004652816478,0.744,-2.46797917393202,0.605,0.936,"LAMP5","Pantr1"
"Cbln2",0.129,-3.29084156595938,0.742,-5.21946678241373,0.094,0.795,"LAMP5","Cbln2"
"Brinp2",0.87,1.94777588599524,0.74,2.7817568791318,0.918,0.391,"LAMP5","Brinp2"
"Snca",0.13,-0.807271230495865,0.74,-1.12413103773964,1,1,"LAMP5","Snca"
"Galntl6",0.13,-1.31368055673135,0.74,-1.90335277236409,0.759,0.992,"LAMP5","Galntl6"
"Slc35f1",0.131,-1.42018235387724,0.738,-1.991049343584,0.628,0.98,"LAMP5","Slc35f1"
"Kcnip1",0.133,-0.863439560982659,0.734,-1.22412393064448,0.982,1,"LAMP5","Kcnip1"
"Enho",0.133,-1.24807988721817,0.734,-1.78013948019232,0.897,0.982,"LAMP5","Enho"
"Cpne2",0.133,-3.34716567399201,0.734,-4.76837933554626,0.17,0.813,"LAMP5","Cpne2"
"Gabrd",0.863,1.72919296422851,0.726,2.46464594348947,0.889,0.422,"LAMP5","Gabrd"
"Dok5",0.862,1.92149878732761,0.724,2.78857982395065,0.863,0.448,"LAMP5","Dok5"
"Shisa9",0.14,-1.109530610168,0.72,-1.56970653480381,0.855,1,"LAMP5","Shisa9"
"Rpp25",0.141,-0.818580954354776,0.718,-1.1305640919985,0.966,1,"LAMP5","Rpp25"
"Itpr1",0.857,1.59878802308401,0.714,2.22430587687999,0.921,0.499,"LAMP5","Itpr1"
"Rimbp2",0.854,1.23229454786845,0.708,1.74906413660839,0.977,0.683,"LAMP5","Rimbp2"
"Pcdh7",0.146,-1.82975105023949,0.708,-2.46625160931351,0.291,0.882,"LAMP5","Pcdh7"
"Lppr1",0.149,-1.38031537811346,0.702,-2.13515919873294,0.646,0.949,"LAMP5","Lppr1"
"Lin7a",0.85,1.60159962287473,0.7,2.31893349530758,0.894,0.448,"LAMP5","Lin7a"
"Chrm3",0.151,-1.52882108891546,0.698,-2.24442414943134,0.384,0.921,"LAMP5","Chrm3"
"Map2k1",0.848,0.974077927705044,0.696,1.38034247628568,0.993,0.967,"LAMP5","Map2k1"
"BC030500",0.152,-1.13965077677616,0.696,-1.63924550584802,0.652,0.995,"LAMP5","BC030500"
"Hapln1",0.845,1.23682033760961,0.69,1.76155942404904,0.989,0.742,"LAMP5","Hapln1"
"Gda",0.845,1.88821190279372,0.69,2.65609245592529,0.845,0.373,"LAMP5","Gda"
"Asic4",0.155,-1.47155380554642,0.69,-2.02975135406261,0.371,0.928,"LAMP5","Asic4"
"Grem2",0.844,2.47111029609791,0.688,3.46163511818046,0.742,0.107,"LAMP5","Grem2"
"Zdhhc22",0.156,-1.48524348893136,0.688,-1.92900336677539,0.238,0.854,"LAMP5","Zdhhc22"
"Ramp3",0.842,3.81112027568764,0.684,5.47228738323534,0.668,0.026,"LAMP5","Ramp3"
"Fgf9",0.841,0.894800212571139,0.682,1.29874754630153,0.992,0.89,"LAMP5","Fgf9"
"Gria3",0.84,1.20862796286425,0.68,1.66746216322989,0.96,0.627,"LAMP5","Gria3"
"Scg2",0.16,-0.795961462702782,0.68,-1.10367284582475,0.999,1,"LAMP5","Scg2"
"Nr2f2",0.16,-1.03100523074996,0.68,-1.38825107227673,0.908,0.997,"LAMP5","Nr2f2"
"Cplx3",0.836,0.864009209349432,0.672,1.24810622626518,1,0.775,"LAMP5","Cplx3"
"Acot7",0.167,-0.4348515427244,0.666,-0.610901969209166,0.999,1,"LAMP5","Acot7"
"Cort",0.832,2.8800568204691,0.664,4.06567979092325,0.739,0.238,"LAMP5","Cort"
"Tnfaip8l3",0.168,-1.29953791772481,0.664,-1.84662483321883,0.884,0.99,"LAMP5","Tnfaip8l3"
"Htr3a",0.168,-3.83948864361414,0.664,-5.39624227956631,0.239,0.777,"LAMP5","Htr3a"
"Fgf12",0.17,-1.31008596987013,0.66,-1.72749737188576,0.954,0.982,"LAMP5","Fgf12"
"Stmn3",0.829,0.465785684033122,0.658,0.650279673136321,1,1,"LAMP5","Stmn3"
"Nt5dc3",0.828,1.2147691101903,0.656,1.74820866524624,0.969,0.67,"LAMP5","Nt5dc3"
"Rpl21",0.826,0.46564121331637,0.652,0.664086727446322,1,1,"LAMP5","Rpl21"
"Cap2",0.826,1.09268331490875,0.652,1.54990275306537,0.948,0.616,"LAMP5","Cap2"
"Kirrel3",0.176,-1.56430022987486,0.648,-2.30908852853608,0.502,0.923,"LAMP5","Kirrel3"
"Galnt14",0.176,-1.28871324374767,0.648,-1.55035420841034,0.508,0.923,"LAMP5","Galnt14"
"Rapgef4",0.823,0.737484108779205,0.646,1.01382677997568,1,0.977,"LAMP5","Rapgef4"
"Kcnc4",0.823,1.6328172700445,0.646,2.28063817368823,0.839,0.414,"LAMP5","Kcnc4"
"Efna5",0.823,2.02749013604774,0.646,2.83907037062193,0.764,0.179,"LAMP5","Efna5"
"Runx1t1",0.178,-2.44425616314055,0.644,-3.60503923691134,0.062,0.683,"LAMP5","Runx1t1"
"Serp2",0.822,0.527863985032361,0.644,0.779364492948102,1,1,"LAMP5","Serp2"
"Celf6",0.179,-1.04839570370501,0.642,-1.57000181993568,0.789,0.967,"LAMP5","Celf6"
"Gng4",0.182,-1.10171648524877,0.636,-1.66385606606226,0.778,0.99,"LAMP5","Gng4"
"Pcsk1n",0.816,0.596906313501592,0.632,0.856294838936387,1,1,"LAMP5","Pcsk1n"
"Nos1",0.816,2.29482165900227,0.632,3.29173500179095,0.678,0.11,"LAMP5","Nos1"
"Fstl5",0.185,-1.18664256953938,0.63,-1.62431033930245,0.421,0.926,"LAMP5","Fstl5"
"Pde11a",0.815,1.64360895903786,0.63,2.3376747153669,0.822,0.399,"LAMP5","Pde11a"
"Isoc1",0.187,-1.84227210535167,0.626,-2.62678850702971,0.297,0.788,"LAMP5","Isoc1"
"Gad2",0.812,0.563251236778375,0.624,0.794006063216896,1,1,"LAMP5","Gad2"
"Arid5a",0.812,2.09335335819431,0.624,2.90680829543729,0.703,0.215,"LAMP5","Arid5a"
"Rgs7",0.811,1.00177228308136,0.622,1.40393597381634,0.964,0.698,"LAMP5","Rgs7"
"Scn1b",0.81,0.644036924989392,0.62,0.90380069185244,0.997,0.995,"LAMP5","Scn1b"
"Ptprf",0.191,-1.37347302999795,0.618,-2.07931708949278,0.305,0.834,"LAMP5","Ptprf"
"Syt7",0.808,1.49394718868768,0.616,2.13171323735236,0.815,0.281,"LAMP5","Syt7"
"Gabra5",0.808,1.51477136201508,0.616,2.10495415553151,0.829,0.404,"LAMP5","Gabra5"
"Plk2",0.807,0.7638812269819,0.614,1.06491479384222,0.992,0.913,"LAMP5","Plk2"
"Cited2",0.193,-0.921429565423915,0.614,-1.28759968208312,0.951,0.997,"LAMP5","Cited2"
"Ipcef1",0.806,1.70812182685988,0.612,2.47044778313353,0.771,0.263,"LAMP5","Ipcef1"
"Gm16070",0.806,1.55980211729659,0.612,2.09401425781182,0.674,0.153,"LAMP5","Gm16070"
"Gap43",0.194,-0.604191094960973,0.612,-0.846005697575614,0.983,0.997,"LAMP5","Gap43"
"Dusp10",0.805,2.15174112036069,0.61,3.1239750465833,0.679,0.125,"LAMP5","Dusp10"
"Tox",0.803,2.67657244331651,0.606,3.86871641500295,0.566,0.02,"LAMP5","Tox"
"Cdh9",0.197,-1.32721652234454,0.606,-1.84763485680577,0.427,0.898,"LAMP5","Cdh9"
"Npy1r",0.199,-1.5768638756543,0.602,-1.992630914221,0.305,0.798,"LAMP5","Npy1r"
"Elovl4",0.8,0.926601325805837,0.6,1.25823613907124,0.985,0.982,"LAMP5","Elovl4"
"Baiap2l2",0.8,1.67111170070508,0.6,2.33862341142111,0.756,0.338,"LAMP5","Baiap2l2"
"Mtfp1",0.799,0.524234788451791,0.598,0.741644864353084,0.998,0.99,"LAMP5","Mtfp1"
"Epdr1",0.202,-0.798467147781738,0.596,-1.19801352149907,0.946,0.995,"LAMP5","Epdr1"
"Arhgap24",0.202,-1.32784531315002,0.596,-1.84704519808624,0.436,0.882,"LAMP5","Arhgap24"
"Pja1",0.204,-0.514139251192396,0.592,-0.70985195793692,0.995,1,"LAMP5","Pja1"
"Magi3",0.204,-1.22686634439717,0.592,-1.70723620786946,0.624,0.941,"LAMP5","Magi3"
"Alk",0.795,1.73823082343868,0.59,2.46292731775709,0.758,0.256,"LAMP5","Alk"
"Pvrl3",0.205,-1.53268521481108,0.59,-2.11321663677279,0.543,0.9,"LAMP5","Pvrl3"
"Gm9844",0.205,-0.57869941687267,0.59,-0.789206139544874,0.62,0.949,"LAMP5","Gm9844"
"Ociad2",0.794,1.15259472539682,0.588,1.59534078930673,0.922,0.675,"LAMP5","Ociad2"
"Mctp1",0.794,1.19430049458966,0.588,1.70060424540782,0.917,0.596,"LAMP5","Mctp1"
"Hcn1",0.794,0.834034192372266,0.588,1.15285014608795,0.986,0.91,"LAMP5","Hcn1"
"Neto1",0.206,-1.32811869863174,0.588,-1.90274389467132,0.791,0.949,"LAMP5","Neto1"
"Unc5c",0.793,1.43400472528816,0.586,2.06308609341896,0.898,0.609,"LAMP5","Unc5c"
"Mpdz",0.793,1.10889350962857,0.586,1.55598893693554,0.936,0.716,"LAMP5","Mpdz"
"Cacna2d1",0.792,0.909323200148393,0.584,1.32759814152145,0.985,0.885,"LAMP5","Cacna2d1"
"Tbc1d8b",0.208,-1.55965780830788,0.584,-2.20407154896485,0.365,0.818,"LAMP5","Tbc1d8b"
"Ndufa4",0.791,0.365200832001492,0.582,0.515409672059596,1,1,"LAMP5","Ndufa4"
"Dnajc6",0.791,0.681428522739921,0.582,0.977528324296799,0.998,0.969,"LAMP5","Dnajc6"
"Zfp385b",0.209,-0.928872496983911,0.582,-1.37951243287949,0.835,0.99,"LAMP5","Zfp385b"
"Dpp6",0.209,-0.848207376545979,0.582,-1.22873367325658,0.836,0.997,"LAMP5","Dpp6"
"Ache",0.209,-0.861885528154296,0.582,-1.13666574020538,0.889,0.982,"LAMP5","Ache"
"Plch2",0.79,2.57691306844805,0.58,3.69975640929502,0.617,0.051,"LAMP5","Plch2"
"Ndst3",0.79,2.51608488380347,0.58,3.6018548344718,0.643,0.164,"LAMP5","Ndst3"
"March3",0.21,-2.56924483698318,0.58,-3.54502543671578,0.068,0.632,"LAMP5","March3"
"Rab6a",0.787,0.490573326398176,0.574,0.669161944929563,1,1,"LAMP5","Rab6a"
"Atp1a1",0.213,-0.702002363552914,0.574,-1.01581197769104,1,1,"LAMP5","Atp1a1"
"Gm5148",0.784,1.72198493946213,0.568,2.47022095573664,0.802,0.453,"LAMP5","Gm5148"
"Rnf128",0.216,-0.921310648499944,0.568,-1.34851539455019,0.853,0.977,"LAMP5","Rnf128"
"Adcy2",0.216,-3.42227435494952,0.568,-4.42523443371844,0.099,0.611,"LAMP5","Adcy2"
"Ptchd4",0.783,1.14860403085648,0.566,1.6031782093474,0.893,0.56,"LAMP5","Ptchd4"
"Afap1",0.783,0.90259642092968,0.566,1.24751342973382,0.955,0.87,"LAMP5","Afap1"
"Lrfn5",0.217,-0.975452437966056,0.566,-1.39405504614456,0.611,0.949,"LAMP5","Lrfn5"
"Htr2a",0.782,2.09607578523159,0.564,2.93934717983811,0.596,0.072,"LAMP5","Htr2a"
"Cntnap5a",0.218,-2.13236074987416,0.564,-3.15859577430773,0.146,0.678,"LAMP5","Cntnap5a"
"Phyhip",0.781,0.936416402114193,0.562,1.3588602909773,0.953,0.772,"LAMP5","Phyhip"
"Gabbr2",0.781,0.930886635483726,0.562,1.36125178784217,0.964,0.898,"LAMP5","Gabbr2"
"Eif1b",0.781,0.445180703868553,0.562,0.612743417524742,1,1,"LAMP5","Eif1b"
"Pitpnc1",0.219,-1.00239152470614,0.562,-1.58943631878834,0.551,0.939,"LAMP5","Pitpnc1"
"E530001K10Rik",0.219,-1.3258965925407,0.562,-1.93873141216183,0.511,0.895,"LAMP5","E530001K10Rik"
"Poc1a",0.78,1.10177103136528,0.56,1.6234839290323,0.873,0.425,"LAMP5","Poc1a"
"Gdf10",0.78,1.74179828927587,0.56,2.53942866552288,0.711,0.212,"LAMP5","Gdf10"
"Vav2",0.221,-2.07833460738791,0.558,-2.82279824373672,0.119,0.639,"LAMP5","Vav2"
"Morf4l2",0.221,-0.293182395356133,0.558,-0.424025373335306,1,1,"LAMP5","Morf4l2"
"Ggct",0.221,-0.898024126402457,0.558,-1.2148744798372,0.788,0.967,"LAMP5","Ggct"
"Gm3510",0.778,2.39640946764531,0.556,3.46134101681813,0.629,0.136,"LAMP5","Gm3510"
"Mef2c",0.777,0.468685839637909,0.554,0.705796813586572,0.999,1,"LAMP5","Mef2c"
"Stk32c",0.224,-1.45226968436801,0.552,-2.01026309812181,0.505,0.852,"LAMP5","Stk32c"
"Cdh4",0.224,-2.06745367114366,0.552,-3.19640418387705,0.109,0.642,"LAMP5","Cdh4"
"Cacng3",0.225,-0.973367314738255,0.55,-1.31872671243185,0.758,0.936,"LAMP5","Cacng3"
"Gm15688",0.773,1.11340676428137,0.546,1.40823597822389,0.749,0.302,"LAMP5","Gm15688"
"Atp6v1g2",0.773,0.246147797770697,0.546,0.348775770809892,1,1,"LAMP5","Atp6v1g2"
"Sox1",0.772,1.67274850056423,0.544,2.46648985189303,0.686,0.148,"LAMP5","Sox1"
"Rogdi",0.772,0.454328585862133,0.544,0.633419533112539,0.999,0.997,"LAMP5","Rogdi"
"Lmo3",0.772,1.92780935114099,0.544,2.72955421480279,0.671,0.212,"LAMP5","Lmo3"
"Asic1",0.228,-1.4363333272477,0.544,-1.94744766475062,0.371,0.798,"LAMP5","Asic1"
"Syndig1",0.229,-2.2352785138111,0.542,-3.20194362556111,0.096,0.616,"LAMP5","Syndig1"
"Cntnap2",0.23,-0.533434742929654,0.54,-0.754485763549924,0.997,1,"LAMP5","Cntnap2"
"Zfp536",0.768,0.748959223713982,0.536,1.02469481188204,0.992,0.946,"LAMP5","Zfp536"
"Tgfb2",0.768,1.58876972839686,0.536,2.30277209176553,0.713,0.228,"LAMP5","Tgfb2"
"Kcnmb2",0.768,1.30691498328595,0.536,1.79785036660446,0.788,0.394,"LAMP5","Kcnmb2"
"Vamp4",0.232,-0.509869235113118,0.536,-0.683306906317592,0.987,0.997,"LAMP5","Vamp4"
"Ifitm10",0.232,-1.55683154082171,0.536,-2.09369042852229,0.304,0.739,"LAMP5","Ifitm10"
"Grm5",0.767,0.586356417990844,0.534,0.807218123521121,1,0.974,"LAMP5","Grm5"
"Usp29",0.233,-0.878330600444338,0.534,-1.29450934467,0.906,0.99,"LAMP5","Usp29"
"Pcdh20",0.235,-2.18331753534326,0.53,-2.7365380010763,0.188,0.639,"LAMP5","Pcdh20"
"Kcnf1",0.235,-2.8361895663459,0.53,-3.89451293665054,0.117,0.616,"LAMP5","Kcnf1"
"Hivep3",0.235,-0.981197734960546,0.53,-1.24111578854816,0.628,0.905,"LAMP5","Hivep3"
"Cacna2d3",0.235,-1.0604363014086,0.53,-1.42129125436762,0.572,0.887,"LAMP5","Cacna2d3"
"Sept5",0.764,0.589096096247403,0.528,0.824820701395693,0.989,0.972,"LAMP5","Sept5"
"Rgs10",0.764,0.737857663343299,0.528,1.01903185430662,0.986,0.895,"LAMP5","Rgs10"
"Nrcam",0.237,-0.773373817974315,0.526,-1.10329303489067,0.905,0.985,"LAMP5","Nrcam"
"Ncald",0.762,0.621974158866631,0.524,0.879306580776134,1,0.939,"LAMP5","Ncald"
"Ptpn5",0.239,-0.833255305731226,0.522,-1.14985863260833,0.719,0.964,"LAMP5","Ptpn5"
"Oxr1",0.239,-0.516656471792659,0.522,-0.764213117433515,0.993,1,"LAMP5","Oxr1"
"Camk2n1",0.239,-0.844367889958483,0.522,-1.07553527665493,0.848,0.982,"LAMP5","Camk2n1"
"Gprin3",0.24,-2.27264558232473,0.52,-3.41750551563773,0.06,0.581,"LAMP5","Gprin3"
"Gm34843",0.24,-1.07214263158333,0.52,-1.42275903117073,0.234,0.698,"LAMP5","Gm34843"
"Gm2464",0.24,-2.23647660575498,0.52,-3.21740465332394,0.041,0.552,"LAMP5","Gm2464"
"Mfsd4",0.759,0.921419274305826,0.518,1.30713924027948,0.922,0.616,"LAMP5","Mfsd4"
"Pafah1b3",0.241,-0.609470850552576,0.518,-0.858073289960957,0.925,0.995,"LAMP5","Pafah1b3"
"Gabra2",0.241,-1.33484546978666,0.518,-1.86192530439568,0.489,0.826,"LAMP5","Gabra2"
"Camk1g",0.241,-1.20243587297365,0.518,-1.63982748030638,0.474,0.849,"LAMP5","Camk1g"
"Efcab6",0.758,2.96725289285011,0.516,4.36361444832261,0.539,0.043,"LAMP5","Efcab6"
"Oprm1",0.757,1.59089843419895,0.514,2.33375747227492,0.711,0.315,"LAMP5","Oprm1"
"Nfib",0.757,0.598991128124495,0.514,0.846446216918327,0.999,0.995,"LAMP5","Nfib"
"Gm32251",0.243,-2.74147614457439,0.514,-3.91125471752465,0.212,0.632,"LAMP5","Gm32251"
"Grin2a",0.756,1.29223067798056,0.512,1.87571892461239,0.775,0.427,"LAMP5","Grin2a"
"Scube1",0.755,2.2192383671675,0.51,3.1324371992834,0.522,0.043,"LAMP5","Scube1"
"Tcf4",0.245,-0.276315565672798,0.51,-0.400330046485303,1,1,"LAMP5","Tcf4"
"Psip1",0.245,-0.310532703604936,0.51,-0.42192361535645,1,1,"LAMP5","Psip1"
"Ndfip1",0.245,-0.19754964682874,0.51,-0.266528168274283,1,1,"LAMP5","Ndfip1"
"Rxrg",0.246,-1.87608810113497,0.508,-2.58347266282432,0.12,0.604,"LAMP5","Rxrg"
"Dync1i1",0.246,-0.578598784914238,0.508,-0.774211069581394,0.955,1,"LAMP5","Dync1i1"
"Ncdn",0.753,0.595329222667459,0.506,0.810154508754104,0.999,0.995,"LAMP5","Ncdn"
"Cplx1",0.753,0.432290153829777,0.506,0.564605600301373,0.999,1,"LAMP5","Cplx1"
"Prkar2b",0.247,-0.608567306389984,0.506,-0.85242438436172,0.948,0.987,"LAMP5","Prkar2b"
"Robo1",0.248,-1.21162680397684,0.504,-1.59145792639831,0.508,0.841,"LAMP5","Robo1"
"2610001J05Rik",0.248,-0.561324448880026,0.504,-0.801890389738709,0.972,0.997,"LAMP5","2610001J05Rik"
"Htr1f",0.751,3.12969644958038,0.502,4.43888531015823,0.479,0.023,"LAMP5","Htr1f"
"Colgalt2",0.249,-2.44108770073227,0.502,-3.81556066361575,0.025,0.527,"LAMP5","Colgalt2"
"Synpr.1",0.994,3.74232307889357,0.988,5.44173670771671,0.992,0.428,"VIP","Synpr"
"Fxyd6.1",0.992,2.3457774281608,0.984,3.31558788865133,1,0.77,"VIP","Fxyd6"
"Htr3a.1",0.991,4.17858180340366,0.982,6.01160468866669,0.992,0.296,"VIP","Htr3a"
"Cpne2.1",0.991,3.52781334741175,0.982,5.24751078680213,1,0.242,"VIP","Cpne2"
"Cplx3.1",0.014,-3.09443736209493,0.972,-4.4472109443979,0.341,0.999,"VIP","Cplx3"
"Lamp5.1",0.019,-6.75049840535558,0.962,-9.75002786755895,0.129,0.972,"VIP","Lamp5"
"Npas1.1",0.976,2.55732077120752,0.952,3.83264112305125,1,0.234,"VIP","Npas1"
"Bcl11b.1",0.026,-2.64705017630369,0.948,-3.85392391384471,0.242,0.989,"VIP","Bcl11b"
"Cnr1.1",0.973,1.68861514711584,0.946,2.46436165576105,1,0.99,"VIP","Cnr1"
"Bcl11a.1",0.027,-3.57786456449223,0.946,-5.13065504007096,0.235,0.973,"VIP","Bcl11a"
"Enho.1",0.969,1.60947356766584,0.938,2.26953783230658,1,0.907,"VIP","Enho"
"Nrxn3.1",0.968,1.28128859574224,0.936,1.83309455870908,1,0.999,"VIP","Nrxn3"
"Rgs12.1",0.967,2.26561259310248,0.934,3.40401753919996,1,0.511,"VIP","Rgs12"
"Rgs7bp",0.034,-1.51808551768211,0.932,-2.23337947620465,0.992,1,"VIP","Rgs7bp"
"Vip",0.965,8.88298909210105,0.93,11.1969316006025,0.977,0.652,"VIP","Vip"
"Tspan7.1",0.035,-0.884011212674464,0.93,-1.27999706136579,1,1,"VIP","Tspan7"
"Thsd7a",0.961,2.91439424777491,0.922,4.3373038410596,0.977,0.328,"VIP","Thsd7a"
"Adcy1.1",0.042,-2.31526192978152,0.916,-3.38643313083729,0.523,0.993,"VIP","Adcy1"
"Mpped1.1",0.043,-5.55835654796963,0.914,-8.0825461460905,0.061,0.929,"VIP","Mpped1"
"A830018L16Rik",0.047,-1.80004210534064,0.906,-2.58131043208255,0.568,0.998,"VIP","A830018L16Rik"
"Rimbp2.1",0.048,-2.77784759735715,0.904,-4.05112002972754,0.28,0.965,"VIP","Rimbp2"
"Kctd12.1",0.952,2.38774028137866,0.904,3.48677086757651,0.992,0.234,"VIP","Kctd12"
"Ddah1.1",0.95,2.40738134996885,0.9,3.5842335909184,0.992,0.272,"VIP","Ddah1"
"Cxcl14.1",0.95,1.86618876722901,0.9,2.62497308739908,1,0.534,"VIP","Cxcl14"
"Cadps2",0.946,4.54542821130248,0.892,7.21688923458785,0.909,0.061,"VIP","Cadps2"
"Cyp46a1.1",0.056,-1.62884178178214,0.888,-2.36130182982753,0.886,0.997,"VIP","Cyp46a1"
"Cck.1",0.943,2.37340752377022,0.886,3.47254157675374,0.992,0.698,"VIP","Cck"
"Hapln1.1",0.059,-2.7448382656903,0.882,-3.97639078111899,0.5,0.972,"VIP","Hapln1"
"Nap1l5",0.939,0.788803289425497,0.878,1.13944347223898,0.992,0.99,"VIP","Nap1l5"
"Fgf13.1",0.063,-1.54088594412449,0.874,-2.24727157067825,0.879,0.996,"VIP","Fgf13"
"Crtac1",0.064,-2.11742157027004,0.872,-3.06967284153575,0.379,0.987,"VIP","Crtac1"
"Pcp4",0.935,4.97078949043032,0.87,6.87964521040753,0.917,0.301,"VIP","Pcp4"
"Elfn1.1",0.935,3.39229237066099,0.87,4.77318138479691,0.886,0.037,"VIP","Elfn1"
"Chst1",0.935,1.94711224757659,0.87,2.8517401699,0.992,0.782,"VIP","Chst1"
"Olfm2.1",0.931,1.50321583338245,0.862,2.16668301531168,0.992,0.894,"VIP","Olfm2"
"Lppr1.1",0.931,1.63888835723989,0.862,2.33154296962953,0.977,0.685,"VIP","Lppr1"
"Gad2.1",0.072,-0.999815980180992,0.856,-1.4624332760453,1,1,"VIP","Gad2"
"Fgf12.1",0.926,1.32544897512991,0.852,2.01567859855409,1,0.956,"VIP","Fgf12"
"Rora.1",0.074,-1.86946566302276,0.852,-2.74390185433276,0.78,0.985,"VIP","Rora"
"Gm17750.1",0.925,1.84881468707652,0.85,2.65738943082992,0.985,0.593,"VIP","Gm17750"
"Basp1.1",0.925,0.84889497586402,0.85,1.22239801440762,1,0.999,"VIP","Basp1"
"Slc6a1.1",0.076,-1.07457516886334,0.848,-1.53846420866562,1,1,"VIP","Slc6a1"
"Rgs7.1",0.076,-2.16461959273024,0.848,-3.19588369726874,0.326,0.954,"VIP","Rgs7"
"Gad1.1",0.076,-0.714462253124901,0.848,-1.05148334655764,1,1,"VIP","Gad1"
"Adarb2.1",0.923,1.15372519922739,0.846,1.66099059462904,1,0.994,"VIP","Adarb2"
"Cap2.1",0.079,-2.5027079944654,0.842,-3.63515041643806,0.295,0.926,"VIP","Cap2"
"Cplx2.1",0.92,1.5120633327123,0.84,2.28541084909863,1,0.739,"VIP","Cplx2"
"Adra1b",0.919,2.01184196390178,0.838,2.81871628458393,1,0.887,"VIP","Adra1b"
"Nxph1.1",0.081,-6.15068916281665,0.838,-8.88880894327255,0.098,0.847,"VIP","Nxph1"
"Pantr1.1",0.918,1.60260242965467,0.836,2.20494294308569,0.992,0.645,"VIP","Pantr1"
"Serpini1.1",0.083,-1.26370223534794,0.834,-1.76376606596233,1,1,"VIP","Serpini1"
"Egln3.1",0.914,1.82423469960558,0.828,2.70317039533396,0.985,0.286,"VIP","Egln3"
"Lin7a.1",0.087,-4.46265542385853,0.826,-6.49783137581486,0.083,0.859,"VIP","Lin7a"
"Itpr1.1",0.087,-3.24178360062164,0.826,-4.73667378849462,0.152,0.889,"VIP","Itpr1"
"Kcnf1.1",0.911,3.1105117875614,0.822,4.45691089558337,0.909,0.163,"VIP","Kcnf1"
"Cbln2.1",0.91,3.06566602495742,0.82,4.54800282884952,0.902,0.179,"VIP","Cbln2"
"Rapgef4.1",0.09,-1.28966024453061,0.82,-1.89573308394131,0.932,1,"VIP","Rapgef4"
"Gabrd.1",0.09,-3.94934363995222,0.82,-5.72584403377839,0.098,0.849,"VIP","Gabrd"
"Gpr123",0.909,1.50540770524888,0.818,2.08894938198344,0.992,0.745,"VIP","Gpr123"
"Ctxn1.1",0.091,-1.24656178883135,0.818,-1.78594901795889,0.856,0.999,"VIP","Ctxn1"
"Fgf9.1",0.092,-1.46259001958704,0.816,-2.14238721137795,0.758,0.987,"VIP","Fgf9"
"Crispld1.1",0.092,-4.35107761652987,0.816,-6.29391227470795,0,0.813,"VIP","Crispld1"
"Brinp2.1",0.092,-3.35849457421418,0.816,-4.81513932785142,0.121,0.866,"VIP","Brinp2"
"Gng2.1",0.907,0.956881885790611,0.814,1.38581845122548,1,0.996,"VIP","Gng2"
"Cdh9.1",0.907,1.67770655492359,0.814,2.45285741926601,1,0.482,"VIP","Cdh9"
"Ptprm",0.094,-1.8537910960368,0.812,-2.69044241836099,0.455,0.965,"VIP","Ptprm"
"Vstm2l.1",0.904,1.22678570370684,0.808,1.77675872681091,1,0.973,"VIP","Vstm2l"
"Pcdh8.1",0.901,1.61573839348868,0.802,2.25543878883145,0.992,0.578,"VIP","Pcdh8"
"Gm5087",0.901,2.79585294875265,0.802,4.01107386399684,0.811,0.013,"VIP","Gm5087"
"Dennd2a.1",0.901,2.17141169059987,0.802,3.07708402014097,0.955,0.362,"VIP","Dennd2a"
"Tox3.1",0.099,-4.10911316307013,0.802,-5.91035271141397,0.008,0.816,"VIP","Tox3"
"Ociad2.1",0.1,-2.19080372952874,0.8,-3.1086746909437,0.295,0.915,"VIP","Ociad2"
"Map1b.1",0.898,0.821521389556502,0.796,1.14742974287624,1,0.999,"VIP","Map1b"
"Htr2c",0.897,3.73584171107985,0.794,5.15482460074322,0.818,0.059,"VIP","Htr2c"
"Gabrb2.1",0.103,-1.04866608340627,0.794,-1.53225804749922,0.977,1,"VIP","Gabrb2"
"Gabra1",0.103,-1.16039494670642,0.794,-1.74476180220769,0.909,0.998,"VIP","Gabra1"
"Ifitm10.1",0.895,1.70132279190332,0.79,2.70461407969407,0.955,0.347,"VIP","Ifitm10"
"Efhd2",0.895,1.27837569293723,0.79,1.82984339798434,1,0.914,"VIP","Efhd2"
"Mctp1.1",0.105,-2.37491715735937,0.79,-3.40340957941772,0.258,0.897,"VIP","Mctp1"
"1700019L22Rik",0.894,2.37974351241664,0.788,3.11487994976245,0.856,0.162,"VIP","1700019L22Rik"
"Trpc5.1",0.106,-2.06716469862073,0.788,-3.01140593812563,0.364,0.95,"VIP","Trpc5"
"Tnnt1.1",0.106,-4.74776290055305,0.788,-6.77548970549266,0,0.782,"VIP","Tnnt1"
"Gabra4",0.106,-1.3589779705357,0.788,-1.96297325376513,0.811,0.993,"VIP","Gabra4"
"Elmod1.1",0.893,0.680428245916979,0.786,0.965280077960328,1,0.999,"VIP","Elmod1"
"Scn1b.1",0.107,-1.08989607073484,0.786,-1.52968700100247,0.985,0.997,"VIP","Scn1b"
"Camk1g.1",0.892,1.56976928355315,0.784,2.31222194075547,0.97,0.516,"VIP","Camk1g"
"Pld5",0.108,-2.40290658595222,0.784,-3.43303397141581,0.174,0.863,"VIP","Pld5"
"Nfix.1",0.109,-0.868701861777099,0.782,-1.27004142255554,0.985,0.999,"VIP","Nfix"
"Kif5c.1",0.111,-0.888993784631555,0.778,-1.31625147764911,0.992,1,"VIP","Kif5c"
"Npy1r.1",0.887,1.76909329872914,0.774,2.4286521191143,0.955,0.359,"VIP","Npy1r"
"Nrgn.1",0.113,-1.66299382089763,0.774,-2.40899241763444,0.492,0.983,"VIP","Nrgn"
"Frmpd4",0.113,-1.37204545155114,0.774,-1.98280727375129,0.833,0.994,"VIP","Frmpd4"
"Pvrl3.1",0.886,1.850878064109,0.772,2.71790227439974,0.97,0.586,"VIP","Pvrl3"
"Pttg1.1",0.116,-1.25015284019767,0.768,-1.83271354093479,0.818,0.994,"VIP","Pttg1"
"Akap5.1",0.116,-2.47929638042963,0.768,-3.6067610586681,0.886,0.983,"VIP","Akap5"
"Kcnip1.1",0.883,0.83965709723373,0.766,1.16195700046565,1,0.984,"VIP","Kcnip1"
"Hpca",0.118,-0.875583512044931,0.764,-1.21667464266703,0.985,0.998,"VIP","Hpca"
"Gda.1",0.118,-3.45563013303729,0.764,-5.00092923750204,0.091,0.801,"VIP","Gda"
"Npas3.1",0.881,1.34566491188426,0.762,1.99141434772663,1,0.447,"VIP","Npas3"
"Snap25",0.119,-0.417437597426085,0.762,-0.60608630683984,1,1,"VIP","Snap25"
"Tmsb10.1",0.879,0.856019034387603,0.758,1.2564253689335,1,0.998,"VIP","Tmsb10"
"Chn1.1",0.878,0.865389628364032,0.756,1.21823727238501,1,0.963,"VIP","Chn1"
"Adcy2.1",0.878,2.7638663880139,0.756,4.08520945476685,0.833,0.152,"VIP","Adcy2"
"Serp2.1",0.122,-0.727134586030354,0.756,-1.03665654140917,1,1,"VIP","Serp2"
"Id2",0.122,-0.872400962890241,0.756,-1.28712426270494,1,0.999,"VIP","Id2"
"Poc1a.1",0.123,-2.42575038772952,0.754,-3.39328342218517,0.114,0.835,"VIP","Poc1a"
"Stk32c.1",0.876,1.84433695625917,0.752,2.59167680108676,0.932,0.545,"VIP","Stk32c"
"Fam196a",0.875,2.50686561901082,0.75,3.72408160079061,0.795,0.063,"VIP","Fam196a"
"Cntnap4",0.875,2.6383979891606,0.75,4.0564227951109,0.833,0.129,"VIP","Cntnap4"
"Ahi1",0.874,0.809592872914985,0.748,1.17039564469622,1,0.998,"VIP","Ahi1"
"Got1.1",0.126,-0.581156183512527,0.748,-0.840240616502248,1,0.999,"VIP","Got1"
"Grm5.1",0.127,-1.09536113771105,0.746,-1.5816709588842,0.962,0.997,"VIP","Grm5"
"Crh",0.871,6.02523759387541,0.742,9.05249234083413,0.803,0.217,"VIP","Crh"
"Cacna2d3.1",0.871,1.29823714256609,0.742,1.92669112947858,1,0.606,"VIP","Cacna2d3"
"Tox2.1",0.129,-3.96825018411544,0.742,-5.74123461256642,0.03,0.773,"VIP","Tox2"
"Ogfrl1",0.129,-1.43360820602615,0.742,-2.07816372240817,0.977,0.996,"VIP","Ogfrl1"
"Me1",0.87,2.16156934038524,0.74,3.08101779674233,0.826,0.188,"VIP","Me1"
"March3.1",0.87,2.12774589309514,0.74,3.33629650909618,0.848,0.128,"VIP","March3"
"Kirrel3.1",0.87,1.64486308019344,0.74,2.32243643495787,0.97,0.554,"VIP","Kirrel3"
"Fgf1",0.869,3.81164455678397,0.738,5.37160007319867,0.773,0.077,"VIP","Fgf1"
"Mtfp1.1",0.131,-0.743428286250879,0.738,-1.04720298953092,0.97,0.998,"VIP","Mtfp1"
"Rpp25.1",0.868,0.819831428150272,0.736,1.17441692253355,1,0.97,"VIP","Rpp25"
"Sept6.1",0.132,-1.27891187240747,0.736,-1.86979917982091,0.697,0.977,"VIP","Sept6"
"Mgst3",0.132,-0.831569817329165,0.736,-1.23345788665166,0.977,1,"VIP","Mgst3"
"Pde1a.1",0.867,1.61604395303335,0.734,2.39098406343863,0.955,0.36,"VIP","Pde1a"
"Sv2c.1",0.134,-3.39411673383842,0.732,-4.9330564577752,0.008,0.76,"VIP","Sv2c"
"Cited2.1",0.865,1.08270389162402,0.73,1.59949791870571,1,0.957,"VIP","Cited2"
"Mmp17",0.135,-1.69806865085485,0.73,-2.40609037370983,0.538,0.949,"VIP","Mmp17"
"Kctd6.1",0.135,-0.995977085937987,0.73,-1.41313549863999,0.947,0.998,"VIP","Kctd6"
"Tnfaip8l3.1",0.864,1.66076657020994,0.728,2.368112268443,0.977,0.898,"VIP","Tnfaip8l3"
"Epdr1.1",0.864,1.00087348505897,0.728,1.45357412697768,0.992,0.953,"VIP","Epdr1"
"Sdr39u1",0.138,-0.965890389478429,0.724,-1.39205652616776,0.795,0.989,"VIP","Sdr39u1"
"Gabra5.1",0.138,-3.85444925829044,0.724,-5.58344667439811,0.136,0.791,"VIP","Gabra5"
"Pip5k1b",0.139,-1.70086258732972,0.722,-2.51267423688475,0.492,0.959,"VIP","Pip5k1b"
"Gria3.1",0.139,-1.68698603512471,0.722,-2.36886072364959,0.455,0.928,"VIP","Gria3"
"Cox6a2.1",0.139,-3.60517525543767,0.722,-5.28190953601205,0.136,0.791,"VIP","Cox6a2"
"Uchl3",0.86,0.901723569965146,0.72,1.32737617633279,1,0.985,"VIP","Uchl3"
"Slc44a5",0.86,2.73853791667609,0.72,3.97581121189196,0.788,0.11,"VIP","Slc44a5"
"Ngfrap1.1",0.86,0.470068330824892,0.72,0.693522976740232,1,1,"VIP","Ngfrap1"
"Ncald.1",0.141,-1.08180969442416,0.718,-1.59289019602296,0.818,1,"VIP","Ncald"
"Mfsd4.1",0.141,-1.85115213305505,0.718,-2.70784963887164,0.318,0.902,"VIP","Mfsd4"
"Mdh1.1",0.141,-0.372358346949583,0.718,-0.545895626367111,1,1,"VIP","Mdh1"
"Sorcs1.1",0.857,1.47587552855427,0.714,2.37795544089202,0.947,0.288,"VIP","Sorcs1"
"Pcdh20.1",0.856,2.07279491477245,0.712,2.96130995761839,0.848,0.234,"VIP","Pcdh20"
"Gng4.1",0.856,1.24035754993538,0.712,1.88305521748518,0.992,0.806,"VIP","Gng4"
"Nsg2",0.144,-0.585498410688086,0.712,-0.814713336849991,1,0.999,"VIP","Nsg2"
"Nyap2.1",0.145,-1.68003848092605,0.71,-2.46306944366358,0.758,0.959,"VIP","Nyap2"
"Srgap3",0.146,-1.20711668444387,0.708,-1.78014443217346,0.636,0.986,"VIP","Srgap3"
"Pbx1",0.146,-2.05868726393639,0.708,-2.95046041826593,0.242,0.841,"VIP","Pbx1"
"Ndrg4",0.146,-0.676880336336517,0.708,-0.955145698684957,1,1,"VIP","Ndrg4"
"Nell1",0.85,2.6251792567075,0.7,3.89325311066096,0.773,0.125,"VIP","Nell1"
"Fabp5.1",0.85,0.874642713198717,0.7,1.24927538902728,1,0.988,"VIP","Fabp5"
"Cntnap5a.1",0.85,1.86216935808318,0.7,2.997246433755,0.848,0.205,"VIP","Cntnap5a"
"Parm1",0.15,-1.22134150511398,0.7,-1.75324957269538,0.758,0.983,"VIP","Parm1"
"Coro6",0.15,-3.15117866530802,0.7,-4.45195317008391,0.045,0.721,"VIP","Coro6"
"App.1",0.849,0.75660925759215,0.698,1.11066516425901,1,1,"VIP","App"
"Pcp4l1",0.848,1.1647517606662,0.696,1.66320576805989,1,0.993,"VIP","Pcp4l1"
"Asic4.1",0.848,1.34720020392711,0.696,2.04706455148146,1,0.44,"VIP","Asic4"
"Fbxo32.1",0.153,-3.02627533466574,0.694,-4.37745208931785,0.023,0.711,"VIP","Fbxo32"
"Celf2",0.153,-0.786443988219498,0.694,-1.13866874223315,0.985,0.999,"VIP","Celf2"
"Cacng3.1",0.846,1.06098071958468,0.692,1.56024293090346,0.962,0.78,"VIP","Cacng3"
"Acot7.1",0.844,0.524783439238446,0.688,0.741624341853523,1,0.999,"VIP","Acot7"
"Atp6ap1l.1",0.156,-3.75487312250754,0.688,-5.37672911645015,0.03,0.716,"VIP","Atp6ap1l"
"Fam131a.1",0.157,-1.21507901675341,0.686,-1.73996933619158,0.742,0.958,"VIP","Fam131a"
"Dnajc6.1",0.157,-0.952662278292228,0.686,-1.36487561130838,0.924,0.997,"VIP","Dnajc6"
"Cplx1.1",0.157,-0.684236332246062,0.686,-0.983887182613982,1,0.999,"VIP","Cplx1"
"Tac2.1",0.842,3.4311771444713,0.684,5.05294744038946,0.78,0.279,"VIP","Tac2"
"Nptx2",0.842,3.51841301778899,0.684,5.029211422712,0.712,0.061,"VIP","Nptx2"
"Hap1",0.842,1.55748145624421,0.684,2.35138354467278,0.924,0.49,"VIP","Hap1"
"Unc5d.1",0.158,-3.24518259988454,0.684,-4.68863375238349,0.068,0.72,"VIP","Unc5d"
"Tmem218.1",0.158,-1.60670108898602,0.684,-2.25250288155666,0.477,0.867,"VIP","Tmem218"
"Runx1t1.1",0.841,1.92207138854969,0.682,2.83177855204279,0.795,0.136,"VIP","Runx1t1"
"Morf4l2.1",0.841,0.377991222592865,0.682,0.527149204945424,1,1,"VIP","Morf4l2"
"Galnt18",0.841,2.7220626816944,0.682,4.01519562814861,0.742,0.087,"VIP","Galnt18"
"Pdhb.1",0.159,-0.593032797026115,0.682,-0.836065006046477,0.992,0.999,"VIP","Pdhb"
"Ipcef1.1",0.159,-3.83646577848363,0.682,-5.5763951218652,0.045,0.719,"VIP","Ipcef1"
"Abhd6.1",0.159,-1.06837593403269,0.682,-1.5388411151289,0.826,0.971,"VIP","Abhd6"
"Asph",0.16,-1.59798987402978,0.68,-2.2745212860062,0.932,0.971,"VIP","Asph"
"Igf1",0.839,1.21986693190821,0.678,1.76838713218927,1,0.967,"VIP","Igf1"
"Calm1",0.161,-0.30397814324694,0.678,-0.429928786115994,1,1,"VIP","Calm1"
"Sorcs3",0.838,1.35957471926259,0.676,1.94948349764738,0.97,0.647,"VIP","Sorcs3"
"Gpd1.1",0.837,2.14193140106483,0.674,2.96117819120132,0.856,0.346,"VIP","Gpd1"
"Arhgap24.1",0.837,1.38536084842908,0.674,1.89150756290913,0.939,0.491,"VIP","Arhgap24"
"Ache.1",0.837,0.945154824971794,0.674,1.45324460577019,0.992,0.9,"VIP","Ache"
"Ndrg3",0.163,-0.547639434746181,0.674,-0.808195491952306,1,1,"VIP","Ndrg3"
"Kcns3",0.163,-2.49583212565437,0.674,-3.56195520497262,0.106,0.735,"VIP","Kcns3"
"Cacna2d1.1",0.163,-1.32544361709822,0.674,-1.9378217619567,0.758,0.981,"VIP","Cacna2d1"
"Npy2r",0.835,2.61948804797939,0.67,3.86855946948959,0.758,0.156,"VIP","Npy2r"
"Rbfox1",0.165,-1.03078304476794,0.67,-1.5170071608351,0.614,0.993,"VIP","Rbfox1"
"Rgmb",0.834,0.915581894349512,0.668,1.33758886059459,1,0.977,"VIP","Rgmb"
"Ndufa4.1",0.166,-0.458997927368262,0.668,-0.664179939297208,1,1,"VIP","Ndufa4"
"Fstl5.1",0.833,1.18437036103517,0.666,1.7312464220991,0.97,0.484,"VIP","Fstl5"
"Sp9.1",0.167,-2.25737649457443,0.666,-3.14960047264611,0.076,0.707,"VIP","Sp9"
"Nfib.1",0.167,-0.893084720780873,0.666,-1.27035697017098,0.985,0.999,"VIP","Nfib"
"Tmem200a",0.832,2.42957942096429,0.664,3.40404463125172,0.75,0.135,"VIP","Tmem200a"
"Asic1.1",0.832,1.72378979800005,0.664,2.49765600627441,0.879,0.422,"VIP","Asic1"
"Magi3.1",0.831,1.20887152530498,0.662,1.72182350399938,0.985,0.663,"VIP","Magi3"
"Rasgrf2",0.169,-1.48118606368862,0.662,-2.15986178720555,0.553,0.934,"VIP","Rasgrf2"
"Inpp5f.1",0.83,0.85856088848116,0.66,1.21717330673807,1,0.989,"VIP","Inpp5f"
"Celf6.1",0.83,1.06239974301284,0.66,1.48128044087991,0.977,0.812,"VIP","Celf6"
"Camk2n1.1",0.83,1.01886774776248,0.66,1.47914973486319,1,0.865,"VIP","Camk2n1"
"Rgs17",0.17,-1.05699916192506,0.66,-1.53393903087235,0.72,0.985,"VIP","Rgs17"
"Mical2.1",0.17,-1.82851200982206,0.66,-2.68918572681432,0.379,0.869,"VIP","Mical2"
"Vstm2a.1",0.828,0.671026238571459,0.656,0.965130847723897,1,0.998,"VIP","Vstm2a"
"Lancl1",0.173,-0.46978652126127,0.654,-0.702944847268402,1,0.999,"VIP","Lancl1"
"Zdhhc22.1",0.827,1.21199586533287,0.654,1.7629465203753,0.909,0.316,"VIP","Zdhhc22"
"Rap1gap2",0.827,2.44792203693653,0.654,3.40411158415022,0.712,0.091,"VIP","Rap1gap2"
"Chga.1",0.827,0.749308669418378,0.654,1.12517004000213,1,0.958,"VIP","Chga"
"Homer2.1",0.174,-1.46274731560955,0.652,-2.05069270927704,0.674,0.93,"VIP","Homer2"
"Arpc3",0.174,-0.53547830484091,0.652,-0.759000978570341,0.992,1,"VIP","Arpc3"
"Slc35f1.1",0.826,1.10671715268708,0.652,1.74889041873736,0.985,0.674,"VIP","Slc35f1"
"Galnt14.1",0.826,1.16277230860582,0.652,1.63253070422742,0.977,0.559,"VIP","Galnt14"
"Kcnc4.1",0.175,-2.2282376968939,0.65,-3.16344565301715,0.273,0.792,"VIP","Kcnc4"
"Nbea",0.825,1.01047610243498,0.65,1.4834733801125,0.992,0.907,"VIP","Nbea"
"Nap1l1.1",0.825,0.691704323755959,0.65,0.966075009370028,1,1,"VIP","Nap1l1"
"Sepw1",0.177,-0.471512726226042,0.646,-0.658774998886376,1,1,"VIP","Sepw1"
"Pcsk1.1",0.822,2.08448604724408,0.644,3.03569769425076,0.811,0.246,"VIP","Pcsk1"
"Ndnf",0.179,-6.14390563454646,0.642,-8.91060485567693,0.076,0.66,"VIP","Ndnf"
"Kcna1",0.179,-1.61215789058691,0.642,-2.30534214041707,0.447,0.87,"VIP","Kcna1"
"Plcl2.1",0.18,-1.20707063544049,0.64,-1.81310673277311,0.788,0.986,"VIP","Plcl2"
"Rwdd3.1",0.82,1.42494695162265,0.64,2.17824039831059,0.879,0.426,"VIP","Rwdd3"
"Nbl1.1",0.82,1.62388841664952,0.64,2.46451879999912,0.848,0.35,"VIP","Nbl1"
"Atp2b1",0.181,-0.942826825429447,0.638,-1.37509730610726,0.939,0.998,"VIP","Atp2b1"
"Sipa1l1",0.182,-1.20905695082662,0.636,-1.79836201828948,0.682,0.971,"VIP","Sipa1l1"
"Phyhip.1",0.182,-1.23448186991131,0.636,-1.80147981653238,0.636,0.938,"VIP","Phyhip"
"Glra2",0.818,1.85929209428007,0.636,2.6810069866234,0.78,0.208,"VIP","Glra2"
"Ndufs6.1",0.183,-0.470195545320077,0.634,-0.677332011558956,1,1,"VIP","Ndufs6"
"Avpi1.1",0.183,-0.935396142504301,0.634,-1.38525555774381,0.727,0.965,"VIP","Avpi1"
"2610001J05Rik.1",0.817,0.697137735898403,0.634,1.03781684531456,1,0.975,"VIP","2610001J05Rik"
"Nrsn2",0.184,-1.07806573871237,0.632,-1.5035645171515,0.561,0.95,"VIP","Nrsn2"
"Vat1",0.816,1.47531437219866,0.632,2.05191607179178,0.811,0.305,"VIP","Vat1"
"Robo1.1",0.816,1.33588438707769,0.632,1.98119016392805,0.947,0.545,"VIP","Robo1"
"Ptprf.1",0.816,1.22662535616554,0.632,1.89433822773003,0.902,0.37,"VIP","Ptprf"
"Csdc2",0.816,0.744011219712861,0.632,1.05965481663826,1,0.968,"VIP","Csdc2"
"Mgll.1",0.185,-0.866710043679865,0.63,-1.25767151449083,0.894,0.991,"VIP","Mgll"
"Cacna1a",0.185,-1.46321490904875,0.63,-2.11125005826985,0.356,0.867,"VIP","Cacna1a"
"Grm1",0.815,3.09786789786529,0.63,4.7335409895587,0.659,0.03,"VIP","Grm1"
"Gnai1",0.815,0.900610696791331,0.63,1.27711729388109,0.992,0.989,"VIP","Gnai1"
"Npy.1",0.186,-2.13276730974806,0.628,-3.10483727783195,0.909,0.972,"VIP","Npy"
"Il1rapl1.1",0.186,-1.24016441916223,0.628,-1.79885792865724,0.439,0.913,"VIP","Il1rapl1"
"Gm31271",0.814,3.21644626603037,0.628,4.65554518286302,0.629,0.002,"VIP","Gm31271"
"Alcam.1",0.814,1.00942516624398,0.628,1.41648968597842,0.962,0.544,"VIP","Alcam"
"Gpr158",0.187,-1.44256040269033,0.626,-2.11948774512909,0.538,0.908,"VIP","Gpr158"
"Itga8.1",0.812,2.73017712046899,0.624,3.9196937315318,0.674,0.061,"VIP","Itga8"
"Ggct.1",0.812,0.942937028312338,0.624,1.31819516487796,0.977,0.811,"VIP","Ggct"
"Sept5.1",0.188,-0.837470239429188,0.624,-1.20797414631695,0.924,0.99,"VIP","Sept5"
"Alk.1",0.188,-2.20689900009248,0.624,-3.16415459788426,0.091,0.703,"VIP","Alk"
"Oxr1.1",0.81,0.596467648016967,0.62,0.862570471863265,1,0.994,"VIP","Oxr1"
"Zfp428.1",0.19,-0.729584736471693,0.62,-1.06388871265872,0.932,0.995,"VIP","Zfp428"
"Ngef",0.19,-1.18035930720703,0.62,-1.73748765156201,0.583,0.955,"VIP","Ngef"
"Caln1.1",0.19,-2.17065065952087,0.62,-3.18682211189516,0.417,0.797,"VIP","Caln1"
"Atp6v1g2.1",0.19,-0.304807901026097,0.62,-0.441422755726618,1,1,"VIP","Atp6v1g2"
"Pak1",0.191,-0.871929499781086,0.618,-1.27162816857362,0.939,0.991,"VIP","Pak1"
"Cpne8.1",0.191,-1.6726153341183,0.618,-2.38381779163142,0.212,0.783,"VIP","Cpne8"
"Atp6v1e1",0.191,-0.328612248775085,0.618,-0.456967626165886,1,1,"VIP","Atp6v1e1"
"Ppa2",0.192,-0.685292235269879,0.616,-0.973630016263157,0.939,0.995,"VIP","Ppa2"
"LOC101056001.1",0.192,-3.64497903206429,0.616,-5.34089546493579,0.015,0.63,"VIP","LOC101056001"
"Rab3a",0.193,-0.253869092336173,0.614,-0.346935564073084,1,1,"VIP","Rab3a"
"Pja1.1",0.806,0.522254766119057,0.612,0.755839771027794,1,0.996,"VIP","Pja1"
"Pafah1b3.1",0.806,0.736141672132801,0.612,1.05304434692734,0.985,0.935,"VIP","Pafah1b3"
"Hrh2.1",0.806,1.91911295590109,0.612,2.80140690838999,0.78,0.264,"VIP","Hrh2"
"Gm4204.1",0.806,0.619023020759017,0.612,0.919274873099344,0.992,0.991,"VIP","Gm4204"
"Chrm3.1",0.806,1.19223947241982,0.612,1.95270694818131,0.932,0.454,"VIP","Chrm3"
"Stxbp2",0.194,-1.45734523566466,0.612,-2.0722396444944,0.348,0.85,"VIP","Stxbp2"
"Cend1",0.195,-0.43017997564779,0.61,-0.611237335148541,1,0.999,"VIP","Cend1"
"2900055J20Rik",0.195,-0.676322408443515,0.61,-0.939903014495405,0.985,1,"VIP","2900055J20Rik"
"Nrip3.1",0.804,0.625203247662182,0.608,0.935973510347347,0.992,0.977,"VIP","Nrip3"
"Gm16070.1",0.196,-2.21512850413036,0.608,-3.16849754936672,0.008,0.615,"VIP","Gm16070"
"Atf4",0.803,0.528015527017129,0.606,0.709395779589723,1,0.998,"VIP","Atf4"
"Grik1",0.197,-1.622115567717,0.606,-2.41232071417357,0.561,0.914,"VIP","Grik1"
"Mpdz.1",0.198,-1.35511240939957,0.604,-1.92757289473344,0.568,0.917,"VIP","Mpdz"
"Uchl4",0.801,0.658649140152378,0.602,1.02938683742064,1,0.929,"VIP","Uchl4"
"Sorcs2.1",0.801,1.86398842876473,0.602,2.62010765289681,0.78,0.215,"VIP","Sorcs2"
"Dnm3.1",0.801,0.67330101347928,0.602,0.956542234412272,1,0.987,"VIP","Dnm3"
"Hcn1.1",0.199,-1.02418373559816,0.602,-1.51823370528058,0.871,0.979,"VIP","Hcn1"
"Acbd4",0.199,-1.36570223716162,0.602,-2.0276343301323,0.379,0.845,"VIP","Acbd4"
"Ldb2.1",0.8,1.7839945309585,0.6,2.41011079915211,0.75,0.183,"VIP","Ldb2"
"Fam163b",0.8,1.21248554867269,0.6,1.61307206690664,0.939,0.737,"VIP","Fam163b"
"Rassf2",0.2,-1.61123576482455,0.6,-2.38093350041536,0.288,0.802,"VIP","Rassf2"
"Auh",0.201,-0.573337674042133,0.598,-0.8092804850558,0.977,0.997,"VIP","Auh"
"Cd83",0.798,3.73168754660582,0.596,5.23678371872274,0.598,0.009,"VIP","Cd83"
"Tcf4.1",0.797,0.340041934474307,0.594,0.468080931955662,1,1,"VIP","Tcf4"
"8030451O07Rik",0.797,2.56969141317105,0.594,3.91445166991722,0.629,0.037,"VIP","8030451O07Rik"
"Khdrbs3",0.203,-0.88780724956179,0.594,-1.32466536591934,0.917,0.996,"VIP","Khdrbs3"
"Shisa9.1",0.796,0.866705595525647,0.592,1.20606856648141,1,0.874,"VIP","Shisa9"
"Nr2f2.1",0.796,0.729397584376343,0.592,1.08036779057965,1,0.919,"VIP","Nr2f2"
"Gm9844.1",0.796,0.588758052165388,0.592,0.906151035156948,0.962,0.663,"VIP","Gm9844"
"Sh3gl2",0.204,-0.940733077609405,0.592,-1.35220091640779,0.864,0.979,"VIP","Sh3gl2"
"Ak5",0.204,-1.07371465297774,0.592,-1.64016967803635,0.455,0.942,"VIP","Ak5"
"Isoc1.1",0.795,1.55280408114961,0.59,2.19933476120079,0.78,0.362,"VIP","Isoc1"
"Dpp6.1",0.795,0.83402952122999,0.59,1.21987909975744,1,0.857,"VIP","Dpp6"
"Gm5148.1",0.205,-2.42400819606679,0.59,-3.47341588413375,0.371,0.762,"VIP","Gm5148"
"Adra1a",0.205,-1.2406563649765,0.59,-1.8432769108831,0.538,0.925,"VIP","Adra1a"
"Trp53i11",0.794,2.33990345702759,0.588,3.3110530182802,0.705,0.179,"VIP","Trp53i11"
"Rpl21.1",0.206,-0.425775305397762,0.588,-0.601466454209909,1,1,"VIP","Rpl21"
"Lzts1",0.206,-1.61736704931526,0.588,-2.30009780138689,0.106,0.683,"VIP","Lzts1"
"Pitpnc1.1",0.793,1.12150463892891,0.586,1.59874151098862,0.962,0.601,"VIP","Pitpnc1"
"Gabbr2.1",0.207,-1.13072803287802,0.586,-1.61404374891643,0.833,0.96,"VIP","Gabbr2"
"Serpina12",0.792,2.22871019390979,0.584,3.20727091225618,0.583,0.003,"VIP","Serpina12"
"Ramp3.1",0.208,-3.9167150462617,0.584,-5.68542497251329,0.023,0.583,"VIP","Ramp3"
"E530001K10Rik.1",0.791,1.55781764023586,0.582,2.21496296293303,0.917,0.56,"VIP","E530001K10Rik"
"Camkk2.1",0.209,-1.0296810802337,0.582,-1.49031027080905,0.591,0.942,"VIP","Camkk2"
"Stt3b",0.79,1.24331276819331,0.58,1.69742255119806,0.924,0.726,"VIP","Stt3b"
"Cntfr",0.79,0.940398165613102,0.58,1.30288820410868,0.962,0.833,"VIP","Cntfr"
"Mat2b",0.21,-0.581378006348974,0.58,-0.857444146811536,0.962,0.995,"VIP","Mat2b"
"Map2k1.1",0.21,-0.83065127407154,0.58,-1.19651966815369,0.932,0.992,"VIP","Map2k1"
"Baiap2l2.1",0.21,-2.14096375362129,0.58,-3.05412217136419,0.212,0.71,"VIP","Baiap2l2"
"Snca.1",0.789,0.602279657386866,0.578,0.866486489843384,1,1,"VIP","Snca"
"LOC102632463",0.789,1.36139552278672,0.578,2.01524293133138,0.833,0.437,"VIP","LOC102632463"
"Runx2",0.211,-2.51892819426426,0.578,-3.73483086560756,0.045,0.605,"VIP","Runx2"
"Lppr4",0.211,-0.650516810280803,0.578,-0.975779205996581,1,0.999,"VIP","Lppr4"
"Eepd1",0.211,-1.19143662269573,0.578,-1.83365506271709,0.561,0.914,"VIP","Eepd1"
"Ube2ql1",0.788,0.641190067140142,0.576,0.926777575115478,1,0.994,"VIP","Ube2ql1"
"Socs5",0.788,0.854814451326701,0.576,1.15000254978436,0.985,0.967,"VIP","Socs5"
"Plxdc1",0.788,3.64446518276879,0.576,5.19924316146451,0.591,0.031,"VIP","Plxdc1"
"Usmg5",0.212,-0.356978664383372,0.576,-0.519252015959756,1,1,"VIP","Usmg5"
"Ppp1r7.1",0.213,-0.64577679770959,0.574,-0.938841940759254,0.894,0.984,"VIP","Ppp1r7"
"Atxn1",0.213,-0.96648493863642,0.574,-1.45744811767945,0.689,0.974,"VIP","Atxn1"
"Lrfn5.1",0.786,0.980330367574773,0.572,1.33282165182756,0.977,0.653,"VIP","Lrfn5"
"Pak7",0.214,-1.34861254908755,0.572,-2.00947582282563,0.591,0.943,"VIP","Pak7"
"Nt5dc3.1",0.214,-1.08852841433759,0.572,-1.53638673256081,0.644,0.931,"VIP","Nt5dc3"
"Nos1.1",0.214,-2.71504631171834,0.572,-4.01069050119428,0.038,0.607,"VIP","Nos1"
"Cort.1",0.214,-3.12462008894248,0.572,-4.37654259215969,0.174,0.677,"VIP","Cort"
"Sez6",0.785,0.761358431238595,0.57,1.11393919387217,0.992,0.922,"VIP","Sez6"
"Slc8a1",0.215,-0.989233823210642,0.57,-1.39763884756879,0.78,0.973,"VIP","Slc8a1"
"Efna5.1",0.215,-1.93819172253679,0.57,-2.70405832509977,0.182,0.687,"VIP","Efna5"
"Usp29.1",0.784,0.883022785493092,0.568,1.24518101603856,0.992,0.917,"VIP","Usp29"
"6330403K07Rik",0.784,0.619920935626295,0.568,0.930229093107362,1,0.983,"VIP","6330403K07Rik"
"Plekha6",0.216,-1.71685410964839,0.568,-2.38234828408996,0.197,0.696,"VIP","Plekha6"
"Ncdn.1",0.216,-0.740608193413658,0.568,-1.08908859012895,0.985,0.999,"VIP","Ncdn"
"Idh3b",0.216,-0.359758516036065,0.568,-0.52627933753994,1,0.999,"VIP","Idh3b"
"Chrna4.1",0.783,0.738498413671051,0.566,1.00888641050357,0.992,0.944,"VIP","Chrna4"
"Rasgrf1",0.217,-0.726525284181,0.566,-1.0598494364522,0.939,0.998,"VIP","Rasgrf1"
"Gdf10.1",0.217,-2.53110694218572,0.566,-3.83600378000157,0.083,0.654,"VIP","Gdf10"
"Gap43.1",0.782,0.507257220940978,0.564,0.697254400274087,1,0.985,"VIP","Gap43"
"Car11",0.218,-0.670396508342716,0.564,-0.959848561197256,0.924,0.989,"VIP","Car11"
"Prox1",0.781,0.906868802618486,0.562,1.31176231124108,0.977,0.873,"VIP","Prox1"
"Baiap2.1",0.781,1.51306296650608,0.562,2.32474733413447,0.795,0.27,"VIP","Baiap2"
"Grem2.1",0.219,-2.2328313918303,0.562,-3.38149311329812,0.083,0.66,"VIP","Grem2"
"Dgat2.1",0.219,-1.41007971796747,0.562,-2.00262545171092,0.409,0.805,"VIP","Dgat2"
"Apex1.1",0.219,-0.656622571252236,0.562,-0.980134624916287,0.856,0.986,"VIP","Apex1"
"Prmt2.1",0.78,0.704305133879847,0.56,0.986485846681938,0.985,0.937,"VIP","Prmt2"
"Galntl6.1",0.78,0.729149800332494,0.56,1.07552790529462,1,0.79,"VIP","Galntl6"
"Cntn4",0.78,1.33734783226214,0.56,2.09478195688922,0.856,0.403,"VIP","Cntn4"
"Cds1",0.22,-1.15007433684231,0.56,-1.65050554842145,0.538,0.905,"VIP","Cds1"
"Vav2.1",0.779,1.96013893513229,0.558,2.65387871625979,0.689,0.184,"VIP","Vav2"
"Lmo3.1",0.221,-2.87707267039259,0.558,-4.15771268064158,0.121,0.616,"VIP","Lmo3"
"Stmn3.1",0.222,-0.425805176847038,0.556,-0.601523017250654,1,1,"VIP","Stmn3"
"Lmo7.1",0.222,-1.33192859504765,0.556,-1.92620479385139,0.235,0.755,"VIP","Lmo7"
"Hint1.1",0.777,0.312222565352294,0.554,0.448635217725471,1,1,"VIP","Hint1"
"Diras2",0.777,1.38877134248609,0.554,2.07422789608096,0.856,0.473,"VIP","Diras2"
"Crabp1",0.777,5.44408888318893,0.554,7.81636434989765,0.553,0.004,"VIP","Crabp1"
"Spats2l",0.223,-1.14206711318016,0.554,-1.70430120407917,0.614,0.928,"VIP","Spats2l"
"Fxyd7",0.223,-0.837320541218047,0.554,-1.19320026219005,0.667,0.991,"VIP","Fxyd7"
"Enpp5",0.224,-0.446701194844415,0.552,-0.672648119320254,0.992,1,"VIP","Enpp5"
"Vwc2l",0.775,3.22633883715675,0.55,4.85825575711275,0.576,0.031,"VIP","Vwc2l"
"Efr3a",0.225,-0.675400270154455,0.55,-0.995027092471103,0.962,0.995,"VIP","Efr3a"
"Gprin3.1",0.774,1.83601021214334,0.548,2.65445573769372,0.667,0.123,"VIP","Gprin3"
"Sox1.1",0.226,-1.68970213403315,0.548,-2.28593043200855,0.114,0.618,"VIP","Sox1"
"Oprm1.1",0.226,-1.78909984327087,0.548,-2.54436470677625,0.22,0.665,"VIP","Oprm1"
"P2ry1",0.773,2.34066234654138,0.546,3.52186875629506,0.583,0.045,"VIP","P2ry1"
"Dnajc12",0.773,0.888995167442483,0.546,1.39487864179495,0.902,0.636,"VIP","Dnajc12"
"Gm3510.1",0.227,-2.95325497965032,0.546,-4.37491075024472,0.023,0.571,"VIP","Gm3510"
"Elovl4.1",0.227,-0.875477492240221,0.546,-1.27527137567905,0.985,0.985,"VIP","Elovl4"
"Clstn1",0.227,-0.614181555747947,0.546,-0.857145957587791,1,1,"VIP","Clstn1"
"A530058N18Rik",0.772,1.01222208786965,0.544,1.40080456766013,0.924,0.774,"VIP","A530058N18Rik"
"Zfp536.1",0.228,-0.858401300068749,0.544,-1.2912897465112,0.909,0.988,"VIP","Zfp536"
"6330403A02Rik.1",0.771,1.61181589286925,0.542,2.48690226372721,0.659,0.119,"VIP","6330403A02Rik"
"Sdk2.1",0.77,1.59345446202483,0.54,2.4793637663788,0.697,0.162,"VIP","Sdk2"
"Vgf.1",0.769,1.2020361421986,0.538,1.73733205113945,1,0.966,"VIP","Vgf"
"Rgs20.1",0.769,1.26161007956166,0.538,1.96801515895033,0.712,0.19,"VIP","Rgs20"
"Rgma",0.769,1.4697016212793,0.538,2.13972325403138,0.652,0.128,"VIP","Rgma"
"Scn1a",0.232,-0.742789789436852,0.536,-1.08835308959199,0.894,0.99,"VIP","Scn1a"
"Epha4.1",0.232,-2.69931886031201,0.536,-3.95324099176369,0.068,0.617,"VIP","Epha4"
"Chrm1",0.232,-1.16650060137246,0.536,-1.6607642687326,0.553,0.867,"VIP","Chrm1"
"Pnpo",0.233,-0.907730179431173,0.534,-1.28678871149115,0.697,0.906,"VIP","Pnpo"
"Chd3",0.233,-0.651966528177985,0.534,-0.942275333329072,0.992,0.998,"VIP","Chd3"
"Shisa8",0.766,3.44484645518171,0.532,5.00116381157157,0.545,0.016,"VIP","Shisa8"
"Gpx4",0.766,0.30386306064981,0.532,0.451739370573984,1,1,"VIP","Gpx4"
"Rell2",0.234,-0.802024257622878,0.532,-1.20889229295033,0.682,0.936,"VIP","Rell2"
"Fam63b",0.234,-0.719400209131845,0.532,-1.08154761783797,0.902,0.978,"VIP","Fam63b"
"Gm7049",0.765,0.696399989965392,0.53,0.983030716408664,0.606,0.1,"VIP","Gm7049"
"Rpusd1.1",0.235,-0.85893928925879,0.53,-1.26066325238271,0.773,0.946,"VIP","Rpusd1"
"Pde1b",0.235,-1.58883816400865,0.53,-2.28895842363585,0.242,0.703,"VIP","Pde1b"
"Atp5b",0.235,-0.2039747854232,0.53,-0.294486399716748,1,1,"VIP","Atp5b"
"Eif1b.1",0.236,-0.439340021391438,0.528,-0.655073626794252,1,1,"VIP","Eif1b"
"Rragb.1",0.763,0.420514322770226,0.526,0.574029592122198,1,0.995,"VIP","Rragb"
"Cers5.1",0.763,0.801878302572414,0.526,1.10706224734105,0.962,0.818,"VIP","Cers5"
"Ap1s2",0.763,0.595409985939157,0.526,0.870449507549456,1,0.962,"VIP","Ap1s2"
"Adamtsl2",0.763,3.04953608275847,0.526,4.54390102204162,0.583,0.075,"VIP","Adamtsl2"
"Pkia",0.237,-0.804650474053308,0.526,-1.19985717932549,0.788,0.957,"VIP","Pkia"
"Osbpl8",0.237,-0.726507501743408,0.526,-1.07356524401352,0.902,0.998,"VIP","Osbpl8"
"Htr2a.1",0.237,-3.23839889075548,0.526,-4.66932804009769,0.008,0.531,"VIP","Htr2a"
"Bmp3.1",0.237,-1.35075491286849,0.526,-1.94956825519109,0.348,0.785,"VIP","Bmp3"
"Olfm1.1",0.762,0.331437115346605,0.524,0.493359350130712,1,1,"VIP","Olfm1"
"Lrpap1",0.762,0.426482970587403,0.524,0.581777951564487,1,0.999,"VIP","Lrpap1"
"Tmx2",0.238,-0.335641979170278,0.524,-0.473702704368558,1,1,"VIP","Tmx2"
"Gm10760",0.238,-2.09273764748385,0.524,-3.1249400159464,0.091,0.618,"VIP","Gm10760"
"Fmn1.1",0.238,-1.41772607061917,0.524,-2.07385575891045,0.182,0.663,"VIP","Fmn1"
"Amph",0.238,-0.726746991102977,0.524,-1.04780436366793,0.902,0.992,"VIP","Amph"
"Vamp4.1",0.761,0.505892515043114,0.522,0.698553506382857,1,0.988,"VIP","Vamp4"
"Syn2",0.761,0.448165138985503,0.522,0.675142348779579,1,0.999,"VIP","Syn2"
"Cxxc5",0.761,0.955003363902122,0.522,1.46244215917632,0.924,0.711,"VIP","Cxxc5"
"Pcsk1n.1",0.239,-0.515966134396336,0.522,-0.739728511923353,1,1,"VIP","Pcsk1n"
"Ldhb.1",0.239,-0.356584699747719,0.522,-0.520290515669407,1,1,"VIP","Ldhb"
"Acyp1",0.239,-0.679291315541916,0.522,-0.942098325336939,0.886,0.979,"VIP","Acyp1"
"Galnt9",0.76,2.25053419946186,0.52,3.38476980036511,0.629,0.164,"VIP","Galnt9"
"Rgs4.1",0.24,-2.26046159829498,0.52,-3.27971993823324,0.174,0.641,"VIP","Rgs4"
"Atp2a2",0.24,-0.51710515208379,0.52,-0.800140158509286,1,0.999,"VIP","Atp2a2"
"Rxfp1.1",0.759,0.817926680431709,0.518,1.0774752976017,0.939,0.476,"VIP","Rxfp1"
"Pnoc",0.759,0.6246654486181,0.518,0.945548716302802,1,0.917,"VIP","Pnoc"
"Pgbd5",0.241,-0.875710966282484,0.518,-1.30390572781422,0.803,0.98,"VIP","Pgbd5"
"Nmnat2",0.241,-0.490393340707505,0.518,-0.760769367338112,0.992,0.999,"VIP","Nmnat2"
"Hs3st1",0.241,-1.43791230694447,0.518,-2.04716728212919,0.212,0.669,"VIP","Hs3st1"
"Gfpt2",0.241,-1.6285275397749,0.518,-2.34304030342541,0.22,0.678,"VIP","Gfpt2"
"Astn1.1",0.241,-0.812913868251842,0.518,-1.21734667350442,0.864,0.983,"VIP","Astn1"
"5730522E02Rik",0.241,-1.88114015458898,0.518,-2.68373435467422,0.083,0.587,"VIP","5730522E02Rik"
"Nr3c2.1",0.758,0.8727035843239,0.516,1.24424004974746,0.985,0.804,"VIP","Nr3c2"
"Atp1a1.1",0.758,0.590713392573936,0.516,0.888675735225226,1,1,"VIP","Atp1a1"
"Unc5c.1",0.242,-1.31311923094898,0.516,-1.8802889526138,0.591,0.861,"VIP","Unc5c"
"Synj2",0.242,-1.707514120686,0.516,-2.48657314256915,0.235,0.693,"VIP","Synj2"
"Zbtb16",0.757,0.578710956932153,0.514,0.853035558771398,1,0.995,"VIP","Zbtb16"
"Pvt1",0.243,-1.06154634265046,0.514,-1.51319382428354,0.356,0.79,"VIP","Pvt1"
"Ndst3.1",0.243,-2.62139257758141,0.514,-3.75573258863808,0.121,0.582,"VIP","Ndst3"
"BC030500.1",0.756,0.70697716077752,0.512,1.08754540467058,0.985,0.698,"VIP","BC030500"
"Ypel5",0.244,-0.472740152613621,0.512,-0.677858510110997,1,0.999,"VIP","Ypel5"
"Tox.1",0.244,-2.65033187822046,0.512,-3.88154486255149,0.008,0.495,"VIP","Tox"
"Slc25a11",0.244,-0.469826869438595,0.512,-0.694807099398677,0.955,0.998,"VIP","Slc25a11"
"Dok5.1",0.244,-1.39471454461357,0.512,-2.04011626190308,0.515,0.803,"VIP","Dok5"
"Arhgap27",0.244,-1.31609855311516,0.512,-2.00063258133406,0.114,0.595,"VIP","Arhgap27"
"Adamts17.1",0.244,-1.86518894334631,0.512,-2.77296238479608,0.121,0.62,"VIP","Adamts17"
"Car10",0.755,1.8957987517774,0.51,2.75502633842177,0.621,0.131,"VIP","Car10"
"Sfxn4",0.245,-1.12459340602585,0.51,-1.58788279510507,0.424,0.79,"VIP","Sfxn4"
"Ppp2r2b.1",0.754,0.597332974733902,0.508,0.86980670798936,0.977,0.879,"VIP","Ppp2r2b"
"Rogdi.1",0.246,-0.456284568454321,0.508,-0.634200491173886,0.992,0.999,"VIP","Rogdi"
"Resp18",0.246,-0.694624997315755,0.508,-0.963965435706584,1,1,"VIP","Resp18"
"Nat14",0.246,-0.617561515428277,0.508,-0.871931221014759,0.886,0.975,"VIP","Nat14"
"Gm14539",0.246,-0.379932018959512,0.508,-0.54695917143623,1,1,"VIP","Gm14539"
"Fh1",0.246,-0.579452011608855,0.508,-0.863769663391172,0.886,0.984,"VIP","Fh1"
"Tmem159",0.753,2.63528078286967,0.506,3.94641961988909,0.53,0.026,"VIP","Tmem159"
"Larp1b",0.753,1.50468527380378,0.506,1.79825366504857,0.765,0.375,"VIP","Larp1b"
"Khdrbs2",0.753,1.47560836731277,0.506,2.26466227265224,0.72,0.29,"VIP","Khdrbs2"
"Grip1.1",0.753,0.773533802787,0.506,1.17331431796711,0.992,0.921,"VIP","Grip1"
"Gpr25",0.247,-1.09093715357089,0.506,-1.48192748331561,0.197,0.667,"VIP","Gpr25"
"Plxna4",0.752,1.00477272059082,0.504,1.46500454337245,0.924,0.598,"VIP","Plxna4"
"Phka2.1",0.248,-1.57110135875532,0.504,-2.20346191700225,0.371,0.738,"VIP","Phka2"
"Ndufa12.1",0.248,-0.352686188998198,0.504,-0.507754306656119,1,1,"VIP","Ndufa12"
"Epb4.1l4a",0.751,2.61672283758887,0.502,3.95041697179034,0.538,0.038,"VIP","Epb4.1l4a"
"Aff3",0.751,1.33502235136253,0.502,1.90108000840886,0.841,0.529,"VIP","Aff3"
"Rbm24.1",0.249,-2.71018926505625,0.502,-3.79825400662414,0.008,0.481,"VIP","Rbm24"
"Gpr6.1",0.249,-3.55254413415668,0.502,-5.05058480618554,0,0.493,"VIP","Gpr6"
"Coq9",0.249,-0.718910505928528,0.502,-0.980530153643157,0.758,0.915,"VIP","Coq9"
"Deptor",0.964,2.20440655685757,0.928,2.98919451601327,1,0.593,"MC4R","Deptor"
"Ogfrl1.1",0.933,1.19190256852662,0.866,1.76944049136573,1,0.995,"MC4R","Ogfrl1"
"Necab1.2",0.931,0.991243639280934,0.862,1.44613916218602,1,0.954,"MC4R","Necab1"
"Dnm3.2",0.93,1.06658506190172,0.86,1.46813904547838,1,0.986,"MC4R","Dnm3"
"Npy.2",0.072,-3.3104903276201,0.856,-4.78852237606477,0.806,0.985,"MC4R","Npy"
"Gria1",0.074,-2.44075881829816,0.852,-3.52912227499525,0.277,0.946,"MC4R","Gria1"
"Sorcs1.2",0.922,1.92059536917638,0.844,2.74289128265132,0.979,0.265,"MC4R","Sorcs1"
"Egln3.2",0.921,1.90462516287169,0.842,2.67018184393948,0.979,0.265,"MC4R","Egln3"
"Cxcl14.2",0.921,1.47402129315621,0.842,1.98531867299982,1,0.519,"MC4R","Cxcl14"
"Nxph1.2",0.079,-3.98586450040811,0.842,-5.70313311489137,0.141,0.866,"MC4R","Nxph1"
"Pantr1.2",0.92,1.6012638774112,0.84,2.16821131169038,1,0.633,"MC4R","Pantr1"
"Elmod1.2",0.919,0.661410961468782,0.838,0.916990988822006,1,0.999,"MC4R","Elmod1"
"Cplx2.2",0.911,1.45504932704962,0.822,1.97654651655743,1,0.731,"MC4R","Cplx2"
"App.2",0.911,0.885091348320038,0.822,1.30090731439259,1,1,"MC4R","App"
"Caln1.2",0.093,-4.00097707248612,0.814,-5.76163235806707,0.115,0.839,"MC4R","Caln1"
"Rnf128.1",0.904,1.18779929543282,0.808,1.73414586152174,1,0.864,"MC4R","Rnf128"
"Tbc1d8b.1",0.902,1.7824665017281,0.804,2.62739243879263,0.984,0.396,"MC4R","Tbc1d8b"
"Rgs10.1",0.101,-1.62491008754816,0.798,-2.38083647490237,0.806,0.985,"MC4R","Rgs10"
"Pcdh8.2",0.898,1.46659417710916,0.796,2.24406085359572,0.995,0.565,"MC4R","Pcdh8"
"Ralyl.2",0.894,1.10640465956083,0.788,1.49975117262941,1,0.865,"MC4R","Ralyl"
"Npas1.2",0.893,1.42509088714668,0.786,2.08779719552165,0.969,0.213,"MC4R","Npas1"
"Cnr1.2",0.893,1.0403985915299,0.786,1.4788439675617,1,0.989,"MC4R","Cnr1"
"Vstm2a.2",0.891,0.873971824318363,0.782,1.1958967883956,1,0.998,"MC4R","Vstm2a"
"Rgs12.2",0.891,1.31578870278721,0.782,1.87803017991409,0.99,0.497,"MC4R","Rgs12"
"Map1b.2",0.89,0.736348058397115,0.78,1.03917043174576,1,0.999,"MC4R","Map1b"
"Alcam.2",0.89,1.66201934795254,0.78,2.39983399025587,0.984,0.528,"MC4R","Alcam"
"Pnoc.1",0.114,-1.64525390419338,0.772,-2.36751985206361,0.545,0.961,"MC4R","Pnoc"
"Npas3.2",0.884,1.37773699268394,0.768,2.00350301990099,1,0.43,"MC4R","Npas3"
"Tox3.2",0.116,-2.74225511454105,0.768,-3.90723530116701,0.162,0.825,"MC4R","Tox3"
"Rtn1.1",0.883,0.348963465413235,0.766,0.499935520015081,1,1,"MC4R","Rtn1"
"Gng2.2",0.883,0.791385943634443,0.766,1.14899373114438,1,0.996,"MC4R","Gng2"
"Cox6a2.2",0.117,-3.43255237258763,0.766,-4.97661412484636,0.162,0.808,"MC4R","Cox6a2"
"Kit.1",0.118,-1.52342922258659,0.764,-2.20644092732912,0.874,0.97,"MC4R","Kit"
"Syt7.2",0.119,-3.05017987359891,0.762,-4.3146730004406,0.042,0.783,"MC4R","Syt7"
"Pcdh7.1",0.878,1.74877686327632,0.756,2.4204396730346,0.958,0.345,"MC4R","Pcdh7"
"Olfm2.2",0.877,1.17056510328739,0.754,1.56310348223401,0.995,0.891,"MC4R","Olfm2"
"Nr2f2.2",0.875,1.04089658846317,0.75,1.51125024438026,1,0.917,"MC4R","Nr2f2"
"Kcnip1.2",0.874,0.799663870588586,0.748,1.15690546249063,1,0.984,"MC4R","Kcnip1"
"Tmem150c.1",0.873,1.80075329102001,0.746,2.64708312879644,0.89,0.214,"MC4R","Tmem150c"
"Scg2.1",0.873,0.731669525862494,0.746,1.07515825146518,1,0.999,"MC4R","Scg2"
"Pfkp.1",0.862,0.896517541616502,0.724,1.21126318688011,1,0.962,"MC4R","Pfkp"
"Vstm2b",0.86,1.02276508500339,0.72,1.48382881072656,1,0.873,"MC4R","Vstm2b"
"Atp6ap1l.2",0.141,-4.10326320395563,0.718,-5.85038375747489,0.052,0.735,"MC4R","Atp6ap1l"
"Teddm3.1",0.858,1.17809300979694,0.716,1.74361327115079,0.99,0.48,"MC4R","Teddm3"
"Snca.2",0.858,0.714003491207003,0.716,1.01516717955756,1,1,"MC4R","Snca"
"Adarb2.2",0.858,0.796018173099851,0.716,1.16174102875509,1,0.994,"MC4R","Adarb2"
"Rab3b.2",0.142,-1.48690632747586,0.716,-2.16366521234092,0.916,0.977,"MC4R","Rab3b"
"Spock3.1",0.856,0.677100296437334,0.712,0.96510943515457,1,0.999,"MC4R","Spock3"
"Rit2.1",0.856,0.884424648996906,0.712,1.20762014061161,1,0.952,"MC4R","Rit2"
"Nrcam.1",0.856,0.957040345718099,0.712,1.3296593979127,1,0.912,"MC4R","Nrcam"
"Syndig1.2",0.851,2.0884453500736,0.702,2.98294691394488,0.796,0.133,"MC4R","Syndig1"
"Shisa9.2",0.851,0.992055886802074,0.702,1.37848675381552,1,0.87,"MC4R","Shisa9"
"Atp1a1.2",0.851,0.76977996149159,0.702,1.10915012662038,1,1,"MC4R","Atp1a1"
"Nyap2.2",0.149,-1.66478676234026,0.702,-2.35618335724467,0.796,0.961,"MC4R","Nyap2"
"Bcl11a.2",0.149,-1.20135532756149,0.702,-1.67722776705739,0.838,0.936,"MC4R","Bcl11a"
"Tox2.2",0.151,-2.2833316815938,0.698,-3.24573563596334,0.173,0.782,"MC4R","Tox2"
"Mpped1.2",0.152,-1.65599086152169,0.696,-2.36428830192469,0.586,0.903,"MC4R","Mpped1"
"Cit.1",0.154,-1.29388466355795,0.692,-1.95646072088067,0.812,0.972,"MC4R","Cit"
"Dok5.2",0.155,-2.05870465511225,0.69,-2.96761574806603,0.403,0.824,"MC4R","Dok5"
"Asic4.2",0.844,1.20757266619046,0.688,1.6392014085154,0.969,0.425,"MC4R","Asic4"
"Slc6a1.2",0.156,-0.744626200668323,0.688,-1.08078508101758,1,1,"MC4R","Slc6a1"
"Tspan5.1",0.843,0.789834957461292,0.686,1.13281964107336,1,0.994,"MC4R","Tspan5"
"Mn1.1",0.843,0.808893562706082,0.686,1.15525307015376,1,0.992,"MC4R","Mn1"
"Galntl6.2",0.843,1.10094049310311,0.686,1.67785375937369,0.995,0.784,"MC4R","Galntl6"
"Vsnl1.1",0.157,-0.761586895769925,0.686,-1.12953155083135,1,1,"MC4R","Vsnl1"
"Pcdh18.1",0.842,1.4610332249343,0.684,2.05487090443181,0.916,0.291,"MC4R","Pcdh18"
"Celf6.2",0.842,0.999488027858312,0.684,1.40204378877394,0.99,0.806,"MC4R","Celf6"
"Nrxn3.2",0.837,0.71494025906879,0.674,1.03552567049667,1,0.999,"MC4R","Nrxn3"
"Tmsb10.2",0.836,0.664944840428585,0.672,0.920631685659771,1,0.998,"MC4R","Tmsb10"
"Mical2.2",0.164,-1.75016444736435,0.672,-2.52139917250445,0.476,0.875,"MC4R","Mical2"
"Ckb.1",0.164,-0.337102759641988,0.672,-0.472459523952869,1,1,"MC4R","Ckb"
"Pde1a.2",0.835,1.20313255007696,0.67,1.6442616634867,0.937,0.343,"MC4R","Pde1a"
"Golga7b",0.835,1.05386259711725,0.67,1.49527515258485,1,0.815,"MC4R","Golga7b"
"Dynll1.1",0.835,0.497579522065836,0.67,0.696372204632027,1,1,"MC4R","Dynll1"
"Cdh4.2",0.835,2.24499523192712,0.67,3.12556602850386,0.77,0.153,"MC4R","Cdh4"
"Tnnt1.2",0.166,-2.28388572696362,0.668,-3.28908483374417,0.236,0.783,"MC4R","Tnnt1"
"Runx1t1.2",0.833,2.03124746035448,0.666,2.67997486127985,0.764,0.119,"MC4R","Runx1t1"
"Basp1.2",0.833,0.54659959016737,0.666,0.75178714553892,1,0.999,"MC4R","Basp1"
"Pde11a.1",0.167,-2.15450766360604,0.666,-3.0677544901951,0.309,0.787,"MC4R","Pde11a"
"Brinp2.2",0.167,-2.12418339512736,0.666,-3.07502952662677,0.429,0.858,"MC4R","Brinp2"
"Gm12371.1",0.83,1.92620644759096,0.66,2.91147847612569,0.785,0.157,"MC4R","Gm12371"
"Lamp5.2",0.17,-1.01326071977576,0.66,-1.45062561036653,0.843,0.927,"MC4R","Lamp5"
"Galnt14.2",0.829,1.04199568824921,0.658,1.39231149065674,0.974,0.546,"MC4R","Galnt14"
"Sv2c.2",0.171,-2.38702001072864,0.658,-3.47084015959705,0.168,0.767,"MC4R","Sv2c"
"Isoc1.2",0.828,1.56209241787706,0.656,2.17659750373375,0.848,0.343,"MC4R","Isoc1"
"Akap5.2",0.173,-1.71322869230228,0.654,-2.41122877780397,0.948,0.98,"MC4R","Akap5"
"Gabrd.2",0.174,-1.88995789884309,0.652,-2.67335491468188,0.466,0.836,"MC4R","Gabrd"
"Ptpru.1",0.826,2.63230949796723,0.652,3.5845801546973,0.686,0.046,"MC4R","Ptpru"
"Rpp25.2",0.823,0.663156823010297,0.646,0.956716941095474,1,0.969,"MC4R","Rpp25"
"Rxfp1.2",0.821,1.13092581314072,0.642,1.50288977430719,0.948,0.461,"MC4R","Rxfp1"
"Tshz3.1",0.82,1.49284329348054,0.64,2.17053012618103,0.848,0.273,"MC4R","Tshz3"
"Rwdd3.2",0.82,1.1377853320422,0.64,1.85344226444083,0.932,0.407,"MC4R","Rwdd3"
"Rab3c.1",0.819,0.353610035829493,0.638,0.505040186858894,1,1,"MC4R","Rab3c"
"BC030500.2",0.819,0.946101666871574,0.638,1.4172086715412,1,0.688,"MC4R","BC030500"
"Prkar2b.2",0.817,0.706600288296628,0.634,0.995887316462048,1,0.951,"MC4R","Prkar2b"
"Tmem196.1",0.815,1.08318947559633,0.63,1.51264934250581,0.979,0.495,"MC4R","Tmem196"
"Arhgap24.2",0.815,1.1225307987705,0.63,1.62201784868512,0.969,0.474,"MC4R","Arhgap24"
"Rxrg.2",0.813,1.87432102091019,0.626,2.50216674051011,0.743,0.157,"MC4R","Rxrg"
"Gabra5.2",0.188,-1.90224907784756,0.624,-2.66426475308626,0.408,0.784,"MC4R","Gabra5"
"Zdhhc22.2",0.811,1.25494357499303,0.622,1.67061547377501,0.859,0.303,"MC4R","Zdhhc22"
"Cacng5.1",0.808,1.68243921259988,0.616,2.24451837254548,0.785,0.224,"MC4R","Cacng5"
"Fgf12.2",0.804,0.926052775733401,0.608,1.299632708189,0.995,0.955,"MC4R","Fgf12"
"Grem2.2",0.196,-2.37633605388219,0.608,-3.40136585947938,0.099,0.676,"MC4R","Grem2"
"Zfp804b",0.803,1.53627210193234,0.606,1.87383250379627,0.801,0.274,"MC4R","Zfp804b"
"Grik2.1",0.803,0.632131993360551,0.606,0.940896103526661,1,0.983,"MC4R","Grik2"
"Fam19a2",0.803,1.29235983480334,0.606,1.84941274076115,0.911,0.649,"MC4R","Fam19a2"
"Cdh18",0.803,2.19503007582012,0.606,3.13149081803275,0.67,0.079,"MC4R","Cdh18"
"Fgf13.2",0.198,-0.676911910838006,0.604,-1.00097188947234,0.995,0.988,"MC4R","Fgf13"
"Dusp10.2",0.198,-2.64447983068407,0.604,-3.73510289415431,0.089,0.625,"MC4R","Dusp10"
"Lingo2.1",0.801,1.04365426632698,0.602,1.55102965266984,0.984,0.72,"MC4R","Lingo2"
"Cntnap2.1",0.801,0.574716226310156,0.602,0.845566044383111,1,0.997,"MC4R","Cntnap2"
"Ptprf.2",0.8,1.19951536405609,0.6,1.75633131633529,0.885,0.355,"MC4R","Ptprf"
"Myt1l.1",0.8,0.667366495712947,0.6,0.992070603268113,0.995,0.988,"MC4R","Myt1l"
"Map2k1.2",0.2,-0.858228373949098,0.6,-1.24535622740544,0.984,0.988,"MC4R","Map2k1"
"Cnih3",0.799,1.07180437878352,0.598,1.50648532095161,0.927,0.545,"MC4R","Cnih3"
"Sox1.2",0.203,-2.26165122850558,0.594,-3.2795007644593,0.068,0.638,"MC4R","Sox1"
"Eno1",0.203,-0.395895014261261,0.594,-0.571397297951549,1,1,"MC4R","Eno1"
"Pam.1",0.204,-1.06965389066991,0.592,-1.51417111594678,0.921,0.982,"MC4R","Pam"
"Syt4",0.795,0.762740384700923,0.59,1.04321458151879,1,0.97,"MC4R","Syt4"
"Slc35f1.2",0.794,0.906383110982107,0.588,1.46079515544634,0.969,0.666,"MC4R","Slc35f1"
"Gap43.2",0.794,0.56095669847143,0.588,0.843278680945049,1,0.984,"MC4R","Gap43"
"Vat1l",0.793,1.26170022537673,0.586,1.87314596838043,0.89,0.505,"MC4R","Vat1l"
"Sphkap",0.793,0.777350033686455,0.586,1.15002254761101,1,0.856,"MC4R","Sphkap"
"Magi3.2",0.792,1.01285321009241,0.584,1.49443169749707,0.963,0.655,"MC4R","Magi3"
"Cmip.1",0.791,0.620928495480188,0.582,0.842080381644816,0.995,0.992,"MC4R","Cmip"
"Nt5dc3.2",0.209,-1.14892891158356,0.582,-1.65078934446629,0.66,0.938,"MC4R","Nt5dc3"
"Srm",0.79,0.528481223083904,0.58,0.73551331459655,1,0.994,"MC4R","Srm"
"Ramp3.2",0.21,-3.48364729302419,0.58,-4.96985979253903,0.037,0.599,"MC4R","Ramp3"
"Spint2",0.789,1.19330212762463,0.578,1.69638320365831,0.812,0.294,"MC4R","Spint2"
"Sorl1",0.789,0.859305701588823,0.578,1.18193489339766,0.99,0.857,"MC4R","Sorl1"
"Fxyd6.2",0.789,0.494693747950518,0.578,0.564302391387677,1,0.763,"MC4R","Fxyd6"
"Pcsk1n.2",0.211,-0.569599638325465,0.578,-0.784426385072857,1,1,"MC4R","Pcsk1n"
"Gnas.1",0.212,-0.317470247929688,0.576,-0.429116424609008,1,1,"MC4R","Gnas"
"Crispld1.2",0.212,-1.48454032110077,0.576,-2.18204904079751,0.34,0.804,"MC4R","Crispld1"
"Slc24a2.1",0.213,-1.35790570848828,0.574,-2.02514535922163,0.518,0.868,"MC4R","Slc24a2"
"Gprin3.2",0.786,1.76687439344461,0.572,2.69465444446462,0.67,0.106,"MC4R","Gprin3"
"Acot7.2",0.786,0.309242383252826,0.572,0.442134403386438,1,0.999,"MC4R","Acot7"
"Ncald.2",0.214,-0.682718999921161,0.572,-0.975484433146754,1,0.987,"MC4R","Ncald"
"Cyp46a1.2",0.214,-0.750244716146435,0.572,-1.0599446471981,0.99,0.991,"MC4R","Cyp46a1"
"Rcan2",0.215,-0.619374031017052,0.57,-0.899531031494549,0.995,0.993,"MC4R","Rcan2"
"Gapdh",0.215,-0.202299608883203,0.57,-0.288460778447957,1,1,"MC4R","Gapdh"
"Nrip3.2",0.784,0.556013543191577,0.568,0.75323155961666,1,0.975,"MC4R","Nrip3"
"Ndp",0.784,1.62870636733823,0.568,2.4331597245813,0.717,0.164,"MC4R","Ndp"
"Rpl21.2",0.216,-0.414075136348758,0.568,-0.589828028713706,1,1,"MC4R","Rpl21"
"Lin7a.2",0.216,-1.3981599595948,0.568,-1.98928969270434,0.534,0.838,"MC4R","Lin7a"
"Enho.2",0.783,0.672620614846515,0.566,0.920413170999542,0.969,0.907,"MC4R","Enho"
"Parm1.1",0.782,0.564221955952312,0.564,0.829344960440533,1,0.965,"MC4R","Parm1"
"Stmn3.2",0.218,-0.388603428486704,0.564,-0.568383235270664,1,1,"MC4R","Stmn3"
"Cacng3.2",0.781,0.82821940935171,0.562,1.12193601363277,0.963,0.774,"MC4R","Cacng3"
"Cort.2",0.219,-2.63653083778271,0.562,-3.68203013153809,0.272,0.683,"MC4R","Cort"
"Vamp4.2",0.78,0.490571282171539,0.56,0.67860067605575,0.995,0.988,"MC4R","Vamp4"
"Kirrel3.2",0.78,1.00463804237831,0.56,1.59122369911944,0.937,0.545,"MC4R","Kirrel3"
"Plch2.2",0.22,-2.91972385053311,0.56,-4.19394699717075,0.021,0.561,"MC4R","Plch2"
"Pja1.2",0.779,0.447586762806494,0.558,0.637874293431036,1,0.996,"MC4R","Pja1"
"Chn1.2",0.779,0.642251875002676,0.558,0.911563007743194,1,0.962,"MC4R","Chn1"
"Gda.2",0.221,-1.74615259367067,0.558,-2.53567308635042,0.445,0.788,"MC4R","Gda"
"Ptchd4.2",0.222,-1.44173755235343,0.556,-2.08347792458578,0.513,0.863,"MC4R","Ptchd4"
"Slc7a14.1",0.777,0.778663781963443,0.554,1.06979616306469,0.99,0.882,"MC4R","Slc7a14"
"Fxyd7.1",0.777,0.531584455165801,0.554,0.802123056601663,1,0.967,"MC4R","Fxyd7"
"Lmo3.2",0.223,-2.72830841645767,0.554,-3.88107289305032,0.094,0.634,"MC4R","Lmo3"
"A330076H08Rik",0.223,-0.898012107125461,0.554,-1.29193646976794,0.895,0.975,"MC4R","A330076H08Rik"
"Tceal8",0.775,0.576205979783547,0.55,0.820760364200174,1,0.999,"MC4R","Tceal8"
"Zfp536.2",0.226,-0.828523406377389,0.548,-1.17818522893147,0.953,0.986,"MC4R","Zfp536"
"Atp6v1g2.2",0.226,-0.254123263421074,0.548,-0.369806113727266,1,1,"MC4R","Atp6v1g2"
"Gm28175.2",0.773,1.22425778359455,0.546,1.83883074105665,0.743,0.222,"MC4R","Gm28175"
"Hrh3.1",0.227,-1.36149365215153,0.546,-1.97336021259125,0.618,0.853,"MC4R","Hrh3"
"Baiap2l2.2",0.227,-1.7953201996408,0.546,-2.41961743047321,0.298,0.716,"MC4R","Baiap2l2"
"March3.2",0.772,1.75530964219947,0.544,2.14153397967087,0.654,0.125,"MC4R","March3"
"Fam19a1.1",0.772,2.66202668131719,0.544,4.14538857206773,0.581,0.047,"MC4R","Fam19a1"
"Chrna7.1",0.772,1.07465283047933,0.544,1.60129985720017,0.89,0.574,"MC4R","Chrna7"
"Mef2c.2",0.228,-0.477862430390585,0.544,-0.659471267297381,1,0.999,"MC4R","Mef2c"
"Klhl13",0.771,0.736786311081001,0.542,1.02691875483783,0.995,0.949,"MC4R","Klhl13"
"Gm34843.1",0.77,1.01041768913286,0.54,1.32693456609335,0.775,0.275,"MC4R","Gm34843"
"Cbln2.2",0.77,0.570735913272252,0.54,0.89568721509703,0.717,0.175,"MC4R","Cbln2"
"Serp2.2",0.23,-0.423808487054671,0.54,-0.565361390834793,1,1,"MC4R","Serp2"
"Nrg1",0.769,1.44124334677102,0.538,2.06991151322331,0.707,0.208,"MC4R","Nrg1"
"Colgalt2.1",0.769,1.86043658422315,0.538,2.97724279821297,0.613,0.069,"MC4R","Colgalt2"
"Lrfn5.2",0.768,0.871025908173385,0.536,1.23290506156282,0.942,0.647,"MC4R","Lrfn5"
"Mpdz.2",0.233,-1.17626103531723,0.534,-1.64831175456989,0.743,0.91,"MC4R","Mpdz"
"Camk2b",0.766,0.474517766014704,0.532,0.644366422637483,1,0.996,"MC4R","Camk2b"
"Enc1.1",0.234,-1.58718191750204,0.532,-2.17242551163519,0.408,0.763,"MC4R","Enc1"
"Col19a1.1",0.234,-1.23451046384467,0.532,-1.82465590912116,0.455,0.827,"MC4R","Col19a1"
"Chrm3.2",0.765,0.872452918537485,0.53,1.34916037098866,0.89,0.444,"MC4R","Chrm3"
"Ggct.2",0.764,0.751606056355625,0.528,1.07817547178227,0.974,0.806,"MC4R","Ggct"
"Col25a1.2",0.764,1.40365267512689,0.528,1.77641287652394,0.717,0.247,"MC4R","Col25a1"
"Cdh13",0.764,1.00226447291728,0.528,1.4629505085248,0.88,0.472,"MC4R","Cdh13"
"Arid5a.2",0.236,-2.04845840590629,0.528,-2.84336672082733,0.199,0.653,"MC4R","Arid5a"
"Npy1r.2",0.763,0.894431416776878,0.526,1.2422899274118,0.832,0.353,"MC4R","Npy1r"
"Tgfb2.2",0.237,-1.83216667854983,0.526,-2.67661842727891,0.178,0.667,"MC4R","Tgfb2"
"Efna5.2",0.237,-1.60435423049925,0.526,-2.34866872533012,0.23,0.697,"MC4R","Efna5"
"Olfm1.2",0.762,0.32563912795086,0.524,0.476100225591251,1,1,"MC4R","Olfm1"
"Fstl5.2",0.762,0.824615140028273,0.524,1.07606141498741,0.921,0.474,"MC4R","Fstl5"
"Unc5c.2",0.238,-1.46391596960794,0.524,-2.03203006389071,0.644,0.864,"MC4R","Unc5c"
"Nos1.2",0.238,-2.01774713667094,0.524,-2.88220121599133,0.162,0.613,"MC4R","Nos1"
"Socs2.1",0.761,1.03698998580812,0.522,1.46875296398116,0.838,0.429,"MC4R","Socs2"
"Camk2n1.2",0.761,0.626870627185672,0.522,0.867177809439677,0.995,0.861,"MC4R","Camk2n1"
"Ndufa4.2",0.239,-0.330662694649113,0.522,-0.469060004667122,1,1,"MC4R","Ndufa4"
"Phyhip.2",0.241,-0.880278598118859,0.518,-1.20892028368028,0.791,0.932,"MC4R","Phyhip"
"Pdxk.1",0.241,-0.740798347487565,0.518,-1.05939708645686,0.969,0.979,"MC4R","Pdxk"
"Rgs20.2",0.758,1.20204011444712,0.516,1.78196428220194,0.681,0.177,"MC4R","Rgs20"
"Ptpn5.2",0.757,0.73595062552283,0.514,1.0442419181753,0.974,0.744,"MC4R","Ptpn5"
"Dync1i1.2",0.757,0.558314506205584,0.514,0.774521029890833,1,0.96,"MC4R","Dync1i1"
"Gm5607.2",0.243,-2.65253393196544,0.514,-3.82746843838008,0.016,0.522,"MC4R","Gm5607"
"Neto1.1",0.756,0.884191523999795,0.512,1.34791775233346,0.953,0.807,"MC4R","Neto1"
"Ndfip1.2",0.756,0.187760784182869,0.512,0.267508418293781,1,1,"MC4R","Ndfip1"
"Gm32251.2",0.756,1.89923923999481,0.512,2.75055388616644,0.681,0.251,"MC4R","Gm32251"
"Gm2464.1",0.756,1.6447674627231,0.512,2.26065074223156,0.597,0.091,"MC4R","Gm2464"
"Ddah1.2",0.756,1.183495177179,0.512,1.51546434399724,0.738,0.275,"MC4R","Ddah1"
"Atp2b1.1",0.756,0.521583809014301,0.512,0.743989627636498,1,0.994,"MC4R","Atp2b1"
"Grin2a.2",0.244,-1.60436141242092,0.512,-2.3388857169706,0.335,0.747,"MC4R","Grin2a"
"Fgf9.2",0.244,-0.680271057540713,0.512,-0.988509688129941,0.948,0.975,"MC4R","Fgf9"
"Tnfaip8l3.2",0.755,0.541489831583237,0.51,0.71625377763381,0.995,0.894,"MC4R","Tnfaip8l3"
"Sdc2.1",0.755,0.80656240576736,0.51,1.23632530763106,0.932,0.661,"MC4R","Sdc2"
"Gng4.2",0.755,0.7056870847376,0.51,0.94904148338586,0.99,0.801,"MC4R","Gng4"
"Chl1",0.755,0.485532617058269,0.51,0.683264615064994,1,0.989,"MC4R","Chl1"
"Tox.2",0.246,-2.51363673631819,0.508,-3.58370215709561,0.031,0.508,"MC4R","Tox"
"Ndst3.2",0.246,-2.52546200389612,0.508,-3.57188214373522,0.147,0.594,"MC4R","Ndst3"
"Tmem178.1",0.753,0.645028961830854,0.506,0.868680998889238,0.995,0.888,"MC4R","Tmem178"
"Tagln3",0.753,0.345997575316594,0.506,0.49606154222611,1,1,"MC4R","Tagln3"
"Bex4",0.753,0.564979430303644,0.506,0.84593526493206,1,0.999,"MC4R","Bex4"
"Nrxn1.1",0.752,0.38799418462025,0.504,0.531594440333489,1,1,"MC4R","Nrxn1"
"Gabrg2",0.752,0.596370743242842,0.504,0.868818465993868,1,0.999,"MC4R","Gabrg2"
"Fgf11",0.752,0.751615564360185,0.504,0.959782287363987,0.969,0.782,"MC4R","Fgf11"
"Cck.2",0.752,0.540024405226656,0.504,0.686122676947953,0.963,0.692,"MC4R","Cck"
"Htr2a.2",0.248,-2.42088868630701,0.504,-3.52484891291438,0.047,0.544,"MC4R","Htr2a"
"Eif1b.2",0.248,-0.39659138203901,0.504,-0.535776115762291,1,1,"MC4R","Eif1b"
"Camk4",0.751,0.676451012534224,0.502,0.908463303354663,0.979,0.889,"MC4R","Camk4"
"9430021M05Rik",0.751,1.14817213476324,0.502,1.52717385534923,0.78,0.373,"MC4R","9430021M05Rik"
"Elmo1.2",0.994,2.18127584361944,0.988,3.11527370859515,1,0.659,"PAX6","Elmo1"
"Dpy19l1",0.993,3.1102419838654,0.986,4.45164010830441,1,0.329,"PAX6","Dpy19l1"
"Ralyl.3",0.992,1.91022355578682,0.984,2.77600720413898,1,0.873,"PAX6","Ralyl"
"Pax6",0.991,3.40426516808214,0.982,4.66367245269937,1,0.241,"PAX6","Pax6"
"Tspan12",0.98,2.25109555177264,0.96,3.08334313143801,1,0.664,"PAX6","Tspan12"
"Ano3",0.979,3.74806350127595,0.958,5.48983009120231,0.971,0.041,"PAX6","Ano3"
"Gabra1.1",0.022,-2.28995683754769,0.956,-3.28396182018946,0.941,0.994,"PAX6","Gabra1"
"Gm2464.2",0.966,2.44023667418877,0.932,3.56876093899348,0.985,0.108,"PAX6","Gm2464"
"Zmat4",0.034,-2.36939962573941,0.932,-3.37939443971738,0.456,0.997,"PAX6","Zmat4"
"Vsnl1.2",0.036,-1.36620381083717,0.928,-1.97210620409733,1,1,"PAX6","Vsnl1"
"Vstm2a.3",0.96,1.28616592084488,0.92,1.86488247862394,1,0.998,"PAX6","Vstm2a"
"Kit.2",0.042,-2.94227828206148,0.916,-4.29623522549921,0.441,0.979,"PAX6","Kit"
"Grm5.2",0.05,-1.6942795943416,0.9,-2.50884829614008,0.926,0.998,"PAX6","Grm5"
"Crtac1.2",0.95,1.14830350641553,0.9,1.69933945335644,1,0.947,"PAX6","Crtac1"
"Kcnq5",0.948,1.49025788097211,0.896,2.10510949238655,1,0.849,"PAX6","Kcnq5"
"Gabrb2.2",0.053,-1.41899863913929,0.894,-2.04310119296623,1,0.999,"PAX6","Gabrb2"
"Rab3b.3",0.057,-2.7856602349314,0.886,-4.12827755699066,0.676,0.981,"PAX6","Rab3b"
"Kctd12.2",0.942,2.48427761620954,0.884,3.61396743441567,0.971,0.259,"PAX6","Kctd12"
"Rcn1",0.94,2.54013905901275,0.88,3.53985711108104,0.956,0.318,"PAX6","Rcn1"
"Fgf13.3",0.067,-1.64565811915316,0.866,-2.40217424669593,0.926,0.991,"PAX6","Fgf13"
"Phactr1.2",0.069,-1.51726487876065,0.862,-2.18116566380688,0.868,0.995,"PAX6","Phactr1"
"Col14a1",0.93,1.98108786048328,0.86,3.04218016867048,1,0.244,"PAX6","Col14a1"
"Ctnnd2.1",0.924,1.11988169258365,0.848,1.58895541756128,1,0.992,"PAX6","Ctnnd2"
"Nrip3.3",0.922,1.04320103521036,0.844,1.48298263418278,1,0.977,"PAX6","Nrip3"
"Npy.3",0.079,-4.0641276535612,0.842,-6.08222728821151,0.794,0.974,"PAX6","Npy"
"Neto1.2",0.919,1.64813880708173,0.838,2.34587689001125,1,0.814,"PAX6","Neto1"
"Pip5k1b.1",0.918,1.22229770591912,0.836,1.71258884550734,1,0.927,"PAX6","Pip5k1b"
"Gabra2.1",0.917,1.61207046698316,0.834,2.45463542293451,1,0.537,"PAX6","Gabra2"
"Prox1.1",0.083,-2.89532493609586,0.834,-4.16733779521485,0.132,0.905,"PAX6","Prox1"
"Zfp385b.3",0.916,1.17882299748942,0.832,1.69250078783449,1,0.859,"PAX6","Zfp385b"
"Rora.3",0.092,-1.77880298355166,0.816,-2.58061363813916,0.868,0.976,"PAX6","Rora"
"Hapln1.2",0.092,-2.36666981543497,0.816,-3.47230269003127,0.559,0.956,"PAX6","Hapln1"
"Fut9",0.903,2.4425097952419,0.806,3.49847021783949,0.985,0.692,"PAX6","Fut9"
"Adcy2.2",0.903,1.74924156113418,0.806,2.57541679825901,0.926,0.17,"PAX6","Adcy2"
"Mal2",0.097,-1.20684102485219,0.806,-1.68294299202806,0.838,0.994,"PAX6","Mal2"
"Spock3.2",0.901,0.781379323443392,0.802,1.2063194848721,1,0.999,"PAX6","Spock3"
"Adcy1.3",0.099,-1.66087579909007,0.802,-2.46139695755774,0.868,0.966,"PAX6","Adcy1"
"Gm20754",0.899,2.78874816831367,0.798,3.99011357045663,0.824,0.044,"PAX6","Gm20754"
"Thrb",0.102,-2.30324567476186,0.796,-3.32937690066249,0.412,0.944,"PAX6","Thrb"
"Phyhipl",0.897,0.640455757165928,0.794,0.876914523026349,1,1,"PAX6","Phyhipl"
"Cck.3",0.897,1.12232982263202,0.794,1.65860754535813,1,0.707,"PAX6","Cck"
"Gria3.2",0.104,-2.64951340341536,0.792,-3.88215164890037,0.426,0.913,"PAX6","Gria3"
"Asph.2",0.894,1.11614644373329,0.788,1.5325803000237,1,0.968,"PAX6","Asph"
"Nell2",0.106,-2.94695072380529,0.788,-4.08358257959268,0.235,0.858,"PAX6","Nell2"
"Alcam.3",0.892,1.61216579427567,0.784,2.34981094309532,0.985,0.556,"PAX6","Alcam"
"Vwc2",0.89,1.49235406383428,0.78,2.05288831390758,1,0.511,"PAX6","Vwc2"
"Mpped1.3",0.11,-2.82175616649244,0.78,-4.07323034420736,0.471,0.888,"PAX6","Mpped1"
"Cnr1.3",0.889,1.04811451650958,0.778,1.56240404560825,1,0.99,"PAX6","Cnr1"
"Hcn1.2",0.118,-1.49542859183993,0.764,-2.19769081867329,0.794,0.978,"PAX6","Hcn1"
"Sp8.1",0.881,1.36580609786953,0.762,1.91744360452657,1,0.541,"PAX6","Sp8"
"Impa1.1",0.876,0.887025057855225,0.752,1.26500744212293,1,0.959,"PAX6","Impa1"
"Dkk3.1",0.875,1.49936354196253,0.75,2.14747643516921,0.971,0.523,"PAX6","Dkk3"
"Nudt4",0.125,-2.5819535441657,0.75,-3.68121669915242,0.309,0.876,"PAX6","Nudt4"
"Me3.1",0.874,1.0589016211204,0.748,1.48461187233724,0.985,0.833,"PAX6","Me3"
"Chrm3.3",0.873,1.20767848353156,0.746,1.88931766716134,0.985,0.468,"PAX6","Chrm3"
"Plk2.2",0.127,-1.38991615635246,0.746,-1.9847306835412,0.853,0.981,"PAX6","Plk2"
"B3gat2",0.872,2.03149882512035,0.744,2.8996227470698,0.853,0.18,"PAX6","B3gat2"
"Sema3e",0.128,-4.00693538723506,0.744,-5.67972689082735,0.132,0.794,"PAX6","Sema3e"
"Tspan7.2",0.129,-0.476978582901222,0.742,-0.680887317361101,1,1,"PAX6","Tspan7"
"Kcnd2.1",0.868,1.11371606994007,0.736,1.71452298893486,0.985,0.809,"PAX6","Kcnd2"
"Adarb2.3",0.867,0.838058939784358,0.734,1.23115310529523,1,0.994,"PAX6","Adarb2"
"Klhl13.1",0.133,-1.6267991703126,0.734,-2.28052224303805,0.765,0.959,"PAX6","Klhl13"
"Npsr1",0.864,3.25206995826942,0.728,4.37312943743751,0.735,0.026,"PAX6","Npsr1"
"Lamp5.3",0.137,-1.41906804564762,0.726,-2.04623174950825,0.794,0.923,"PAX6","Lamp5"
"Hnrnpc",0.137,-0.478480760524578,0.726,-0.70096743322134,1,1,"PAX6","Hnrnpc"
"Sphkap.1",0.862,1.04244019388245,0.724,1.38398506712114,1,0.865,"PAX6","Sphkap"
"Tnnt1.3",0.138,-4.04456866647725,0.724,-5.88590350779339,0.059,0.755,"PAX6","Tnnt1"
"Pcdh7.2",0.861,1.41403720740388,0.722,2.05923700882571,0.971,0.382,"PAX6","Pcdh7"
"Pcp4l1.2",0.139,-1.15953690859025,0.722,-1.66101112843597,0.956,0.995,"PAX6","Pcp4l1"
"Cx3cl1",0.144,-0.905293723279003,0.712,-1.2458189431674,1,0.999,"PAX6","Cx3cl1"
"Nr2f1",0.855,0.910316318180397,0.71,1.24572317432039,1,0.955,"PAX6","Nr2f1"
"Adra1a.1",0.145,-1.85046423688094,0.71,-2.66009516741193,0.382,0.918,"PAX6","Adra1a"
"Krt73",0.854,4.0691835831903,0.708,6.22214546746061,0.721,0.014,"PAX6","Krt73"
"Spock1",0.146,-0.957214236159635,0.708,-1.39751867603992,0.971,0.999,"PAX6","Spock1"
"Slc24a3.2",0.146,-1.24428181622927,0.708,-1.73552198364296,0.912,0.983,"PAX6","Slc24a3"
"Sfr1",0.85,0.510057523890004,0.7,0.759548892202105,1,0.997,"PAX6","Sfr1"
"Ppp3ca.1",0.15,-0.626726104759672,0.7,-0.920087483564333,1,0.999,"PAX6","Ppp3ca"
"Kcnip4.1",0.849,1.03930615611609,0.698,1.45117873398541,1,0.913,"PAX6","Kcnip4"
"Galntl6.3",0.849,1.16936375546928,0.698,1.63900575318653,0.971,0.797,"PAX6","Galntl6"
"Nrgn.2",0.153,-1.67321221200998,0.694,-2.29038224189324,0.765,0.958,"PAX6","Nrgn"
"Sv2c.3",0.155,-2.99640927206155,0.69,-4.32758262904963,0.103,0.733,"PAX6","Sv2c"
"Man1a2.1",0.843,0.895364483012442,0.686,1.21637721619462,1,0.965,"PAX6","Man1a2"
"Prkcb",0.157,-0.898918140662347,0.686,-1.28850716472429,0.985,0.998,"PAX6","Prkcb"
"Gad2.2",0.159,-0.694948132723695,0.682,-1.03295042180129,1,1,"PAX6","Gad2"
"Ogfrl1.2",0.84,0.747283028693744,0.68,1.01384778104812,1,0.995,"PAX6","Ogfrl1"
"Pde11a.2",0.16,-3.64027832207681,0.68,-5.35829696320304,0.132,0.764,"PAX6","Pde11a"
"Mapk10.1",0.16,-0.706220630817551,0.68,-1.0146463653218,0.985,0.999,"PAX6","Mapk10"
"Tox3.3",0.161,-2.80363739881059,0.678,-4.0662305963408,0.206,0.783,"PAX6","Tox3"
"Map2k1.3",0.164,-1.01061676899361,0.672,-1.47599716067005,0.985,0.988,"PAX6","Map2k1"
"Adra1b.1",0.164,-1.81582649531069,0.672,-2.50582389502786,0.426,0.91,"PAX6","Adra1b"
"Efna5.3",0.165,-3.06456923545178,0.67,-4.43356948230239,0.029,0.676,"PAX6","Efna5"
"Cacna2d1.2",0.166,-1.41096438652281,0.668,-2.07200049520858,0.853,0.97,"PAX6","Cacna2d1"
"Tmem91.1",0.168,-1.98656173944722,0.664,-2.75623392787099,0.353,0.836,"PAX6","Tmem91"
"Crispld1.3",0.168,-2.55199375701222,0.664,-3.61117247408212,0.25,0.779,"PAX6","Crispld1"
"Tenm1",0.831,1.21143320331818,0.662,1.8206017167301,1,0.868,"PAX6","Tenm1"
"Lrp12",0.171,-1.86043060419864,0.658,-2.64931708884368,0.412,0.866,"PAX6","Lrp12"
"Cbln2.3",0.826,1.2971937139812,0.652,2.10191324027316,0.809,0.205,"PAX6","Cbln2"
"Pttg1.2",0.177,-0.948215084302183,0.646,-1.31871396672689,0.985,0.983,"PAX6","Pttg1"
"Cyp46a1.3",0.178,-0.894501970177125,0.644,-1.33727015564561,1,0.99,"PAX6","Cyp46a1"
"Fhl1",0.822,0.72011635425141,0.644,1.02511997951135,1,0.919,"PAX6","Fhl1"
"Cplx2.3",0.822,0.91775599583069,0.644,1.33777209675027,1,0.747,"PAX6","Cplx2"
"Mical2.3",0.179,-1.85716254544011,0.642,-2.6787127706185,0.515,0.849,"PAX6","Mical2"
"Frem1",0.819,2.15381029469334,0.638,2.90250352542941,0.735,0.144,"PAX6","Frem1"
"Chsy3",0.818,1.61500339366798,0.636,2.30838653836424,0.868,0.363,"PAX6","Chsy3"
"Nrxn3.3",0.817,0.556576436546073,0.634,0.790171791613611,1,1,"PAX6","Nrxn3"
"Rgs6.1",0.816,1.26352710282599,0.632,1.67580798136615,0.897,0.544,"PAX6","Rgs6"
"Lppr1.3",0.816,0.828795527074793,0.632,1.21521637055145,1,0.693,"PAX6","Lppr1"
"Dok5.3",0.185,-2.22657550754718,0.63,-3.29715898876238,0.441,0.797,"PAX6","Dok5"
"Rab6a.3",0.187,-0.562339482796405,0.626,-0.850313142451807,1,1,"PAX6","Rab6a"
"Sorcs3.1",0.812,0.981506926768563,0.624,1.37051357306351,0.971,0.657,"PAX6","Sorcs3"
"Nyap2.3",0.188,-1.50635679826528,0.624,-2.25878611794406,0.794,0.951,"PAX6","Nyap2"
"Gnas.2",0.188,-0.380468235592841,0.624,-0.558981732642467,1,1,"PAX6","Gnas"
"Cygb.2",0.809,0.867318491683204,0.618,1.3311782576153,1,0.859,"PAX6","Cygb"
"Kcnc2.1",0.191,-3.53066193986272,0.618,-5.08525247232832,0.074,0.628,"PAX6","Kcnc2"
"Fam46a.2",0.193,-2.18174431162331,0.614,-3.28238280364627,0.265,0.789,"PAX6","Fam46a"
"Ccnh",0.806,0.383008439071703,0.612,0.549850219525418,1,1,"PAX6","Ccnh"
"Rtn1.2",0.805,0.242665725588946,0.61,0.353439445886425,1,1,"PAX6","Rtn1"
"Pbx1.1",0.805,0.881329139642244,0.61,1.16779032072866,1,0.796,"PAX6","Pbx1"
"Manea",0.805,1.48467176632101,0.61,2.16168884597138,0.853,0.499,"PAX6","Manea"
"Enox2",0.805,1.61524665213296,0.61,2.24091037375273,0.794,0.279,"PAX6","Enox2"
"Egfem1",0.196,-1.91570975575685,0.608,-2.72495254030834,0.118,0.699,"PAX6","Egfem1"
"Scai",0.803,0.980760857222041,0.606,1.34474367353935,1,0.911,"PAX6","Scai"
"Myh7",0.803,2.33503145997518,0.606,3.31968117736566,0.676,0.097,"PAX6","Myh7"
"Lphn2",0.803,1.4952707844851,0.606,2.17179033208178,0.794,0.236,"PAX6","Lphn2"
"Fam110b.1",0.803,0.903107967300655,0.606,1.32003453414569,1,0.803,"PAX6","Fam110b"
"Itpr1.3",0.197,-1.73582867256316,0.606,-2.51174600038963,0.515,0.853,"PAX6","Itpr1"
"Fam19a2.1",0.197,-3.19085962817183,0.606,-4.63429830404797,0.103,0.692,"PAX6","Fam19a2"
"Gm26512",0.801,1.66331287209025,0.602,2.21134123000017,0.75,0.204,"PAX6","Gm26512"
"Slc2a13",0.799,0.540976024674469,0.598,0.773059196746212,1,0.99,"PAX6","Slc2a13"
"Rwdd3.3",0.799,1.01311253748027,0.598,1.65490362250635,0.897,0.44,"PAX6","Rwdd3"
"Chrna7.2",0.799,1.03793438568313,0.598,1.72395887378003,0.941,0.591,"PAX6","Chrna7"
"Npas3.3",0.798,0.794866198211757,0.596,1.28288366264868,1,0.465,"PAX6","Npas3"
"BC030500.3",0.798,0.859201176434871,0.596,1.38094885217467,1,0.707,"PAX6","BC030500"
"Pcsk2.2",0.797,0.733237593486045,0.594,1.18035995470216,1,0.941,"PAX6","Pcsk2"
"Cnih3.1",0.203,-3.58537600932838,0.594,-5.08933363689726,0.029,0.598,"PAX6","Cnih3"
"Dpp10",0.204,-1.41293629206631,0.592,-1.9477510696773,0.559,0.896,"PAX6","Dpp10"
"Ddah1.3",0.795,0.991616647836528,0.59,1.37909253844197,0.853,0.299,"PAX6","Ddah1"
"Synpr.2",0.794,0.119225779853602,0.588,0.285179238118037,0.897,0.449,"PAX6","Synpr"
"Necab1.3",0.794,0.593065202662952,0.588,0.866729253200994,1,0.957,"PAX6","Necab1"
"Slc35f1.3",0.793,0.846500693932099,0.586,1.29574704297033,1,0.683,"PAX6","Slc35f1"
"Kcnc4.3",0.207,-1.78124068109431,0.586,-2.54198769205941,0.353,0.773,"PAX6","Kcnc4"
"AI593442.1",0.207,-1.09477279111596,0.586,-1.58354854703949,0.824,0.972,"PAX6","AI593442"
"Gng2.3",0.791,0.515434745439252,0.582,0.741804408838085,1,0.997,"PAX6","Gng2"
"Fxyd6.3",0.791,0.547153255317495,0.582,0.869596640629426,1,0.778,"PAX6","Fxyd6"
"4930539N22Rik",0.791,1.77998901362914,0.582,2.49749798148041,0.588,0.015,"PAX6","4930539N22Rik"
"Ankrd32",0.79,0.872739985449887,0.58,1.29819261348185,0.985,0.699,"PAX6","Ankrd32"
"Tmem59l",0.21,-0.303267516631964,0.58,-0.432632285951026,1,0.999,"PAX6","Tmem59l"
"Hpcal4",0.21,-0.78660818214684,0.58,-1.16770482071516,0.941,0.986,"PAX6","Hpcal4"
"Scg2.2",0.789,0.573678768939561,0.578,0.838819540089922,1,1,"PAX6","Scg2"
"Rasgrf2.1",0.788,0.702692347760899,0.576,0.909858148047564,1,0.907,"PAX6","Rasgrf2"
"Ccdc80",0.788,1.68205110691588,0.576,2.7357042806997,0.662,0.074,"PAX6","Ccdc80"
"Enox1.1",0.787,1.04070226060136,0.574,1.5241590988534,0.971,0.533,"PAX6","Enox1"
"Slc25a4",0.786,0.17765358758651,0.572,0.255430819879779,1,1,"PAX6","Slc25a4"
"Scn3b",0.786,0.854349401237014,0.572,1.17843527472311,0.971,0.743,"PAX6","Scn3b"
"Cntnap5a.2",0.786,1.71147512148992,0.572,2.33110299629083,0.75,0.229,"PAX6","Cntnap5a"
"Chgb",0.214,-0.582657414194437,0.572,-0.807977722762692,1,0.998,"PAX6","Chgb"
"Atp6ap1l.3",0.214,-2.70898492393004,0.572,-3.93430761624854,0.235,0.688,"PAX6","Atp6ap1l"
"Arhgef28.2",0.215,-2.29448347444096,0.57,-3.42179061656201,0.235,0.733,"PAX6","Arhgef28"
"Snx16",0.784,0.673959700636947,0.568,0.926667727605627,1,0.918,"PAX6","Snx16"
"Ptpru.2",0.784,1.89434194310087,0.568,2.52725037358073,0.647,0.086,"PAX6","Ptpru"
"Idh3b.1",0.784,0.310153037812444,0.568,0.416954621811515,1,1,"PAX6","Idh3b"
"Rpl21.3",0.216,-0.413629143722465,0.568,-0.605101736557768,1,1,"PAX6","Rpl21"
"Cntnap2.2",0.783,0.492691116334113,0.566,0.741415312435704,1,0.998,"PAX6","Cntnap2"
"Arnt2",0.783,0.774244156259021,0.566,1.12693973420145,1,0.961,"PAX6","Arnt2"
"Csk",0.782,1.10188474548669,0.564,1.48626384929457,0.912,0.507,"PAX6","Csk"
"Tmsb10.3",0.781,0.544477630173667,0.562,0.824188964083787,1,0.999,"PAX6","Tmsb10"
"Sec14l1",0.781,0.635266689455033,0.562,0.961484522761502,1,0.948,"PAX6","Sec14l1"
"Pam.2",0.221,-1.1791361396069,0.558,-1.73267575899716,0.897,0.979,"PAX6","Pam"
"LOC101056001.2",0.221,-2.8575684246162,0.558,-4.09034394424197,0.074,0.609,"PAX6","LOC101056001"
"Col26a1.1",0.221,-2.6673451588071,0.558,-3.93798899043023,0.044,0.607,"PAX6","Col26a1"
"Sdk2.2",0.778,1.36390951928037,0.556,2.05415350298746,0.721,0.178,"PAX6","Sdk2"
"Htr7.1",0.778,1.95971387048064,0.556,2.76817806080956,0.662,0.136,"PAX6","Htr7"
"Cacnb3",0.778,0.771736699592884,0.556,1.14504190306982,1,0.856,"PAX6","Cacnb3"
"Ramp3.3",0.222,-4.0070422338193,0.556,-5.69363509140371,0,0.566,"PAX6","Ramp3"
"Nfix.2",0.222,-0.480040279195316,0.556,-0.684607080925931,1,0.999,"PAX6","Nfix"
"Col6a3",0.777,2.82944305008716,0.554,3.96651922866213,0.574,0.027,"PAX6","Col6a3"
"Mmd.1",0.223,-1.02231697183432,0.554,-1.51668322748196,0.794,0.941,"PAX6","Mmd"
"Gdf10.3",0.223,-2.39063031038647,0.554,-3.35043781699861,0.103,0.635,"PAX6","Gdf10"
"Vdac1.1",0.776,0.251912132661809,0.552,0.350923793138685,1,1,"PAX6","Vdac1"
"Slitrk3",0.776,1.06681662741622,0.552,1.58701988564412,0.956,0.708,"PAX6","Slitrk3"
"Khdrbs3.1",0.776,0.597884764822027,0.552,0.894395872184262,1,0.991,"PAX6","Khdrbs3"
"Epha3",0.776,1.06351754792628,0.552,1.61255490791192,0.912,0.575,"PAX6","Epha3"
"Mfsd4.2",0.224,-1.48775045349369,0.552,-2.13237035233582,0.603,0.874,"PAX6","Mfsd4"
"Dnajc6.3",0.224,-0.658246587026063,0.552,-0.963344572254428,0.985,0.993,"PAX6","Dnajc6"
"C1qtnf4",0.224,-0.649208113600673,0.552,-0.963256416231443,1,0.995,"PAX6","C1qtnf4"
"Dnm3.3",0.775,0.471437159224624,0.55,0.65286994398052,1,0.987,"PAX6","Dnm3"
"Cdk17.1",0.775,0.571693495352034,0.55,0.899630555078544,1,0.981,"PAX6","Cdk17"
"Stmn3.3",0.225,-0.390115403156198,0.55,-0.59242842938421,1,1,"PAX6","Stmn3"
"Frmd7",0.774,1.52751014217569,0.548,2.51096592704749,0.647,0.079,"PAX6","Frmd7"
"Fkbp3.1",0.774,0.328140340125756,0.548,0.444403369526182,1,1,"PAX6","Fkbp3"
"Csgalnact1",0.774,2.8861596468291,0.548,4.13668659182717,0.559,0.009,"PAX6","Csgalnact1"
"E530001K10Rik.3",0.773,0.97248311380734,0.546,1.39999270930057,0.912,0.571,"PAX6","E530001K10Rik"
"Ncoa1",0.227,-0.89276243121807,0.546,-1.32858185714095,0.897,0.989,"PAX6","Ncoa1"
"Alk.2",0.227,-1.79274582472476,0.546,-2.75259332364341,0.132,0.682,"PAX6","Alk"
"Lrp1b",0.228,-1.23349598934788,0.544,-1.77548049380954,0.75,0.941,"PAX6","Lrp1b"
"Caln1.3",0.228,-2.0000730318326,0.544,-2.99473572621377,0.471,0.783,"PAX6","Caln1"
"Xkr4",0.77,0.831246833345878,0.54,1.18948811026773,1,0.917,"PAX6","Xkr4"
"Pcsk1n.3",0.23,-0.530009988551151,0.54,-0.8115320892665,1,1,"PAX6","Pcsk1n"
"Ndnf.1",0.23,-3.41947353219072,0.54,-4.85746178306016,0.25,0.636,"PAX6","Ndnf"
"Sema3c",0.769,0.732982921761685,0.538,1.07189602118902,0.956,0.963,"PAX6","Sema3c"
"Egln3.3",0.769,0.401369154156626,0.538,0.616732803067674,0.985,0.308,"PAX6","Egln3"
"Gabbr2.2",0.231,-1.00051662835879,0.538,-1.41706397519739,0.912,0.953,"PAX6","Gabbr2"
"Calm2",0.231,-0.318471120833657,0.538,-0.439293705717063,1,1,"PAX6","Calm2"
"Pcdh10",0.232,-1.69208999217353,0.536,-2.43706254458398,0.588,0.838,"PAX6","Pcdh10"
"Mef2c.3",0.233,-0.502509489044377,0.534,-0.737204292006496,1,1,"PAX6","Mef2c"
"Kcnmb2.2",0.234,-1.97969486850955,0.532,-2.9326276899976,0.25,0.73,"PAX6","Kcnmb2"
"Epha4.2",0.234,-2.9124308340809,0.532,-4.18029151179248,0.059,0.6,"PAX6","Epha4"
"Rbms3.1",0.765,0.641260918404008,0.53,0.859448356315408,0.985,0.975,"PAX6","Rbms3"
"Epb4.1l4b",0.765,0.866760073106446,0.53,1.08781851168692,0.956,0.622,"PAX6","Epb4.1l4b"
"Ptchd1.1",0.235,-1.3942396869409,0.53,-1.87751851751671,0.397,0.779,"PAX6","Ptchd1"
"Syce2",0.764,1.10800249724108,0.528,1.55090574157261,0.853,0.472,"PAX6","Syce2"
"Shisa9.3",0.764,0.646634914264905,0.528,1.02409177304474,1,0.878,"PAX6","Shisa9"
"Opn3",0.764,1.51844340625735,0.528,2.34317370423749,0.75,0.366,"PAX6","Opn3"
"Cpne2.2",0.764,0.18260145461894,0.528,0.317308866357974,0.838,0.272,"PAX6","Cpne2"
"Bambi",0.764,0.954396987496298,0.528,1.35725417772959,0.824,0.326,"PAX6","Bambi"
"Kcnma1",0.236,-1.28061716244367,0.528,-1.77503699239088,0.515,0.854,"PAX6","Kcnma1"
"Sln",0.763,1.75461347992283,0.526,2.4588017166493,0.632,0.118,"PAX6","Sln"
"Lamb1",0.763,1.22603197481796,0.526,1.59046417291204,0.779,0.365,"PAX6","Lamb1"
"Cd55",0.763,2.06032005004886,0.526,2.98748072021299,0.574,0.047,"PAX6","Cd55"
"Slc35f4",0.762,0.69165901365963,0.524,1.07653099714815,1,0.802,"PAX6","Slc35f4"
"Map1b.3",0.762,0.397612293038765,0.524,0.590685556492021,1,0.999,"PAX6","Map1b"
"Dlg1",0.762,0.90448494847338,0.524,1.37908966874341,0.941,0.696,"PAX6","Dlg1"
"Nrxn1.2",0.238,-0.565950670038719,0.524,-0.763605942707188,1,1,"PAX6","Nrxn1"
"Gabrg3.2",0.238,-1.34948068859833,0.524,-1.97346974806219,0.647,0.865,"PAX6","Gabrg3"
"Sestd1",0.761,0.828066083414007,0.522,1.18305719931562,0.956,0.703,"PAX6","Sestd1"
"Scn1b.2",0.239,-0.543506905567042,0.522,-0.84803554189975,1,0.997,"PAX6","Scn1b"
"Fam49a",0.239,-0.626968110782704,0.522,-0.924598484056916,1,0.997,"PAX6","Fam49a"
"Fam155a",0.76,0.801094192549255,0.52,1.07639992404465,0.926,0.64,"PAX6","Fam155a"
"Ell2",0.759,1.04379317844583,0.518,1.63845884909747,0.824,0.418,"PAX6","Ell2"
"6330403K07Rik.1",0.241,-0.77002717577359,0.518,-1.02282744784244,0.926,0.986,"PAX6","6330403K07Rik"
"Snca.3",0.758,0.525788302943432,0.516,0.809880079597253,1,1,"PAX6","Snca"
"Rheb",0.242,-0.326022626065546,0.516,-0.441106919958539,1,1,"PAX6","Rheb"
"Hs3st1.1",0.242,-1.73299000224106,0.516,-2.51710653035878,0.206,0.655,"PAX6","Hs3st1"
"Adrb1",0.242,-1.91860540601628,0.516,-2.74493229750468,0.044,0.552,"PAX6","Adrb1"
"Piezo2",0.757,2.73798966570084,0.514,3.82580177682524,0.515,0.005,"PAX6","Piezo2"
"Gabrg2.1",0.243,-0.518584736955509,0.514,-0.76906166247503,1,0.999,"PAX6","Gabrg2"
"Lin7b",0.244,-0.652807714910951,0.512,-0.887688991423641,0.971,0.977,"PAX6","Lin7b"
"Masp1",0.755,1.77624737870074,0.51,2.31574983683764,0.574,0.109,"PAX6","Masp1"
"Gm16083",0.755,2.40665428799081,0.51,3.32065046558628,0.544,0.04,"PAX6","Gm16083"
"Rxfp1.3",0.245,-4.46235405705709,0.51,-6.3084356810341,0.074,0.52,"PAX6","Rxfp1"
"Nt5dc3.3",0.245,-1.10477723041961,0.51,-1.68382529263048,0.75,0.918,"PAX6","Nt5dc3"
"Lrrtm1",0.245,-1.11557979745652,0.51,-1.53079299787319,0.529,0.881,"PAX6","Lrrtm1"
"Afap1.2",0.245,-0.972230138857636,0.51,-1.44987749076722,0.853,0.942,"PAX6","Afap1"
"Klhl7",0.754,0.521825649913947,0.508,0.807449616428292,1,0.95,"PAX6","Klhl7"
"Ptprt.1",0.246,-2.9146363798958,0.508,-4.05857686715846,0.147,0.572,"PAX6","Ptprt"
"Nsf",0.246,-0.403199144118842,0.508,-0.571277985986692,1,1,"PAX6","Nsf"
"Tnfaip8l3.3",0.753,0.472637816272028,0.506,0.732241507032178,1,0.9,"PAX6","Tnfaip8l3"
"Oxr1.2",0.752,0.42970172478573,0.504,0.658984512377108,1,0.994,"PAX6","Oxr1"
"Rab26",0.248,-1.38761259299393,0.504,-1.96229657198158,0.338,0.717,"PAX6","Rab26"
"Fam122a",0.248,-0.777515740898688,0.504,-1.05941936979058,0.809,0.94,"PAX6","Fam122a"
"Ubash3b",0.751,0.635591602210448,0.502,0.86918013423979,1,0.95,"PAX6","Ubash3b"
"Pafah1b3.2",0.751,0.488607604198748,0.502,0.602075755145,1,0.936,"PAX6","Pafah1b3"
"Nxpe3",0.751,1.07841212608544,0.502,1.44565680819534,0.824,0.435,"PAX6","Nxpe3"
"Serinc1",0.249,-0.247752452228023,0.502,-0.346208603162404,1,1,"PAX6","Serinc1"
"Selm",0.249,-0.410021070651853,0.502,-0.611032371960978,1,1,"PAX6","Selm"
