specimen_id,ccf_depth,struct
637358051,160.04486042285777,VISp2/3
637381329,73.28915441572272,VISp1
637823874,151.3818579565007,VISp2/3
637824915,387.66811133549265,VISp4
637833144,59.79291184540032,VISp1
637839160,553.8560342760167,VISp5
637846989,138.05293422665932,VISp2/3
637866154,459.37583261529085,VISp5
637886938,152.6181949085024,VISp2/3
638205354,66.15787946095591,VISpm1
638212024,124.82144768281842,VISp2/3
638225388,165.39683979197747,VISp2/3
638246905,183.7299565456313,VISal2/3
639018814,571.9906925696474,VISp5
639216521,59.221775229258355,VISpm1
639689999,202.10010635235594,VISl2/3
639796648,213.54144469293342,VISli2/3
639808649,504.450336201129,VISp5
640106803,126.49269551009132,VISp2/3
640311818,222.6464143605044,VISp2/3
640319052,76.23880175309208,VISp1
642110310,456.7055974612519,VISp5
642124659,240.5786609215906,VISp2/3
642429586,71.41262738208358,VISpm1
642442513,38.750376870542354,VISp1
642488015,83.18211695449058,VISp1
642496703,54.30870539177947,VISp1
642512300,204.01702258379686,VISp2/3
642521935,610.8458226084576,VISp5
642532676,604.3008082180825,VISl5
642767494,290.92373531805197,VISp2/3
642827810,789.7843275499731,VISp6a
642833509,64.77318388726374,VISp1
642842839,226.63647694827822,VISp2/3
642851911,19.3563054017569,VISp1
643007462,95.92647708926283,VISpm1
643190956,70.28609480609346,VISal1
643251590,190.58230320756098,VISpor2/3
643269551,48.96704884119292,VISl1
643501610,332.41539953014797,VISpm2/3
643536919,659.0711468666867,VISpm5
644848057,35.262963520082145,VISp1
644857312,39.423157731983366,VISp1
644919379,43.66977044347054,VISp1
644934835,228.05742148229223,VISp2/3
644935848,292.22660159436657,VISpl2/3
644936843,217.44954587692843,VISp2/3
644941196,63.56228422820186,VISp1
644946047,42.71847806824771,VISp1
644946408,59.502905758359404,VISp1
644957513,326.005477441316,VISp2/3
644976625,64.16561939202872,VISp1
644994103,561.7344912672525,VISp5
645000287,477.21579479915636,VISp5
645009607,166.3046985125089,VISp2/3
645016032,853.3382561982924,VISp6b
645016286,167.40263501167206,VISp2/3
645023727,207.53926248692028,VISp2/3
645075128,34.92527440920666,VISp1
645158069,319.38450729413233,VISp2/3
645162257,73.77806849188231,VISp1
645169930,81.94075253223201,VISp1
648582997,44.97588751801528,VISp1
648585371,50.113201341573046,VISp1
648593656,83.24645488451318,VISp1
648594299,55.77919629793907,VISp1
648605614,35.45957126896964,VISl1
648607165,187.55989317589177,VISli2/3
649008116,38.09851211960687,VISp1
649382312,93.1465831442427,VISp1
650131308,59.14032658743573,VISp1
650132917,77.84179957634008,VISp1
650156059,46.624180818037495,VISp1
650161028,134.3753968663389,VISp2/3
650172921,33.052494192088865,VISp1
650476171,115.70691046954387,VISp2/3
651151937,63.952694534622175,VISp1
651161691,64.8656105877429,VISp1
651167896,55.340709369674876,VISp1
652296177,307.43840701334665,VISp2/3
652300499,261.2252534525433,VISl2/3
652303366,830.5267088098927,VISp6a
652305423,797.5914136361695,VISp6a
652516963,176.6420144355609,VISal2/3
652810157,34.81697309113185,VISp1
652811224,38.28651353196331,VISp1
652812484,178.6868863439369,VISp2/3
652920631,536.5063321851616,VISl5
652938130,169.4705544060015,VISp2/3
652953931,56.95129052906681,VISp1
652953971,44.78881258478503,VISp1
652958618,37.6443626295468,VISp1
652959132,22.18632526448065,VISp1
652959904,52.94324646329252,VISp1
653024237,200.6730152247523,VISp2/3
653024481,39.73385916117934,VISp1
653031614,206.21958935583717,VISp2/3
653031656,19.388500586150474,VISp1
653199987,37.613001319154755,VISp1
653203017,65.9302413371318,VISp1
653677436,283.4067198034596,VISp2/3
654356514,411.77707952872066,VISp4
654407470,364.8233042839071,VISp4
654689557,879.4854165034694,VISp6a
656912028,45.274171531426994,VISp1
657185314,114.07387176235042,VISp2/3
657194483,96.54148308003498,VISp1
657304069,185.6952023638816,VISal2/3
657365021,49.407267095313784,VISp1
657532988,46.69575232447938,VISp1
657585527,20.219715000061836,VISp1
657945461,50.2727660394169,VISp1
658061248,205.18156110394364,VISp2/3
658068133,12.50590337393167,VISp1
658075752,13.188717438178832,VISp1
658089840,63.06883745125135,VISp1
658097786,220.9130661452049,VISp2/3
658103346,64.88067158029291,VISp1
658124114,372.2960363560074,VISp4
658411218,266.4189822950822,VISp2/3
658424080,41.833731935730384,VISp1
658435131,694.5531737945499,VISp6a
658441785,679.6534797068316,VISp6a
658477694,636.5557395722116,VISp5
658604834,288.24539548413026,VISl2/3
659147142,50.24665046540622,VISp2/3
659678793,50.76899804317594,VISp1
659697295,155.2311091474399,VISp2/3
659700506,267.60881947579384,VISl2/3
661401628,135.70064804950403,VISp2/3
661422469,254.94575145507525,VISp2/3
667300994,70.61940947233876,VISp1
667319630,36.50046576017518,VISp1
667320923,97.2060486106504,VISp1
667478348,13.686540184881869,VISp1
667490926,43.1132549231239,VISp1
667492234,63.516997316336465,VISp1
667492404,46.893143977559966,VISp1
667492978,349.35852133232294,VISp4
667493822,206.09708619222943,VISp2/3
667496244,21.8362058868491,VISl1
668242473,36.344680462126824,VISp1
668292781,157.9192023831415,VISp2/3
668319974,299.765898346097,VISpm2/3
668423181,52.68428197936747,VISp1
668426472,31.860355436778377,VISp1
668489573,44.23568575124948,VISp1
669522853,96.84906330198845,VISp1
669523148,152.6615898953877,VISp2/3
669567574,51.073247321128854,VISli1
670534322,117.39567580455508,VISp1
670607755,18.841877369730422,VISp1
670666224,172.6020818963434,VISp2/3
671822971,102.29908561993119,VISp2/3
671876425,209.55183966452975,VISp2/3
671927927,30.042803328329114,VISp1
671943738,49.61989434633101,VISl1
672871389,181.88286592867124,VISp2/3
673047103,407.26048074611424,VISp4
673121351,72.97859344575099,VISp2/3
673139917,277.03631629462893,VISp2/3
673692648,130.5532753268575,VISp2/3
673724358,48.50965753630621,VISp1
674238265,60.829525914434186,VISp1
674240849,229.57811946553986,VISp2/3
674246494,119.70301686777567,VISp2/3
674247723,550.1784245801855,VISp5
674257022,874.7007962065913,VISp6a
674471452,449.8256330050925,VISp4
674556708,191.6632580225663,VISp2/3
674559170,61.8136377935328,VISp1
674582479,406.7876323168733,VISp4
675025710,783.006863244013,VISp6a
675027801,19.628419868324308,VISp1
676757248,247.54069626099755,VISp2/3
676768413,51.76046554332218,VISp1
677042379,62.828444649394086,VISp1
677042504,30.523458882733472,VISp1
680852136,257.11712278897573,VISp2/3
680898048,410.10285125753376,VISp4
680904066,43.57114313443667,VISp1
680964142,148.0148635545386,VISp2/3
682135792,119.3511716394346,VISp2/3
682158343,321.80962614264973,VISp2/3
682163968,823.3338640093939,VISpm6a
682177103,876.9110185255145,VISp6a
682320370,257.28207683591376,VISp2/3
682331689,196.83013921636942,VISp2/3
685382599,104.30522238184754,VISp1
686334539,27.096657816375163,VISp1
686334676,86.80159030336733,VISp1
688133015,183.55939366720705,VISp2/3
688175350,58.849017306828465,VISp1
689256816,136.07451378149105,VISp2/3
689279957,136.68461489789917,VISp2/3
691433482,179.4704454423094,VISp2/3
691547521,143.52934398798618,VISp2/3
691665864,300.75197110856084,VISp2/3
691673416,880.9159719730726,VISp6b
691685873,287.5346167209641,VISpm2/3
692296799,721.2452370691665,VISp6a
692309268,81.11885728778226,VISpm1
692314766,63.82495248744901,VISp1
693144614,334.2450719323897,VISp4
694212444,164.71640008965164,VISp1
695278178,474.68202064485473,VISp5
696136783,478.42817384406624,VISp5
697764035,188.4663849287151,VISpm2/3
697811579,66.14164656077804,VISpm1
697811820,53.17316126634839,VISpm1
700161354,45.21770363247131,VISp1
700193566,29.745732194659144,VISp1
700278065,71.12715124177763,VISl1
701148434,97.3440482629978,VISp1
701152294,117.21315558461566,VISp2/3
701155312,116.94152924166002,VISp2/3
701684250,390.684929428895,VISp4
701750976,559.2821118975434,VISpm5
701751335,236.6598290282781,VISp2/3
704284060,142.06751546889566,VISp2/3
706531271,64.11541361652509,VISp1
706531340,391.45023630959054,VISpm4
706544221,37.776180917323856,VISp1
707660063,58.346727122281436,VISp1
707666602,587.7650256783156,VISp5
707666779,505.2529463396703,VISp5
707678952,44.944071913818014,VISp1
707681894,222.61213481787806,VISp2/3
708479383,49.050898113421425,VISpm1
708495657,324.42222555616667,VISp2/3
708513415,851.890514579209,VISp6a
708587449,442.4434357383375,RSPagl5
708696754,333.67475655545263,VISp4
708766941,723.162358617631,VISp6a
709417950,53.88556440249367,VISpm1
709423277,300.8437263131541,VISp2/3
709436266,339.0957701613247,VISp4
709447918,223.83353536464858,VISp2/3
709453221,670.1185805624357,VISp5
709461711,51.801457097026166,VISp1
710346584,55.11825165652048,VISp1
711477649,315.01025634801647,VISp2/3
711483359,201.0520260714967,VISp2/3
711508435,48.573398054044716,VISp1
711510463,108.7618481788324,VISp1
711546376,762.2126542435907,RSPagl6b
711572453,152.99263840051083,VISp2/3
711572656,260.1875053736582,VISp2/3
711577762,65.74536140520944,VISp1
713957719,460.538897362895,VISp5
714462113,572.87935021512,VISpm5
714485370,418.78719642492183,VISp4
714673962,573.4299780583592,VISpm5
714701049,234.840588267335,VISp2/3
714717722,87.16393417719858,VISpm1
714722191,630.021020959412,VISpm5
714734088,753.5341459307455,VISp6a
714755043,631.0508502519399,VISp5
714936352,179.04466335690367,VISp2/3
715140522,24.933381628991583,VISp1
715162865,506.9930566814856,VISp5
716298521,174.000497979764,VISpor2/3
716556217,253.47825263464836,VISp2/3
716562206,292.03566412184193,VISp2/3
716591444,665.7559246140902,VISp5
716591702,150.8862517012621,VISp2/3
716592645,815.8183951050969,VISpm6a
716832846,632.5911246484906,VISp5
716838742,425.78330352076705,VISp4
716842736,617.6335175240815,VISpm5
716846357,735.0989058945577,VISp6a
716846733,198.55919437608907,VISp2/3
716855459,169.75950158172782,VISp2/3
716864944,210.41268962155738,VISp2/3
717637005,73.16564969079492,VISpm1
717655913,717.7121360271717,VISpm6a
717675736,137.2852276713378,VISp2/3
717770635,515.3061663376519,VISp5
718849411,18.950908568944126,VISp1
723983069,,VISp
724191966,75.78422466801506,VISp1
724744790,85.78201561638352,VISp1
724756081,153.85394415177024,VISp2/3
724770442,127.39663895766385,VISp2/3
724802323,90.02802943200413,VISp1
724812900,192.55101488039338,VISp2/3
726156251,52.40654085269766,VISpm1
726192665,53.85897863960965,VISp1
727146579,106.7779037403371,VISp1
730829986,86.10807590010299,VISp1
730849363,278.2202660469887,VISp2/3
730859444,222.83956069041068,VISp2/3
730867067,242.58720123779236,VISp2/3
730878829,642.4154082289716,VISp5
731882356,34.53289487565029,VISpm1
731917470,166.99040231859775,VISpm2/3
731974838,143.56693538560336,VISpm2/3
731980846,33.58521608720026,VISpm1
732017877,192.1044676987105,VISp2/3
732708277,138.37912662492582,VISp2/3
733537608,232.20216714504713,VISp2/3
734802524,519.7611393462203,VISpm5
736485304,475.8151144109514,VISp5
736493069,135.198391537369,VISp2/3
738783662,499.7899909651915,VISp5
739594128,192.63650124153182,VISp2/3
739680146,313.4851645386923,VISp2/3
739710318,216.64185623650522,VISp2/3
739810705,610.4551270997689,VISp5
739829029,469.70123357093587,VISp5
740329222,600.1532700471847,VISp5
740377985,455.86955158647515,VISp5
740895056,119.91565591043677,VISp2/3
741202597,294.72114575731956,VISp2/3
741225385,211.18283893182877,VISpm2/3
741255530,129.79093611873407,VISp2/3
741270123,78.02840317798773,VISp1
741894708,406.6665601764321,VISp4
741977538,29.903989714139083,VISp1
742016193,58.97643478683781,VISp1
742022294,108.68737973608742,VISp1
742030579,132.99144623167794,VISpm2/3
742059312,53.92390801531778,VISp1
742954364,176.2411220334253,VISpm2/3
742960975,152.4078150981626,VISp2/3
743001170,581.4257138953402,VISp5
743013006,199.6963253826951,VISp2/3
743458081,125.44648449782237,VISp2/3
743458377,99.91063034951438,VISp1
743660509,169.79857762427844,VISp2/3
743770160,389.79642118311267,VISp4
744118785,172.15703132176827,VISp2/3
744203474,287.98047515564633,VISp2/3
744222514,117.76423911184152,VISp2/3
744300204,244.64648380047515,VISp2/3
744405042,29.29444242756663,VISp1
744953754,642.506870115614,RSPagl6a
744969118,334.12431139705046,RSPagl2/3
746086313,25.692626960190537,VISp1
746102029,201.21690269923226,VISp2/3
746108633,83.8125886310659,VISpm1
746160014,752.7622578867168,VISp6a
746172313,144.73848498926935,VISl2/3
750378755,41.44417036037265,VISp1
750421101,41.300600131577795,VISp1
750421132,48.76246729293058,VISl1
750773551,33.91659346475389,VISpor1
750780017,31.968553733301416,VISpor1
750783623,43.186659265617955,VISpor1
750786577,66.57577060439388,VISp1
750786777,21.2038891956982,ECT1
750795641,176.4927154737712,VISp2/3
752076719,77.31882573580782,VISp1
755367415,147.34546811907245,VISp2/3
757193092,138.56791622660327,VISpm2/3
757205480,125.84562617199899,VISp2/3
757252810,89.72186159778217,VISpm1
757286344,107.51027050170777,VISl2/3
758058197,192.84247482330505,VISp2/3
759558762,517.8085755957043,VISp5
760316107,83.98763254935857,VISp1
760949922,71.92447973010691,VISp1
760965714,235.3048419256953,VISp2/3
760988294,191.29957552812184,VISp2/3
761409397,159.3441377693369,VISl2/3
761473866,271.50736110101514,VISp2/3
761781833,484.07434319610746,VISp5
761820997,163.1797300619994,VISp1
761826348,338.5507463309279,VISp4
763912380,590.4445529934628,VISp5
764341238,74.84554679502503,VISp1
764365826,62.537665694128556,VISp1
764391439,81.6692989498309,VISli1
764464218,64.26373576448148,VISpm1
764479836,44.006551384957426,VISpm1
764484965,36.2838047779705,VISp1
764500049,149.76148183568523,VISp2/3
764870999,62.20599751326423,VISp1
764896381,30.500887490457423,VISp1
764897253,210.4860398777545,VISp2/3
764898234,93.72785500785078,VISp2/3
764899841,20.760296882056274,VISp1
764899933,205.30784580244602,VISp2/3
764901187,391.3896777733224,VISpm4
764901694,269.5637652193383,VISp2/3
764902677,55.93884832490842,VISp1
764902707,188.08073689693248,VISp2/3
764915850,89.6434497630542,VISp2/3
764916581,113.09309187486613,VISpm2/3
764922700,79.78347151750542,VISp2/3
764929763,526.8527893500267,VISp5
765143388,393.8105539962359,VISli4
766049138,117.46765120304906,VISp1
766068893,59.176087633319504,VISp1
766131866,63.97987157800188,VISp1
766186881,610.8195972926758,VISp5
766204354,375.0500727979863,VISp4
766224440,140.705191220756,VISpm2/3
766774703,604.5120667795234,VISp5
767257549,48.20758097418934,VISp1
780471774,165.1536173534908,VISpm2/3
788256204,70.81919541090105,VISp1
788349250,55.69944872928117,VISp1
788418848,160.14981829836697,VISp2/3
789023394,212.05230921730956,VISp2/3
796729013,538.2285063870462,VISp5
796919010,417.26577638987294,VISp4
797062169,302.77833065365064,VISp2/3
797113792,793.4588230567742,VISp6a
797153425,47.73510832547287,VISp1
799776604,131.33344154615875,VISp2/3
799782164,601.6862322702165,VISli5
799810267,359.0643149366291,VISp4
799826452,182.780587926053,VISp2/3
799837018,237.1049598719204,VISp2/3
799851179,485.1036620001887,VISl5
799870027,172.34682601933957,VISp2/3
800276204,134.9337650433636,VISp2/3
800285940,247.8868323223585,VISp2/3
802366304,98.16333876965803,VISp2/3
802404053,158.1482579691509,VISp2/3
803561499,166.31647919605916,VISp2/3
803569423,189.47667718510363,VISli2/3
807349990,296.6150460201558,VISp2/3
809694067,106.81265011235224,VISpm1
812989401,432.9817381915294,VISp4
813000460,442.2414865594354,VISp5
821594273,56.03536860047948,VISp1
821652024,56.76296475034651,VISp1
823681740,134.6856701551149,VISp2/3
823719680,48.179627745548785,VISp1
823745688,21.1548211914805,VISp1
823889517,75.51046184519981,VISp1
823907738,52.88705227029763,VISp1
823952975,552.3398377532446,VISp5
823964038,208.87878296367538,VISp2/3
823968176,200.40373680573668,VISp2/3
824701767,580.1969056535066,VISl5
824792964,47.45216142238914,VISpm1
824840538,518.3881116201965,VISp5
825512557,31.569026595220503,VISp1
825522397,389.09980828236786,VISp4
825525063,224.60209425480224,VISp2/3
825525155,40.859536571431455,VISp1
825533924,153.28478611388263,VISp2/3
825534003,189.38222690648087,VISp2/3
825549510,44.42047044858482,VISp1
826700106,80.08112397925248,VISp1
826710259,84.7091954803397,VISp1
826712572,58.8860687960716,VISp1
826719991,35.626443332455956,VISp1
826739825,29.22007117156503,VISp1
827347629,164.3794893993894,VISp2/3
827447865,285.89899466059063,VISl2/3
827448258,63.72606844352805,VISp1
827503672,73.11162556447348,VISl1
827524052,55.50486721846485,VISp1
827573535,91.29282427889304,VISp1
827652298,45.44813268917549,VISp1
828707565,52.136907854989,VISp1
828727693,208.54951533387484,VISp2/3
828778207,505.4316021864408,VISl5
828781026,233.60433974232535,AUDv2/3
828803869,41.24999992361902,VISp1
830434392,411.5184668939781,VISp4
830445950,47.24271205800423,TEa1
832005570,197.97980731455016,VISpm2/3
833896435,54.048251617216245,VISp1
834050047,326.16758057607507,VISp4
834073873,189.91979487281438,VISp2/3
834160937,501.96990094953634,VISp5
839819559,293.75454345486844,VISp2/3
841185744,263.7792150876684,VISp2/3
844226005,52.14785088043378,VISpm1
844231938,144.583616483037,VISp2/3
844232846,230.97958462226185,VISp2/3
844242654,49.41423911239722,VISp1
844254029,396.9522204463831,VISl4
844269667,510.68004921764543,VISpm5
844282161,89.80982356044909,VISal1
845586342,295.22393723306834,VISli2/3
845602469,68.04009548848374,VISp1
845614297,56.71197067128703,VISp1
847834091,549.563428771222,VISp5
848635223,198.66666083380093,VISp2/3
850990055,182.85744317377785,VISp2/3
850993746,177.94033511916518,VISp2/3
851858759,284.3061662726341,TEa2/3
854359267,287.80051082784667,VISp2/3
854401571,194.73354022392203,VISp2/3
854418891,62.302282268569655,VISp1
854425428,32.28643707663615,VISp1
855221359,306.43436179859236,VISp2/3
855255407,167.1117460867485,VISp2/3
855255710,246.93605369221,VISp2/3
855275163,165.07757531823907,VISl2/3
855290546,796.321075729039,VISp6a
855351199,222.61213481787806,VISp2/3
855357345,39.502046298766906,VISp1
855401446,149.06031255245122,VISp2/3
855414991,290.0822189506865,VISp2/3
855431538,113.78354948627981,VISp2/3
855440187,700.5272395781286,VISp5
855448972,150.42255832248068,VISp2/3
855465951,584.092404598359,VISp5
855469447,67.93774652747926,VISp1
855488203,69.00861035984266,VISp1
855489548,168.74994512306637,VISp2/3
855499924,614.5103370670577,VISp5
855517466,219.57332633647536,VISpm2/3
855538766,644.6307498985169,VISp5
855550739,879.8491870343084,VISl6a
855782996,73.4856773278258,VISp1
855791035,211.9735178162311,VISp2/3
855798106,155.5705260119431,VISp2/3
855823375,207.21967064627478,VISp2/3
855835289,84.18516033477043,VISp1
855835410,112.63419633568232,VISli2/3
855946205,880.2700086311708,VISp6b
855962521,245.05396368333538,VISp2/3
855981127,397.9990771227086,VISp4
855995114,32.44408287033049,VISp1
856013011,264.5179852292955,VISp2/3
856021805,177.02305492835993,VISp2/3
856040562,277.3328637287867,VISp2/3
856045597,842.7253316395669,VISp6a
857220013,484.8379390278699,VISp5
857223181,831.4497367356203,VISp6a
857264868,58.55072706335867,VISp1
857265386,548.8415931618284,VISp5
857296784,371.54407890730187,VISp4
857326083,56.23020336169786,VISp1
857332144,539.1867408530895,VISp5
858029990,124.07669508204343,VISp2/3
858054077,754.644160752277,VISp6a
858066116,437.26501513407106,VISp4
858075806,195.15156208832025,VISp2/3
858105502,154.38890865355182,VISl2/3
858105879,244.39155024791543,VISp2/3
858114857,611.9811329106276,VISp5
858115178,124.46858124647953,VISpm2/3
858143082,177.1157372375309,VISpm2/3
858252803,54.017703898243596,VISl1
858254874,101.96538859406799,VISpor2/3
858255768,202.90648334602764,VISl2/3
858268431,190.9101833907308,VISp2/3
858305576,905.2617934295654,VISl6b
858312027,170.9787846920531,VISp2/3
858326660,117.65821229058025,VISl2/3
858374478,183.56233202398323,VISl2/3
858384285,521.5994015060891,VISpor5
858937670,263.26811615911004,VISp2/3
858958151,213.29202963922134,VISp2/3
858966539,151.69676232562418,VISp2/3
858971683,109.90586311032193,VISp2/3
858981986,275.4287962227181,VISp2/3
859034131,78.69952031301679,VISpm1
859042857,492.4186777956968,VISp5
859050969,118.1868158266552,VISp2/3
859062972,218.8842787784683,VISp2/3
859068129,309.0099655065031,VISp2/3
859075920,46.49941361527555,VISl1
859098329,511.5584146437957,VISp5
859107907,122.93124422158462,VISli2/3
859633515,132.99901263787993,VISl2/3
859636693,222.67217051175157,VISp2/3
859640113,192.47256077498088,VISl2/3
859640396,373.09939529888163,VISp4
859655091,185.03983489198734,VISp2/3
859655391,177.09313418346557,VISp2/3
859660174,824.3183833517203,VISp6a
859664949,603.4695614908054,VISp5
859665111,184.28133343621633,VISp2/3
859668100,227.83623588719666,VISp2/3
859767167,560.2436939556421,VISpor6a
859811797,832.0598698631904,VISp6a
861732864,116.38124318044615,VISp2/3
861736319,114.8478284410863,VISp2/3
861740043,383.22842170569,VISp4
861740206,470.84557778943395,VISp5
861740319,579.1730892980302,VISli5
861765347,144.38942619173537,VISp2/3
861765455,267.9443770087482,VISp2/3
861769605,198.25678269759214,VISp2/3
861773866,134.17032122921188,VISp2/3
862412491,707.7408097517848,VISp6a
862449566,831.3924134557762,VISp6a
862496009,379.53168985239665,VISp4
862596299,626.4737154632061,VISp5
866267921,171.68872359511187,VISp2/3
866307762,35.26602180505887,VISp1
866337101,644.5297588269254,VISp5
866999931,232.76187395859085,VISp2/3
867015583,136.8081785550218,VISp1
867017156,47.431790048392934,VISpm1
867027741,43.162939619605275,VISp1
867038197,35.44606427803918,VISl1
867096689,246.88872994962966,VISp2/3
867130068,218.04973112636105,VISp2/3
867176038,249.5581924495549,VISp2/3
886464017,553.2406761104064,VISp5
886482499,207.7267992465522,VISp2/3
887156236,293.23609659306805,VISp2/3
888001481,43.15846390438037,VISpm1
888080861,63.409380987628694,VISp1
888088377,66.77778325738053,VISp1
888108541,215.05449185283678,VISp2/3
888115032,35.04365658208072,VISp1
888214374,54.09686327064686,VISp1
889183564,41.25094324532049,VISp1
889218836,156.50336561994055,VISp2/3
889235347,57.57970852735417,VISp1
889266673,51.79506109128507,VISp1
889337361,292.11315024573577,VISpm2/3
891449886,16.60298944462099,VISp1
891495976,28.98986028227569,VISpm1
891514933,59.60636996913117,VISp1
891534772,52.501980316811284,VISp1
891558548,116.62304980723572,VISp1
891652412,67.58191497597068,VISp1
891664096,222.27660035766613,VISp2/3
892650783,711.7067693483442,VISp6a
894551006,275.18665657473474,VISp2/3
899739078,169.71996296931331,VISp2/3
901179274,278.41263160076227,VISp2/3
913871486,590.8319946684574,VISp5
913883108,882.0020294802832,VISp6b
913898432,182.85510404581493,VISp2/3
913901697,159.01527742245122,VISp2/3
913913134,554.2148180266795,VISpm5
913924619,197.57369098329593,VISp2/3
913928092,569.6352673612331,VISl5
913936238,126.42889983897174,VISp2/3
916642385,67.80039843018363,VISp1
917536372,123.59047058852997,VISl2/3
917561872,151.388610799332,VISp2/3
917609533,205.29523173196765,VISl2/3
919052847,116.70997923791006,VISp2/3
919089515,112.3438147621213,VISl2/3
920529583,127.60691172468567,VISl2/3
920770747,153.37451513208222,VISp2/3
921834822,177.6370249197169,VISp2/3
921879850,105.78063316536691,VISp2/3
921885695,129.1894146672737,VISp2/3
921933017,680.9945349287538,VISp6a
921942502,119.56842629961015,VISp2/3
921964597,879.8003123336728,VISp6b
921993647,143.92811240573386,VISp2/3
922811478,265.8498546439009,VISp2/3
922832877,519.8722122909177,VISp5
922877472,87.5518841508348,VISp1
922877650,45.610857841075656,VISp1
922887201,151.0942190166773,VISp2/3
922942375,545.2225704569036,VISp5
922942671,451.6070881612546,VISp4
923008740,881.7280318727082,VISp6a
923013541,203.40864561737672,VISp2/3
924739827,709.666267108418,VISp6a
924745230,168.97083777083662,VISp2/3
925444752,103.6899102676928,VISp1
929360825,109.11171195373085,TEa2/3
934799128,185.3302048236545,VISp2/3
935032340,641.3545888634769,VISp5
935084855,41.8212341189394,VISl1
935112248,149.02283304957137,VISp2/3
935760710,202.6119690427896,VISp2/3
936008145,599.1408956687151,VISpl5
936051186,888.9807906095152,VISp6a
936069667,680.1537643472061,VISpor6a
939985858,158.60877653147688,VISp2/3
940018318,188.83395805718334,VISp2/3
940073869,218.39291406311196,VISp2/3
940101935,283.72226763282276,VISp2/3
940756541,225.99690135407764,VISp2/3
940762853,141.22464131752906,VISp2/3
940797459,95.37383845502472,ECT2/3
941794256,69.03094162958199,VISp1
941802910,702.7562701289472,VISp6a
941824942,651.0356779390956,VISp5
941829567,86.28396287512247,VISp1
941846857,280.7224118119144,VISp2/3
941859781,147.17750624963662,VISp2/3
941868688,82.59444091834895,VISp1
941935110,134.98117667711756,VISp2/3
941981857,193.94376672037924,VISp2/3
942680796,177.28213576141854,VISp2/3
942808784,810.1275200631555,VISp6a
942814442,117.753879561979,VISp2/3
942821828,864.0124201968599,VISp6b
942840837,124.73410573076102,VISp2/3
942897216,126.23020449370264,VISp2/3
942932431,103.24299420880925,VISp2/3
945070165,296.5346147024003,ECT2/3
945093559,194.39800116653237,VISp2/3
945121810,583.4213520054045,VISp5
945165059,53.91363281551476,VISp1
946167953,129.9474160340499,VISl2/3
946190769,134.04191838044903,VISp2/3
951483006,79.92298963764046,ECT1
951515123,45.5445840686748,TEa1
954001701,48.983138347486694,ECT1
958922607,70.94335946390021,TEa1
975296528,89.78918431606714,VISp1
978216850,784.4714767776926,VISp6a
987138425,55.06237865999592,VISp1
992000431,136.80898509283546,VISp2/3
992003760,558.1583663647612,VISp5
992004587,476.7218878171384,VISp5
992015950,252.1244654987916,VISp2/3
992026677,518.8594462653494,VISp5
992030973,567.7268877346421,VISp5
992252579,189.11025621332817,VISp2/3
992256615,220.24767966287115,VISp2/3
992257502,205.12591880454696,VISp2/3
992260209,419.78070186789597,VISp4
992263035,119.11093398907514,VISp2/3
992386952,86.76011434135663,VISl1
992421687,63.99221997600291,VISp1
992427362,107.93751837060815,VISp1
992430562,180.4207635024164,VISp2/3
992430607,142.318387832834,VISl2/3
992820106,500.74859558081937,VISp5
992825872,145.6878371796116,VISp2/3
992825900,89.70131432823302,VISp1
992830071,810.915773239967,VISp6a
992830261,605.4929472516977,VISp5
993243528,57.63677218449937,VISp1
993245688,194.8192921188478,VISp2/3
993255024,588.0321816840263,VISl5
993257597,543.0050383920657,VISp5
993268300,218.89578969135465,VISp2/3
993273380,522.1355652330392,VISp5
993276807,567.2555743124605,VISp5
993278158,495.20552528778506,VISp5
993283588,96.46105719698153,VISp2/3
993300390,220.6753646561753,VISp2/3
993959787,148.72860191018873,VISp2/3
1000619687,115.93069098634999,RSPagl1
1000649612,363.5563702739065,RSPv5
1000650124,103.20183525672566,RSPd1
1002509408,371.5630326815907,SSp-tr2/3
1002514331,104.08955987799347,RSPv1
1002517670,639.5234647867801,RSPd6a
1002519921,82.48258494442287,RSPv5
1002522127,30.109487901077465,RSPv2/3
1003020818,562.1260322079386,VISp5
1005475071,69.87864169029955,RSPd1
1005475932,85.90964240743715,RSPd1
1005477657,92.319747565347,RSPv1
1005487482,187.4384065329607,RSPd2/3
1043752852,694.6252679297717,VISrl6a
1097732097,,CP
1115390081,,ACB
