,specimen_id,image_series_id,errors,layer_depth,layer_thickness,normalized_layer_depth,normalized_depth,absolute_depth,cortex_thickness,wm_distance,layer
0,637358051,639676701,No soma centers found.,,,,,,,,
1,637381329,639676822,No soma centers found.,,,,,,,,
2,637833144,639678048,[],91.15532178495381,115.49795037155393,0.7892375708115122,0.09408881914608244,91.15532178495381,968.8220408359672,877.6667190510134,Layer1
3,637824915,639678048,Missing soma center,,,,,,,,
4,637846989,639678276,[],13.231416724159233,220.21895427762834,0.060083005877316485,0.1369254006259065,151.95733488332166,1109.7819264263749,957.8245915430531,Layer2/3
5,637866154,639682460,No soma centers found.,,,,,,,,
6,638205354,639684172,[],62.40818827479585,127.1722744580523,0.49073737605739803,0.0610256003683974,65.3894339272886,1071.5082446145182,1006.1188106872295,Layer1
7,638212024,639684172,[],8.000459980376847,292.7967721454488,0.02732427656819442,0.11242869839428861,120.19074808272183,1069.039754077839,948.8490059951173,Layer2/3
8,638225388,639684172,Missing soma center,,,,,,,,
9,638246905,639684923,No soma centers found.,,,,,,,,
10,639018814,642363414,[],178.22958110880558,272.32573019784746,0.6544720580729553,0.6832783714539815,640.4579387049467,937.3309114732915,296.8729727683447,Layer5
11,639216521,642364025,No soma centers found.,,,,,,,,
12,639689999,643498169,Missing pia/wm.,,,,,,,,
13,639796648,643498263,No soma centers found.,,,,,,,,
14,640106803,643502191,No soma centers found.,,,,,,,,
15,640311818,643503163,No soma centers found.,,,,,,,,
16,640319052,643503189,All cells in slice failed unexpectedly: {640319052: 'Point not found in any layer'},,,,,,,,
17,642110310,643503531,No soma centers found.,,,,,,,,
18,642124659,643503550,[],131.22146904719918,210.71492437498603,0.6227440673052606,0.2852778043819145,269.7738700684595,945.653205137897,675.8793350694375,Layer2/3
19,642429586,644738007,No soma centers found.,,,,,,,,
20,642442513,644738133,No soma centers found.,,,,,,,,
21,642488015,644738231,[],,,,0.09488790681919707,99.56828785161773,1049.325369157303,949.7570813056852,Layer1
22,642496703,644738290,[],46.59323772092761,127.3936862672355,0.36574212652256827,0.04859841045719893,46.55910551650401,958.0376205412941,911.4785150247901,Layer1
23,642512300,644738347,No soma centers found.,,,,,,,,
24,642532676,644738347,No soma centers found.,,,,,,,,
25,642767494,644738530,No soma centers found.,,,,,,,,
26,642827810,644738679,No soma centers found.,,,,,,,,
27,642833509,644738738,No soma centers found.,,,,,,,,
28,642842839,644738767,No soma centers found.,,,,,,,,
29,642851911,644738788,[],96.26381862074535,104.49298257141152,0.9212467311377367,0.09162871218511008,98.97277339641599,1080.150217504632,981.1774441082162,Layer1
30,643190956,644739333,No soma centers found.,,,,,,,,
31,643251590,644739371,No soma centers found.,,,,,,,,
32,643269551,644739409,No soma centers found.,,,,,,,,
33,643501610,645325679,No soma centers found.,,,,,,,,
34,643536919,645325964,[],144.1462217624198,213.21743056065367,0.6760527100593435,0.6642865423796696,653.4686433136529,983.7150109540626,330.2463676404096,Layer5
35,644842725,646750037,Missing pia/wm.,,,,,,,,
36,644848057,646750502,Missing pia/wm.,,,,,,,,
37,644857312,646750502,Missing pia/wm.,,,,,,,,
38,644917900,646751115,[],59.75866222335733,116.06365797159933,0.5148783285632805,0.05948178164125875,59.75866222335733,1004.6548804433679,944.8962182200106,Layer1
39,644919379,646751286,No soma centers found.,,,,,,,,
40,644934835,646751893,No soma centers found.,,,,,,,,
41,644935848,646751912,[],102.06604570561034,156.9201386095,0.6504330585611096,0.11220067187132966,105.13002579298794,936.982141368545,831.852115575557,Layer1
42,644935037,646751912,Point not found in any layer,,,,,,,,
43,644936843,646751931,No soma centers found.,,,,,,,,
44,644941196,646751970,[],112.14122506423769,151.29687058964265,0.7411998981022847,0.11627688069743289,112.81180502720983,970.1997882172328,857.387983190023,Layer1
45,644946047,646752196,No soma centers found.,,,,,,,,
46,644946408,646752196,No soma centers found.,,,,,,,,
47,644957513,646752995,No soma centers found.,,,,,,,,
48,644976625,646753403,[],121.89281039381072,174.905002818807,0.6969086557237342,0.11709735865393614,123.99075759994558,1058.8689533671024,934.8781957671569,Layer1
49,644994103,646756353,[],129.03658130021344,253.49724691293855,0.5090255727492375,0.6401190195755377,626.72498631687,979.0757142827135,352.3507279658436,Layer5
50,645000287,646756353,Missing soma center,,,,,,,,
51,645016032,646756989,No soma centers found.,,,,,,,,
52,645009607,646757163,[],42.91592156051844,239.32756148075862,0.17931876000821068,0.16660279909264789,164.54495697225366,987.6482140059973,823.1032570337436,Layer2/3
53,645016286,646757163,Missing soma center,,,,,,,,
54,645023727,646757475,No soma centers found.,,,,,,,,
55,645075128,646757757,[],41.47871363681458,101.24977424694316,0.409667220942637,0.045118765937603264,44.11497614629349,977.7522773406977,933.6373011944041,Layer1
56,645158069,646757909,[],104.0180151656376,177.6824705448429,0.5854151782484693,0.3040772500783873,326.60490674614834,1074.085307802388,747.4804010562394,Layer2/3
57,645162257,646757948,No soma centers found.,,,,,,,,
58,645169930,646757967,[],88.14434989991338,126.97227827753719,0.694201530410021,0.08216087631975594,89.76229736815756,1092.5187435783694,1002.7564462102117,Layer1
59,647041020,649504988,Missing pia/wm.,,,,,,,,
60,648582997,651661275,[],91.15702317316212,114.23701042221646,0.7979640121555053,0.08762415412889477,91.15702317316207,1040.3184382136285,949.1614150404664,Layer1
61,648585371,651661275,[],73.89140650315606,117.47076489344997,0.6290195400547371,0.07192995329721255,73.89140650315606,1027.2689347904738,953.3775282873178,Layer1
62,648593656,651661908,[],92.34286062700502,138.27481930517695,0.6678212352113176,0.096657524329898,92.62202254235783,958.2494811912752,865.6274586489174,Layer1
63,648594299,651662276,Missing pia/wm.,,,,,,,,
64,648607165,651665279,[],116.72342439343569,163.64670759032597,0.7132647280973212,0.25864066286175785,254.50519864962936,984.0107732234707,729.5055745738413,Layer2/3
65,648605614,651665279,Missing soma center,,,,,,,,
66,648892990,651674235,All cells in slice failed unexpectedly: {648892990: 'Point not found in any layer'},,,,,,,,
67,649008116,651685344,No soma centers found.,,,,,,,,
68,649012415,651685814,No soma centers found.,,,,,,,,
69,649382312,651688063,No soma centers found.,,,,,,,,
70,650132917,652950602,No soma centers found.,,,,,,,,
71,650156059,652950671,[],61.591427122719764,125.15097080770344,0.49213703038193785,0.06641024985433784,65.2360064712608,982.3183411348008,917.08233466354,Layer1
72,650161028,652950923,No soma centers found.,,,,,,,,
73,650172921,652951300,No soma centers found.,,,,,,,,
74,650176200,652951300,No soma centers found.,,,,,,,,
75,650476171,652951760,[],4.078738134711058,223.38371451338418,0.01825888759883916,0.19455760236654168,228.95112203383624,1176.7780813956476,947.8269593618113,Layer2/3
76,650484677,652951760,Missing soma center,,,,,,,,
77,651151937,652952650,No soma centers found.,,,,,,,,
78,651161691,652952650,No soma centers found.,,,,,,,,
79,651167896,652952650,No soma centers found.,,,,,,,,
80,652300499,656861891,[],175.6316803161975,254.1650971561558,0.6910141568662814,0.26902451594952553,290.7254355261527,1080.6652118675263,789.9397763413737,Layer2/3
81,652303366,656861891,[],132.77681903108027,225.4319848354303,0.5889883777051863,0.8631508209810711,886.2891031840143,1026.8067661415694,140.5176629575552,Layer6a
82,652305423,656861953,[],120.71115659984197,193.779924560295,0.6229291133936966,0.8701516590985396,903.0166383276078,1037.7692542276086,134.75261590000076,Layer6a
83,653203017,656864663,[],111.03784185620252,139.0674534450948,0.7984459275371815,0.11137305222127698,115.1714113993463,1034.104831485831,918.9334200864847,Layer1
84,653199987,656864663,Missing soma center,,,,,,,,
85,652810157,656864758,No soma centers found.,,,,,,,,
86,652811224,656864758,No soma centers found.,,,,,,,,
87,652812484,656864856,[],82.6346099978776,303.40971388996644,0.2723532115647609,0.20596321598639222,211.20240563775226,1025.4375016736299,814.2350960358776,Layer2/3
88,653677436,656866375,Missing pia/wm.,,,,,,,,
89,654356514,656866609,No soma centers found.,,,,,,,,
90,654407470,656866609,No soma centers found.,,,,,,,,
91,654689557,656866711,Missing pia/wm.,,,,,,,,
92,652938130,656867263,No soma centers found.,,,,,,,,
93,652953931,656867721,No soma centers found.,,,,,,,,
94,652953971,656868886,No soma centers found.,,,,,,,,
95,652958618,656874532,No soma centers found.,,,,,,,,
96,652959132,656874532,No soma centers found.,,,,,,,,
97,652959904,656876830,[],62.95906394253925,127.97519330497562,0.49196303062033686,0.06999909488547902,66.51403819288092,950.2128320616177,883.6987938687369,Layer1
98,653024237,656877122,[],198.29646454021528,293.6017415060217,0.6753926714571217,0.30115794872506535,305.0444275147169,1012.9051177500203,707.8606902353034,Layer2/3
99,653024481,656877160,No soma centers found.,,,,,,,,
100,653031656,656877293,[],47.08092471918828,107.55368206029334,0.4377434953160903,0.05673768246047462,51.74218634649699,911.9545265625246,860.2123402160277,Layer1
101,653031614,656877318,No soma centers found.,,,,,,,,
102,656705665,657959457,No soma centers found.,,,,,,,,
103,656912028,657966672,No soma centers found.,,,,,,,,
104,656993846,657970304,No soma centers found.,,,,,,,,
105,657185314,657979939,[],111.32554775560389,119.70002099823432,0.9300378297949174,0.12342297118069287,111.3255477556038,901.9840204026665,790.6584726470627,Layer1
106,657194483,657981905,[],1.255372184351434,184.9936608623707,0.006786028118473694,0.11983764673399702,93.41792050115838,779.5373411205047,686.1194206193463,Layer2/3
107,657532988,659953565,No soma centers found.,,,,,,,,
108,657585527,659953585,[],102.68572210508493,146.86888475371666,0.6991659416307128,0.12612405768160392,105.9001771671807,839.6508890835264,733.7507119163457,Layer1
109,657945461,661409160,No soma centers found.,,,,,,,,
110,658061248,661409656,No soma centers found.,,,,,,,,
111,658068133,661409772,[],33.011764449535974,86.8467826193265,0.38011499624845835,0.04182340621786897,34.261557232186014,819.1957645369359,784.93420730475,Layer1
112,658075752,661409772,[],25.59986338333825,74.74748494558584,0.34248461205048253,0.0349250817698907,28.671321093559637,820.9378372387233,792.2665161451637,Layer1
113,658089840,661409951,No soma centers found.,,,,,,,,
114,658103346,661410022,No soma centers found.,,,,,,,,
115,658124114,661410352,No soma centers found.,,,,,,,,
116,658411218,661410621,No soma centers found.,,,,,,,,
117,658435131,661411075,[],44.06728533074743,209.598249263519,0.21024643805752166,0.7602284800805097,662.5209878102285,871.4761485127026,208.95516070247416,Layer6a
118,658441785,661411172,No soma centers found.,,,,,,,,
119,658477694,661411192,No soma centers found.,,,,,,,,
120,658603411,661411437,No soma centers found.,,,,,,,,
121,659147142,661412199,No soma centers found.,,,,,,,,
122,659678793,663426098,No soma centers found.,,,,,,,,
123,659697295,663427224,[],60.61956549598306,190.09925677735117,0.3188837585355852,0.18787455958234597,160.1426543369823,852.3913758892476,692.2487215522652,Layer2/3
124,659700506,663427224,Missing soma center,,,,,,,,
125,660286172,663434627,No soma centers found.,,,,,,,,
126,660660732,663437070,No soma centers found.,,,,,,,,
127,661401628,665415619,No soma centers found.,,,,,,,,
128,661422469,665417932,No soma centers found.,,,,,,,,
129,667306013,672141699,No soma centers found.,,,,,,,,
130,667300994,672142643,No soma centers found.,,,,,,,,
131,667319630,672143629,No soma centers found.,,,,,,,,
132,667321194,672144310,No soma centers found.,,,,,,,,
133,667320923,672145096,No soma centers found.,,,,,,,,
134,667478506,672149439,No soma centers found.,,,,,,,,
135,667585479,672150340,No soma centers found.,,,,,,,,
136,667478348,672150892,No soma centers found.,,,,,,,,
137,667490926,672152270,No soma centers found.,,,,,,,,
138,667492404,672154153,No soma centers found.,,,,,,,,
139,667492978,672155423,No soma centers found.,,,,,,,,
140,667493822,672156416,No soma centers found.,,,,,,,,
141,667496244,672156997,No soma centers found.,,,,,,,,
142,668319974,672160421,No soma centers found.,,,,,,,,
143,668292781,672160898,No soma centers found.,,,,,,,,
144,668242473,672161754,No soma centers found.,,,,,,,,
145,668426472,672162868,No soma centers found.,,,,,,,,
146,668423181,672163091,No soma centers found.,,,,,,,,
147,668489573,672164922,No soma centers found.,,,,,,,,
148,667492234,672171540,[],72.94376846673823,121.78327598001263,0.5989637565564416,0.0955034156108348,77.42833332773526,810.7388917192933,733.3105583915581,Layer1
149,669522853,674243183,No soma centers found.,,,,,,,,
150,669523148,674243301,[],72.50357377144408,260.7255566930365,0.27808387751111674,0.18548301727207295,175.24566003625324,944.8070373968351,769.5613773605818,Layer2/3
151,669567574,674243301,Missing soma center,,,,,,,,
152,670534322,674246660,No soma centers found.,,,,,,,,
153,670556259,674246719,No soma centers found.,,,,,,,,
154,670607755,674246759,No soma centers found.,,,,,,,,
155,670666224,674246969,No soma centers found.,,,,,,,,
156,671876425,676439164,No soma centers found.,,,,,,,,
157,671927927,676439242,No soma centers found.,,,,,,,,
158,671943738,676439242,No soma centers found.,,,,,,,,
159,673047103,676444166,No soma centers found.,,,,,,,,
160,673121351,676444226,[],,,,0.05542473235112217,50.87986343789219,917.9992627760888,867.1193993381967,Layer1
161,673139917,676444226,Missing soma center,,,,,,,,
162,673724358,676446689,No soma centers found.,,,,,,,,
163,674240849,679130481,No soma centers found.,,,,,,,,
164,674246494,679130546,[],106.97867547791573,112.46144899791781,0.9512475290968054,0.12173142847261137,109.62771409347744,900.5703413571855,790.9426272637081,Layer1
165,674247723,679131028,[],122.02975541721668,192.01628946108292,0.6355177248748428,0.6419833267516567,611.4716914716905,952.472854031349,341.00116255965844,Layer5
166,674471452,679140271,No soma centers found.,,,,,,,,
167,674238265,679142260,No soma centers found.,,,,,,,,
168,674556708,679142694,No soma centers found.,,,,,,,,
169,674559170,679143295,No soma centers found.,,,,,,,,
170,674582479,679152126,No soma centers found.,,,,,,,,
171,675025710,679153880,No soma centers found.,,,,,,,,
172,675027801,679156484,[],35.16814597181948,106.15935762595896,0.3312769289329222,0.03969846754273409,35.970341693257296,906.0889228163886,870.1185811231313,Layer1
173,676757248,681789481,No soma centers found.,,,,,,,,
174,676768413,681789668,No soma centers found.,,,,,,,,
175,677042379,681790774,No soma centers found.,,,,,,,,
176,677042504,681790793,No soma centers found.,,,,,,,,
177,680898048,681792957,No soma centers found.,,,,,,,,
178,680904066,681793325,No soma centers found.,,,,,,,,
179,679250089,684922741,No soma centers found.,,,,,,,,
180,680852136,684961349,[],96.79817450995178,195.47317641789053,0.49519927124431995,0.2700516969420639,217.63619570148083,805.9056771939925,588.2694814925117,Layer2/3
181,680964142,684961369,[],176.4988771571668,206.87761211186125,0.8531560054054167,0.2906540187443939,282.80905075850507,973.0092567796635,690.2002060211585,Layer2/3
182,682135792,688066630,No soma centers found.,,,,,,,,
183,682163968,688067435,No soma centers found.,,,,,,,,
184,682177103,688067435,No soma centers found.,,,,,,,,
185,682158343,688068100,[],194.44338543285502,246.71842031294406,0.7881186381876877,0.3555202288879754,320.6287778106342,901.8580428278933,581.2292650172591,Layer2/3
186,682320370,688071985,No soma centers found.,,,,,,,,
187,682331689,688071985,No soma centers found.,,,,,,,,
188,685382599,692092442,No soma centers found.,,,,,,,,
189,686334539,693228304,No soma centers found.,,,,,,,,
190,686334676,693228373,No soma centers found.,,,,,,,,
191,688133015,694745694,No soma centers found.,,,,,,,,
192,688175350,694745734,[],73.0737841166986,163.987736254389,0.4456051762513603,0.08249350649045167,75.23620528445761,912.0257882742071,836.7895829897495,Layer1
193,688152462,694745734,Missing soma center,,,,,,,,
194,689123951,694747708,No soma centers found.,,,,,,,,
195,689256816,694748469,No soma centers found.,,,,,,,,
196,689279957,694748469,No soma centers found.,,,,,,,,
197,691433482,694750888,[],76.7666320011251,235.25733126977838,0.32630920187177476,0.18347912919247286,168.5499075918481,918.6325896229661,750.082682031118,Layer2/3
198,691665864,694751097,[],92.11393875854978,124.9160491642379,0.7374067573770255,0.29624054118479365,223.02868250392967,752.8634724063824,529.8347899024527,Layer2/3
199,691673416,694751097,[],15.058945648704112,27.38764131100831,0.5498445622862475,0.9765762145329991,753.8073167132945,771.8878521670393,18.08053545374484,Layer6b
200,691685873,694751566,[],127.27650262426064,189.43449880070523,0.6718760491359181,0.27755896060198815,224.22747252743216,807.8552824996636,583.6278099722315,Layer2/3
201,692296799,697813079,No soma centers found.,,,,,,,,
202,692309268,697813144,No soma centers found.,,,,,,,,
203,694212444,697813899,No soma centers found.,,,,,,,,
204,694664060,700419606,No soma centers found.,,,,,,,,
205,695278178,700420542,No soma centers found.,,,,,,,,
206,697764035,703172054,No soma centers found.,,,,,,,,
207,697811579,703174216,No soma centers found.,,,,,,,,
208,697811820,703174216,No soma centers found.,,,,,,,,
209,698509705,703180313,No soma centers found.,,,,,,,,
210,700161354,705053079,No soma centers found.,,,,,,,,
211,700193566,705053079,No soma centers found.,,,,,,,,
212,700278065,705054204,No soma centers found.,,,,,,,,
213,701155312,705084057,No soma centers found.,,,,,,,,
214,701152294,705084771,No soma centers found.,,,,,,,,
215,701148434,705086138,No soma centers found.,,,,,,,,
216,701684250,705089343,No soma centers found.,,,,,,,,
217,704670940,707659091,No soma centers found.,,,,,,,,
218,706531340,711106184,[],25.91608789436327,98.46814334224267,0.263192612500954,0.4398336305215629,386.78343971751144,879.3857787974432,492.6023390799318,Layer4
219,706531271,711107163,No soma centers found.,,,,,,,,
220,706544221,711107542,No soma centers found.,,,,,,,,
221,707660063,714120824,No soma centers found.,,,,,,,,
222,707678952,714120824,No soma centers found.,,,,,,,,
223,707666779,714120868,[],59.68714419961794,177.81565425180787,0.3356686701784643,0.6081575508790594,504.9236209587497,830.2513390303376,325.32771807158787,Layer5
224,707681894,714120868,[],171.51647859261814,176.1700262692821,0.9735849067221524,0.3479267486249086,283.81668846821185,815.736903212888,531.9202147446762,Layer2/3
225,708479383,714121705,No soma centers found.,,,,,,,,
226,708495657,714121806,[],177.31824891686344,189.1794398166987,0.9373019028318939,0.3426995841618732,306.8289323723655,895.3291645298166,588.500232157451,Layer2/3
227,708513415,714121806,[],10.64312942241026,42.430744760124824,0.2508353195914761,0.960179135856836,868.584673997517,904.6069025676311,36.022228570114095,Layer6b
228,708696754,714122982,No soma centers found.,,,,,,,,
229,708766941,714122982,No soma centers found.,,,,,,,,
230,709423277,714124816,No soma centers found.,,,,,,,,
231,709436266,714124838,No soma centers found.,,,,,,,,
232,709417950,714125254,No soma centers found.,,,,,,,,
233,709447918,714125254,No soma centers found.,,,,,,,,
234,709453221,714125254,No soma centers found.,,,,,,,,
235,709461711,714125515,No soma centers found.,,,,,,,,
236,710346584,714127183,No soma centers found.,,,,,,,,
237,710867810,717092577,No soma centers found.,,,,,,,,
238,711477649,717093657,[],226.3125638665398,239.39458927902805,0.9453537130814581,0.38781179190963666,353.3285951798238,911.0826502721513,557.7540550923275,Layer2/3
239,711508435,717093725,No soma centers found.,,,,,,,,
240,711483359,717093746,No soma centers found.,,,,,,,,
241,711510463,717093746,No soma centers found.,,,,,,,,
242,711572453,717093844,No soma centers found.,,,,,,,,
243,711572656,717093967,No soma centers found.,,,,,,,,
244,711577762,717093989,No soma centers found.,,,,,,,,
245,714485370,718875276,[],58.50186959900056,243.812588744292,0.23994605816009232,0.5264256704803808,467.61289840122987,888.2790574679187,420.66615906668886,Layer5
246,714462113,718875322,No soma centers found.,,,,,,,,
247,714701049,718875388,No soma centers found.,,,,,,,,
248,714717722,718875744,[],5.475133244884476,162.07151679769717,0.03378220524534679,0.12420474701228895,104.8171409479264,843.9060782238515,739.0889372759251,Layer4
249,714722191,718875744,No soma centers found.,,,,,,,,
250,714755043,718876208,[],180.91945684834815,194.97921577589764,0.9278909863720588,0.7443894265926251,610.9689971028081,820.7652812849091,209.79628418210098,Layer5
251,715140522,718877230,No soma centers found.,,,,,,,,
252,716562206,720315972,[],92.18179131579829,213.31366912742405,0.43214197989690484,0.24721737221515633,206.63715797218103,835.852092919838,629.214934947657,Layer2/3
253,716556217,720315972,Missing soma center,,,,,,,,
254,716832846,720316635,[],167.86580648964912,212.2527178611623,0.7908770647613222,0.694203638200969,582.1152601542632,838.5367464549981,256.4214863007349,Layer5
255,716838742,720316635,Missing soma center,,,,,,,,
256,716846357,720316678,No soma centers found.,,,,,,,,
257,717655913,720330419,[],186.0627735257897,289.964947326081,0.6416733306614203,0.8637513383360877,658.6900787136397,762.5922525139309,103.9021738002913,Layer6a
258,717637005,720330419,[],101.25889975541087,140.0460538962893,0.7230400067566192,0.13664377336377073,105.16335351387116,769.6168725808461,664.453519066975,Layer1
259,717675736,720330419,[],43.66391383588551,251.85985718059493,0.17336591199834003,0.18902117516144173,160.71781261101472,850.263535150211,689.5457225391964,Layer2/3
260,717770635,720330806,No soma centers found.,,,,,,,,
261,718849411,723503566,No soma centers found.,,,,,,,,
262,723983069,732388084,No soma centers found.,,,,,,,,
263,724191966,732391405,No soma centers found.,,,,,,,,
264,724770442,732398487,[],98.00433607455376,106.27587585558847,0.9221691685488965,0.11954826184424058,100.88698411736083,843.9017227101676,743.0147385928068,Layer1
265,724744790,732398487,Missing soma center,,,,,,,,
266,724756081,732398487,Missing soma center,,,,,,,,
267,724802323,732398487,Missing soma center,,,,,,,,
268,724812900,732403564,No soma centers found.,,,,,,,,
269,726156251,732410037,No soma centers found.,,,,,,,,
270,726192665,732410037,No soma centers found.,,,,,,,,
271,727146579,736887023,No soma centers found.,,,,,,,,
272,730829986,740269746,No soma centers found.,,,,,,,,
273,730859444,740273193,[],78.5509654843101,217.01608686308177,0.36195918293314777,0.2238556854117772,202.9029500456258,906.4007003994143,703.4977503537884,Layer2/3
274,730849363,740273193,[],145.8057001916297,223.50152918245215,0.6523700339992009,0.2738584288982854,257.7675162402453,941.243683012523,683.4761667722777,Layer2/3
275,730867067,740273193,Missing soma center,,,,,,,,
276,730878829,740273193,Missing soma center,,,,,,,,
277,731917470,740279667,[],57.56059947886398,250.48488230361954,0.22979670050144269,0.22632484663631036,206.99025750782877,914.5715133983895,707.5812558905607,Layer2/3
278,731882356,740279667,[],123.02996218838135,172.15349176824606,0.7146527260336081,0.13842114479426895,123.59953969033235,892.9238367016435,769.3242970113112,Layer1
279,731974838,740280558,[],29.382560889630053,168.3901516039397,0.17449096998700375,0.19353757516366943,188.38724797639938,973.3884896361104,785.001241659711,Layer2/3
280,731980846,740281754,[],56.53762294792752,130.69344627481112,0.4325972308438863,0.0668773758005563,58.149167829390244,869.4893771371115,811.3402093077214,Layer1
281,732708277,740285471,[],39.15957089364192,161.19643392206078,0.24293075188360405,0.17595822199719632,154.92350362557008,880.4561779900151,725.532674364445,Layer2/3
282,733537608,740291111,No soma centers found.,,,,,,,,
283,734802524,740292794,[],26.001140802305123,181.67309713125863,0.14312047965758698,0.7571894004919426,637.8702272989623,842.4183260945555,204.54809879559323,Layer6a
284,736485304,742589049,[],19.30877009031485,198.07291728061438,0.09748314083222029,0.5552191339704544,498.45113544368434,897.7556877033151,399.30455225963067,Layer5
285,736493069,742590028,No soma centers found.,,,,,,,,
286,738783662,742600430,No soma centers found.,,,,,,,,
287,739594128,745355961,No soma centers found.,,,,,,,,
288,739680146,745356081,No soma centers found.,,,,,,,,
289,739710318,745356177,[],115.61806598024565,204.17046080900337,0.5662820445333843,0.2950672759813396,266.87873953119487,904.4674257543645,637.5886862231696,Layer2/3
290,739810705,745356278,[],164.3711593917711,172.37831020476395,0.9535489656240316,0.7179430183434395,551.3287405174485,767.9282706719094,216.5995301544609,Layer5
291,739829029,745356359,Missing pia/wm.,,,,,,,,
292,740329222,745357049,[],95.84714685911669,203.1804623337677,0.4717340720569239,0.591010285109693,530.1382216411888,897.0033770948569,366.8651554536681,Layer5
293,740377985,745357231,No soma centers found.,,,,,,,,
294,740892132,745358230,No soma centers found.,,,,,,,,
295,741202597,745358778,No soma centers found.,,,,,,,,
296,741225385,745358801,Missing pia/wm.,,,,,,,,
297,741270123,745358862,No soma centers found.,,,,,,,,
298,741255530,745358894,[],111.30440291705783,118.37189828895357,0.9402941451978448,0.12178186366502336,111.30440291705783,913.9653439958422,802.6609410787844,Layer1
299,741894708,745359111,No soma centers found.,,,,,,,,
300,741977538,745359156,No soma centers found.,,,,,,,,
301,742016193,745359671,No soma centers found.,,,,,,,,
302,742022294,745359671,No soma centers found.,,,,,,,,
303,742059312,745359671,No soma centers found.,,,,,,,,
304,742798832,750717346,[],20.55476196063367,211.9224342738334,0.09699191136165435,0.16159179170657384,149.39994932332283,924.551598478532,775.1516491552092,Layer2/3
305,742954364,750718291,No soma centers found.,,,,,,,,
306,742960975,750718659,No soma centers found.,,,,,,,,
307,743013006,750720160,No soma centers found.,,,,,,,,
308,743458081,750721824,[],25.678378747120284,173.54045574064887,0.14796768072048785,0.1737492718568903,148.04228597157376,852.0455043605002,704.0032183889265,Layer2/3
309,743458377,750723208,[],115.40606574105165,154.397191861879,0.7474622067238883,0.1375110656499785,116.96316056222322,850.5727157983195,733.6095552360962,Layer1
310,743660509,750723750,[],37.50670406367399,244.96264709535782,0.15311193158797623,0.16451040437580353,140.00966454286157,851.0687519983655,711.059087455504,Layer2/3
311,743770160,750724073,No soma centers found.,,,,,,,,
312,744222514,750724710,[],23.41155328289573,203.2657716238552,0.11517705659868295,0.15369291617986108,125.7749655402792,818.3523916814061,692.5774261411268,Layer2/3
313,744405042,750724775,No soma centers found.,,,,,,,,
314,746108633,754625298,[],66.65226509120146,124.22359073325751,0.536550784740415,0.08135590227970446,67.57769567359276,830.6428148416111,763.0651191680183,Layer1
315,746086313,754625298,[],26.472186737178788,107.7466529173229,0.2456891793890958,0.03407763902610166,27.449174999007607,805.4893409130543,778.0401659140467,Layer1
316,746102029,754626075,[],85.82992061214811,228.476529923498,0.3756618705688808,0.23012358320938506,243.5860783047946,1058.501153630831,814.9150753260363,Layer2/3
317,746172313,754626075,Missing soma center,,,,,,,,
318,750378755,757988191,[],66.16263958184146,136.67503639190141,0.48408722857133174,0.06868579366662164,66.16263958184146,963.2652700058072,897.1026304239657,Layer1
319,750421101,757988191,Missing soma center,,,,,,,,
320,750421132,757988949,No soma centers found.,,,,,,,,
321,750773551,757995857,No soma centers found.,,,,,,,,
322,750780017,757995857,No soma centers found.,,,,,,,,
323,750783623,757995857,No soma centers found.,,,,,,,,
324,750786577,757996267,No soma centers found.,,,,,,,,
325,750795641,757996267,No soma centers found.,,,,,,,,
326,752076719,758003597,[],84.54462804439827,105.77835189794766,0.7992621035158956,0.08584406636974036,84.54462804439827,984.8628055462184,900.3181775018202,Layer1
327,754271180,758015465,No soma centers found.,,,,,,,,
328,755620558,759894909,No soma centers found.,,,,,,,,
329,757205480,761780455,No soma centers found.,,,,,,,,
330,757252810,761780509,[],113.73594040872467,151.53248601993602,0.7505713355336971,0.14431205169959008,113.73594040872467,788.1250323118214,674.3890919030968,Layer1
331,758068612,761781319,[],117.90130521051806,130.24193738517678,0.9052483983084296,0.12869529881328753,118.25967113224955,918.9121298348427,800.6524587025932,Layer1
332,758058197,761781365,No soma centers found.,,,,,,,,
333,760316107,763577063,[],127.45589176774295,134.85106701222364,0.945160424694227,0.15107395152769207,130.66662808186672,864.9183182179182,734.2516901360515,Layer1
334,760949922,763587347,[],15.84292504915605,179.85488064131232,0.0880872678721011,0.14724876567226636,123.89215770777524,841.3799405526004,717.4877828448251,Layer2/3
335,760965714,763588802,[],36.23195046346875,177.1196874755771,0.20456196021949702,0.17711719901956607,165.54804188650456,934.6807808778442,769.1327389913397,Layer2/3
336,760988294,763589287,No soma centers found.,,,,,,,,
337,761409397,767163235,[],67.36465635059997,217.72058090584753,0.3094087663661506,0.19178594329310775,162.89034297021274,849.3341074599317,686.443764489719,Layer2/3
338,761820997,767168052,[],19.7175967109588,148.9492627730499,0.13237794094356808,0.1403017724271193,123.16518478151154,877.8590794032237,754.6938946217122,Layer2/3
339,761826348,767169820,[],138.78993150808736,142.28235186645,0.9754542969486425,0.494560220080911,417.15258311198664,843.4818777857622,426.3292946737756,Layer4
340,764341238,771243380,[],86.9923568022848,108.7488817311745,0.7999379434294186,0.11657970267939949,88.07873395495326,755.5237483936168,667.4450144386635,Layer1
341,764391439,771243990,[],57.80924257058066,119.34671498478406,0.48438067673627183,0.0893969403366617,66.0936469747665,739.327841935788,673.2341949610214,Layer1
342,764365826,771243990,Missing soma center,,,,,,,,
343,764484965,771245456,[],80.53910171649463,128.58188202998446,0.6263643092244787,0.10465602699160556,86.83704455002615,829.7376371548228,742.9005926047967,Layer1
344,764464218,771245456,Missing soma center,,,,,,,,
345,764479836,771245456,Missing soma center,,,,,,,,
346,764500049,771267228,No soma centers found.,,,,,,,,
347,764834652,771271781,No soma centers found.,,,,,,,,
348,764870999,771271861,[],124.08257316235706,179.50171123408853,0.691261227033879,0.10999806339775357,124.08257316235716,1128.0432521223026,1003.9606789599455,Layer1
349,764897253,771273643,[],138.8618639045679,188.7462440050805,0.7357066342513822,0.2879581002946765,221.7511844836752,770.0814259322808,548.3302414486056,Layer2/3
350,764898234,771273997,No soma centers found.,,,,,,,,
351,764896381,771274454,[],85.88558717521781,101.45906449616271,0.8465048204585613,0.09729321325272676,90.85077629054405,933.7832851151911,842.932508824647,Layer1
352,765143388,771275410,[],56.83298109954131,126.43483932909271,0.44950411928481815,0.4094560855211402,332.71922130298213,812.5882922939336,479.8690709909514,Layer4
353,764899841,771275455,[],63.545216071856466,119.17629707684881,0.5332034777929072,0.07304048716793578,64.38082136940731,881.4401966046854,817.0593752352781,Layer1
354,764901187,771275553,[],24.437952232022745,179.01944620634603,0.13651004262327143,0.5998614563706746,543.6635607992118,906.3152083291444,362.6516475299326,Layer5
355,764916581,771275553,[],225.63347964738333,240.0941164611079,0.9397709655410611,0.24843640752875937,225.63347964738333,908.2142262955708,682.5807466481875,Layer1
356,764902707,771276050,[],72.76084788847871,181.05859638734057,0.40186353666865204,0.23323283612424353,171.26301468436944,734.3006136285944,563.037598944225,Layer2/3
357,764915850,771276050,[],17.567280969824566,165.65258390429037,0.10604894023249568,0.15255690909209002,114.46005440585502,750.277749379164,635.817694973309,Layer2/3
358,764901694,771276050,[],102.9999514476703,150.2624579712072,0.6854669678530536,0.299894767419237,213.4501092237224,711.7500283868924,498.29991916317005,Layer2/3
359,764922700,771276050,Missing soma center,,,,,,,,
360,764902677,771276585,[],97.29144723686869,145.05311176330298,0.6707298178864887,0.11138996352925339,109.55317677667642,983.5103029538691,873.9571261771927,Layer1
361,764899933,771276585,Missing soma center,,,,,,,,
362,764929763,771277300,No soma centers found.,,,,,,,,
363,766049138,771281699,No soma centers found.,,,,,,,,
364,766068893,771281699,No soma centers found.,,,,,,,,
365,766204354,771283664,No soma centers found.,,,,,,,,
366,766224440,771295034,No soma centers found.,,,,,,,,
367,766774703,773462837,No soma centers found.,,,,,,,,
368,767257549,773464335,No soma centers found.,,,,,,,,
369,780471774,789994922,No soma centers found.,,,,,,,,
370,788256204,797893654,No soma centers found.,,,,,,,,
371,788349250,797893911,[],80.02099148156915,111.09573202717961,0.7202886197463643,0.08743490157715883,80.02099148156915,915.2065140823987,835.1855226008296,Layer1
372,788418848,797894040,No soma centers found.,,,,,,,,
373,788980414,797894203,[],139.11615347584095,159.73636761784792,0.8709109612950595,0.15822909937810165,150.94512433310285,953.9656417585167,803.0205174254138,Layer1
374,803561499,808766098,[],69.16959997438808,160.1219556544409,0.4319807342577238,0.18388682352390825,160.25273942146228,871.4748362632238,711.2220968417615,Layer2/3
375,797062169,808782652,No soma centers found.,,,,,,,,
376,797113792,808784379,No soma centers found.,,,,,,,,
377,797153425,808785289,No soma centers found.,,,,,,,,
378,799776604,808789548,[],3.876021666846115,72.77855158985335,0.05325774671485085,0.2237756036483491,144.79612539847537,647.0594785033601,502.26335310488474,Layer2/3
379,802366304,808791774,No soma centers found.,,,,,,,,
380,799870027,808792803,No soma centers found.,,,,,,,,
381,800276204,808800486,[],39.8302974321182,188.08642193498497,0.21176593728752077,0.1604608095756347,130.62426871798837,814.0571461869473,683.432877468959,Layer2/3
382,802404053,808801251,No soma centers found.,,,,,,,,
383,807349990,811665936,No soma centers found.,,,,,,,,
384,809694067,814424764,No soma centers found.,,,,,,,,
385,812969884,818714056,No soma centers found.,,,,,,,,
386,812989401,818714580,No soma centers found.,,,,,,,,
387,813000460,818714580,No soma centers found.,,,,,,,,
388,821652024,829198236,[],94.28795638128445,140.6572484995703,0.6703384104771002,0.11307995147000516,97.61881868668976,863.2725555474216,765.6537368607318,Layer1
389,821594273,829198610,[],128.63858958593195,134.67845262048968,0.9551534568667978,0.15420365140896292,131.37647164519743,851.9673201302762,720.5908484850788,Layer1
390,823681740,829204819,[],107.57506404043963,278.3294683871817,0.38650260306175305,0.23899970263455173,223.1866383476088,933.8364687795354,710.6498304319266,Layer2/3
391,823745688,829205009,No soma centers found.,,,,,,,,
392,823719680,829205078,[],68.47681648262241,104.27908496385524,0.656668751038212,0.08461812084763214,68.47681648262241,809.2452987218351,740.7684822392126,Layer1
393,823889517,829206684,No soma centers found.,,,,,,,,
394,823907738,829207015,[],44.10441140169204,104.08740349541864,0.42372477284086807,0.05287362712228422,45.23275228413747,855.4879766338858,810.2552243497482,Layer1
395,823952975,829207084,[],83.10878372205075,202.6900104606969,0.41002900701989037,0.646015922629599,545.2943819142425,844.0881452188194,298.7937633045769,Layer5
396,823964038,829207084,Missing soma center,,,,,,,,
397,823968176,829207084,Missing soma center,,,,,,,,
398,824701767,831877700,No soma centers found.,,,,,,,,
399,824792964,831878679,[],87.4437667383731,110.82396847191701,0.7890329857708669,0.1072206542905003,87.4437667383731,815.5496468194988,728.1058800811256,Layer1
400,824840538,831878679,[],71.81868343128316,195.20042831366663,0.3679227758449283,0.5579724417492679,479.3008798381288,859.0045743755727,379.70369453744394,Layer5
401,825512557,831882501,No soma centers found.,,,,,,,,
402,825525063,831882658,No soma centers found.,,,,,,,,
403,825525155,831882729,No soma centers found.,,,,,,,,
404,825522397,831883100,[],97.9813558847958,145.36204688227008,0.6740504690619259,0.4492391813042507,371.6531342996338,827.2945677192142,455.6414334195805,Layer4
405,825534003,831883100,Missing soma center,,,,,,,,
406,825549510,831883642,[],85.63191851529463,124.94616991975346,0.6853504878964408,0.09706679766575596,89.07389879169496,917.6556859165778,828.5817871248828,Layer1
407,825563578,831883642,[],101.89190499324953,134.89714120842493,0.7553303508175896,0.11695690038731892,106.4573591232573,910.2272612450319,803.7699021217745,Layer1
408,826700106,831885297,No soma centers found.,,,,,,,,
409,826710259,831885297,No soma centers found.,,,,,,,,
410,826712572,831885392,[],44.98965175716299,127.60636034947753,0.3525659037210146,0.05424370257323082,44.98965175716293,829.3986144552981,784.4089626981352,Layer1
411,826719991,831885392,[],61.06987369618193,137.26345434476983,0.4449099287767479,0.07360211857126263,63.92634830733566,868.5395141913103,804.6131658839747,Layer1
412,826739825,831885392,Missing soma center,,,,,,,,
413,827347629,831888114,[],70.08395982963133,192.03938972723626,0.3649457537288329,0.19197075643001454,153.34860337930073,798.8123099114108,645.4637065321101,Layer2/3
414,827448258,831888114,Missing soma center,,,,,,,,
415,827524052,831888183,[],150.67190438757285,174.13726768360482,0.8652478954782563,0.18148143640468653,150.67190438757274,830.23314875902,679.5612443714472,Layer1
416,827503672,831888722,[],91.83161898448166,101.94797758442738,0.9007694037719588,0.12714317175521983,100.14829766631011,787.6812909710864,687.5329933047763,Layer1
417,827447865,831888722,[],151.72096843260874,180.32825882429182,0.8413599145347628,0.33775750583116404,257.4577626790192,762.2562289044006,504.7984662253814,Layer2/3
418,827573535,831888722,[],94.98076965857015,107.58522287984509,0.8828421517018928,0.12240084116557193,98.99515439129964,808.7783829637955,709.7832285724959,Layer1
419,827652298,831889513,[],88.37964237201705,99.38477067602217,0.8892674578897001,0.11363014849671538,88.37964237201716,777.7833923588676,689.4037499868504,Layer1
420,828707565,836113948,No soma centers found.,,,,,,,,
421,828727693,836114512,No soma centers found.,,,,,,,,
422,828778207,836114512,No soma centers found.,,,,,,,,
423,828803869,836114833,All cells in slice failed unexpectedly: {828803869: 'Point not found in any layer'},,,,,,,,
424,830445950,836123909,[],77.83061538049157,132.10616782498272,0.589152018122298,0.09957583779710874,77.83061538049168,781.6214967638621,703.7908813833703,Layer1
425,832005570,839000408,No soma centers found.,,,,,,,,
426,834073873,839006752,[],183.39231023370868,199.58458968436156,0.9188700917427514,0.3318123324805959,296.4236295142948,893.3472342581764,596.9236047438816,Layer2/3
427,834099738,839006752,[],15.67964939814849,194.66596741476428,0.08054643349518155,0.1555245294085389,138.328425680922,889.4315655992414,751.1031399183194,Layer2/3
428,834160937,839006847,No soma centers found.,,,,,,,,
429,833896435,839507101,No soma centers found.,,,,,,,,
430,839819559,845645154,No soma centers found.,,,,,,,,
431,841185744,847910927,No soma centers found.,,,,,,,,
432,842841654,847919573,[],103.06144683168883,113.77331930464655,0.9058489939607463,0.11122713422332718,103.06144683168802,926.5854735118527,823.5240266801646,Layer1
433,843366621,847922865,[],87.9879531478971,147.19431548492366,0.5977673312860322,0.10339184252905415,92.03717757687222,890.178328633701,798.1411510568288,Layer1
434,844226005,851758106,No soma centers found.,,,,,,,,
435,844232846,851760424,No soma centers found.,,,,,,,,
436,844231938,851761706,[],35.1380082106073,156.5149098909395,0.22450262556514056,0.1600436341015597,139.01190483769437,868.5875300074784,729.5756251697841,Layer2/3
437,844242654,851761706,[],58.85378043322695,109.49849022728247,0.5374848576548048,0.06975954346401347,58.85378043322695,843.6663646399517,784.8125842067248,Layer1
438,844254029,851762029,No soma centers found.,,,,,,,,
439,844269667,851762255,No soma centers found.,,,,,,,,
440,844282161,851762255,No soma centers found.,,,,,,,,
441,844823616,851765316,No soma centers found.,,,,,,,,
442,845586342,851775152,No soma centers found.,,,,,,,,
443,845602469,851775152,No soma centers found.,,,,,,,,
444,845614297,851775152,No soma centers found.,,,,,,,,
445,847834091,855179695,[],84.01237016727302,199.68088009723726,0.4207331724818224,0.560774684040258,470.6279461113937,839.2460635359341,368.61811742454034,Layer5
446,848635223,855183799,No soma centers found.,,,,,,,,
447,850993746,855197400,No soma centers found.,,,,,,,,
448,851858759,859059132,[],32.21019134372332,72.52889580725846,0.44410149892975237,0.3613260796364549,331.5712951927663,917.6511574430881,586.0798622503219,Layer4
449,854425428,859060588,No soma centers found.,,,,,,,,
450,854359267,859060634,No soma centers found.,,,,,,,,
451,854418891,859060634,No soma centers found.,,,,,,,,
452,855357345,859061248,[],85.57930188165764,126.11357389025491,0.6785891418486758,0.11600186873284028,95.9167040422681,826.854817857895,730.9381138156269,Layer1
453,855275163,863416931,[],32.64298693045043,206.14549084800007,0.15834926486225936,0.18295952956968875,161.57553037799747,883.1216977766322,721.5461673986348,Layer2/3
454,855255407,863416931,[],77.88024074370823,208.9144672351564,0.37278529234667784,0.22642287136639938,201.89757453081532,891.6836594837762,689.7860849529609,Layer2/3
455,855221359,863416931,[],205.52006276022124,211.52820952567268,0.9715964751040818,0.3794339748937185,334.04106408691194,880.3667731137641,546.3257090268522,Layer2/3
456,855255710,863417185,No soma centers found.,,,,,,,,
457,855414991,863417422,No soma centers found.,,,,,,,,
458,855431538,863417422,No soma centers found.,,,,,,,,
459,855489548,863417791,No soma centers found.,,,,,,,,
460,855469447,863417872,No soma centers found.,,,,,,,,
461,855488203,863417872,No soma centers found.,,,,,,,,
462,855791035,863419340,[],77.13066645054528,199.62764887117353,0.38637266374018314,0.27181560185607884,239.38964801212518,880.7060609378759,641.3164129257507,Layer2/3
463,855835410,863419340,[],30.475559722486427,167.09829344821986,0.1823810350997399,0.20351277755427075,164.61435900012992,808.8649812478345,644.2506222477047,Layer2/3
464,855782996,863419869,No soma centers found.,,,,,,,,
465,855798106,863419869,No soma centers found.,,,,,,,,
466,855835289,863419869,No soma centers found.,,,,,,,,
467,855962521,863420634,No soma centers found.,,,,,,,,
468,855995114,863420744,[],70.26834095183877,132.34869768188867,0.530933376622524,0.08901245093792551,78.15677641801292,878.0431905253009,799.886414107288,Layer1
469,857264868,863423121,[],119.00949785836407,152.5668359076221,0.7800482794991127,0.13481320426346935,125.72849271943062,932.6125983454542,806.8841056260236,Layer1
470,857326083,863423121,[],112.36907478192671,130.45227540077198,0.8613807190155132,0.11452132661220245,112.36907478192661,981.206541227348,868.8374664454213,Layer1
471,858029990,863423783,No soma centers found.,,,,,,,,
472,858105502,863423783,No soma centers found.,,,,,,,,
473,858268431,863424963,No soma centers found.,,,,,,,,
474,858252803,863425569,[],75.34081151400514,84.32819207649672,0.8934237727480407,0.10558097200752342,78.75470053659346,745.9175553998651,667.1628548632717,Layer1
475,858312027,863425569,[],84.5493549739872,113.1815075489742,0.7470244636686986,0.10842193807502185,90.09964995573984,831.0094022982321,740.9097523424922,Layer1
476,858937670,867568622,No soma centers found.,,,,,,,,
477,858958151,867568622,No soma centers found.,,,,,,,,
478,859034131,867569907,No soma centers found.,,,,,,,,
479,859050969,867571111,No soma centers found.,,,,,,,,
480,859068129,867571832,No soma centers found.,,,,,,,,
481,859075920,867572181,[],16.282730068044774,130.21722334329434,0.1250428295888193,0.16303320649071873,119.80375296299628,734.8426467329314,615.038893769935,Layer2/3
482,859640396,867578628,No soma centers found.,,,,,,,,
483,861740206,867590770,No soma centers found.,,,,,,,,
484,861765347,867590770,No soma centers found.,,,,,,,,
485,865674978,872056320,[],100.0022775324283,120.27206600887294,0.8314671964232387,0.11883797893032814,100.0022775324283,841.5009951579303,741.4987176255021,Layer1
486,866267921,872060913,[],59.47672301535234,181.82162067747663,0.32711578960598325,0.18199232659621511,169.87842023518647,933.4372685508566,763.5588483156702,Layer2/3
487,866337101,872063287,No soma centers found.,,,,,,,,
488,866999931,876700997,No soma centers found.,,,,,,,,
489,867015583,876701090,No soma centers found.,,,,,,,,
490,867017156,876701183,[],77.70434088455616,120.34855611468726,0.645660765638992,0.11219275846890614,81.52689023933549,726.6680252088677,645.1411349695322,Layer1
491,867027741,876701183,Missing soma center,,,,,,,,
492,867038197,876701267,No soma centers found.,,,,,,,,
493,867096689,876701341,[],143.73627788751702,242.5077128011622,0.5927080678269799,0.2781977893898623,246.4969932579215,886.0494319474417,639.5524386895202,Layer2/3
494,867130068,876702207,No soma centers found.,,,,,,,,
495,867176038,876704099,No soma centers found.,,,,,,,,
496,870771882,876717143,[],107.610552239842,121.6080764338226,0.8848964262534169,0.11981125296664556,107.610552239842,898.1673221446057,790.5567699047637,Layer1
497,871015146,876719222,No soma centers found.,,,,,,,,
498,873811248,880651375,[],12.266502414385933,173.22419210736862,0.0708128712575138,0.17953284441533518,148.37924250491082,826.4740804843879,678.094837979477,Layer2/3
499,873854264,880652444,All cells in slice failed unexpectedly: {873854264: 'Point not found in any layer'},,,,,,,,
500,886464017,894081846,[],11.27359117691986,229.59353560801446,0.04910238934674226,0.6819176683706176,555.1410748991339,814.0881233149372,258.94704841580335,Layer6a
501,886482499,894082677,No soma centers found.,,,,,,,,
502,887156236,894084120,[],157.02299237494262,203.8942117063702,0.7701199119917772,0.29439308601443814,263.3124127865313,894.424581607251,631.1121688207197,Layer2/3
503,888001481,898419918,[],73.04135590295074,86.05504115154471,0.8487748646162797,0.09838739030235237,77.56401640181011,788.3532245692221,710.789208167412,Layer1
504,888088377,898419918,Missing soma center,,,,,,,,
505,888080861,898420627,[],95.56442220742574,117.17600007322018,0.8155631029196256,0.11267894160051183,95.55597600160846,848.0375715667391,752.4815955651306,Layer1
506,888115032,898420783,No soma centers found.,,,,,,,,
507,888108541,898422244,[],112.50868273998793,139.89353406627126,0.8042450531465565,0.2619088728545619,214.96788783876463,820.7735976861554,605.8057098473909,Layer2/3
508,888214374,898422244,Missing soma center,,,,,,,,
509,889218836,898427197,No soma centers found.,,,,,,,,
510,889183564,898427787,[],34.337427877306006,80.61696347350323,0.42593303441144686,0.04651626974515054,37.45116851114006,805.1197724220881,767.668603910948,Layer1
511,889235347,898427787,[],33.06928590145371,150.62823243941557,0.21954241489725085,0.1499309111980748,114.13291577643872,761.2367247315459,647.1038089551072,Layer2/3
512,889266673,898429342,No soma centers found.,,,,,,,,
513,889337361,898431306,No soma centers found.,,,,,,,,
514,891495976,898432292,[],51.8230220039619,70.97540355400452,0.730154664982359,0.06839279767503309,56.263534036837726,822.6529100940234,766.3893760571856,Layer1
515,891449886,898432292,Missing soma center,,,,,,,,
516,891514933,898432387,No soma centers found.,,,,,,,,
517,891534772,898432387,No soma centers found.,,,,,,,,
518,891558548,898432387,No soma centers found.,,,,,,,,
519,891652412,898434096,No soma centers found.,,,,,,,,
520,891664096,898435206,No soma centers found.,,,,,,,,
521,894551006,902003706,[],122.59065148568988,165.3317905292193,0.7414826337589581,0.2749894043963565,237.01858375522966,861.9189683890601,624.9003846338304,Layer2/3
522,899739078,906686891,No soma centers found.,,,,,,,,
523,901179274,911350860,[],129.89763619427825,172.74915772526325,0.7519436731544868,0.24620751110248804,233.6621807030056,949.0457039945453,715.3835232915397,Layer2/3
524,913898432,921636979,No soma centers found.,,,,,,,,
525,913924619,921636979,No soma centers found.,,,,,,,,
526,916642385,921668769,No soma centers found.,,,,,,,,
527,917536372,926626503,No soma centers found.,,,,,,,,
528,920529583,926637600,No soma centers found.,,,,,,,,
529,921993647,932712122,No soma centers found.,,,,,,,,
530,922832877,932714957,No soma centers found.,,,,,,,,
531,922877472,932714957,No soma centers found.,,,,,,,,
532,922877650,932717309,No soma centers found.,,,,,,,,
533,925444752,932720446,No soma centers found.,,,,,,,,
534,929360825,937587148,All cells in slice failed unexpectedly: {929360825: 'Point not found in any layer'},,,,,,,,
535,934799128,941583683,No soma centers found.,,,,,,,,
536,935084855,941584328,No soma centers found.,,,,,,,,
537,935760710,941588458,No soma centers found.,,,,,,,,
538,940018318,947123334,No soma centers found.,,,,,,,,
539,940756541,947129372,No soma centers found.,,,,,,,,
540,941794256,952939700,[],110.54503585150358,124.05388627675433,0.8911049800155911,0.13859406508594105,114.3263725288101,824.9009252879425,710.5745527591324,Layer1
541,941829567,952939700,Missing soma center,,,,,,,,
542,941868688,952940706,[],95.57327140432768,103.76997376089048,0.9210108467845443,0.11614085407881292,100.20970072567926,862.8290322170111,762.6193314913319,Layer1
543,942744962,952946489,No soma centers found.,,,,,,,,
544,942932431,952947735,No soma centers found.,,,,,,,,
545,945093559,952949902,No soma centers found.,,,,,,,,
546,945165059,952950247,No soma centers found.,,,,,,,,
547,945121810,952950401,No soma centers found.,,,,,,,,
548,951515123,958323354,All cells in slice failed unexpectedly: {951515123: 'Point not found in any layer'},,,,,,,,
549,958922607,966807294,No soma centers found.,,,,,,,,
550,975296528,981604160,No soma centers found.,,,,,,,,
551,987138425,993281049,No soma centers found.,,,,,,,,
552,992000431,994874943,No soma centers found.,,,,,,,,
553,992252579,994875873,No soma centers found.,,,,,,,,
554,992256615,994876023,[],87.59482230046454,200.87148415013593,0.43607395380717245,0.24481550094342247,221.91260688636163,906.4483500072417,684.5357431208802,Layer2/3
555,992260209,994876023,[],5.187353905516264,198.74777195356464,0.026100186455062426,0.48933373561677335,432.90586246742873,884.6842777389527,451.7784152715239,Layer5
556,992386952,994876091,[],121.70182866501915,132.13657794105467,0.9210305773115269,0.1410133779124329,130.69409918406637,926.8205692173785,796.1264700333122,Layer1
557,992253295,994876091,[],85.35938256310035,129.90982556042974,0.6570664089098788,0.20212730200250084,181.51387966555475,898.0176248694447,716.5037452038899,Layer2/3
558,992257502,994876168,No soma centers found.,,,,,,,,
559,992427362,994876954,[],84.69320031717665,91.95179568907479,0.9210608632762072,0.12402869082669445,102.59705431558497,827.2042027674391,724.6071484518542,Layer1
560,992421687,994876954,[],9.619894443052738,204.01460010459192,0.04715297061151956,0.1432953795103142,122.60274724791094,855.5945604588469,732.9918132109359,Layer2/3
561,992822944,994878021,No soma centers found.,,,,,,,,
562,992825872,994878082,No soma centers found.,,,,,,,,
563,992825900,994878233,[],133.130447644608,142.69027236395058,0.9330029681703952,0.15398911626546177,135.48871297693813,879.8590203178334,744.3703073408952,Layer1
564,993243528,997409351,[],16.04335741504065,198.5255731618775,0.08081254802351794,0.11802643306284115,99.82080112821409,845.7495370978992,745.9287359696851,Layer2/3
565,993959787,997410379,No soma centers found.,,,,,,,,
566,1003020818,1006144778,No soma centers found.,,,,,,,,
567,1041524092,1047582656,No soma centers found.,,,,,,,,
568,1052154844,1054793947,No soma centers found.,,,,,,,,
569,1055411789,1059296953,No soma centers found.,,,,,,,,
570,1057561953,1060635681,No soma centers found.,,,,,,,,
571,1105583670,1108124030,No soma centers found.,,,,,,,,
572,1105606155,1108124453,No soma centers found.,,,,,,,,
573,1106021493,1109312784,No soma centers found.,,,,,,,,
574,1106038856,1109312784,No soma centers found.,,,,,,,,
575,1106041282,1109312874,No soma centers found.,,,,,,,,
576,1106981144,1109314242,No soma centers found.,,,,,,,,
577,1109492535,1112126906,No soma centers found.,,,,,,,,
578,1122504185,1125262259,No soma centers found.,,,,,,,,
579,1122508494,1125262259,No soma centers found.,,,,,,,,
580,1122514364,1125262259,No soma centers found.,,,,,,,,
581,1131117370,1133407453,No soma centers found.,,,,,,,,
582,1131157058,1133407940,No soma centers found.,,,,,,,,
583,1131310191,1133408544,No soma centers found.,,,,,,,,
584,1143440073,1145892910,No soma centers found.,,,,,,,,
585,1144617841,1149566323,No soma centers found.,,,,,,,,
586,1144619518,1149566447,No soma centers found.,,,,,,,,
587,1145326830,1149567593,No soma centers found.,,,,,,,,
588,1145916218,1149567717,No soma centers found.,,,,,,,,
589,1145946269,1149567760,Missing pia/wm.,,,,,,,,
590,1146149834,1149568049,No soma centers found.,,,,,,,,
591,1146135408,1149568106,No soma centers found.,,,,,,,,
592,1146884157,1152429515,No soma centers found.,,,,,,,,
593,1147630597,1152430868,No soma centers found.,,,,,,,,
