,specimen_id,axon_bias_x,axon_bias_y,axon_depth_pc_0,axon_depth_pc_1,axon_depth_pc_2,axon_depth_pc_3,axon_depth_pc_4,axon_emd_with_basal_dendrite,axon_exit_distance,axon_exit_theta,axon_extent_x,axon_extent_y,axon_frac_above_basal_dendrite,axon_frac_below_basal_dendrite,axon_frac_intersect_basal_dendrite,axon_max_branch_order,axon_max_euclidean_distance,axon_max_path_distance,axon_mean_contraction,axon_num_branches,axon_soma_percentile_x,axon_soma_percentile_y,axon_total_length,basal_dendrite_bias_x,basal_dendrite_bias_y,basal_dendrite_calculate_number_of_stems,basal_dendrite_extent_x,basal_dendrite_extent_y,basal_dendrite_frac_above_axon,basal_dendrite_frac_below_axon,basal_dendrite_frac_intersect_axon,basal_dendrite_max_branch_order,basal_dendrite_max_euclidean_distance,basal_dendrite_max_path_distance,basal_dendrite_mean_contraction,basal_dendrite_mean_diameter,basal_dendrite_num_branches,basal_dendrite_soma_percentile_x,basal_dendrite_soma_percentile_y,basal_dendrite_stem_exit_down,basal_dendrite_stem_exit_side,basal_dendrite_stem_exit_up,basal_dendrite_total_length,basal_dendrite_total_surface_area,soma_aligned_dist_from_pia,soma_surface_area,axon_over_basal_dendrite_extent_x,axon_over_basal_dendrite_extent_y,axon_extent_x_over_y,basal_dendrite_extent_x_over_y,axon_over_basal_dendrite_ratio_xy
0,637846989,1.216869015,-182.7216478,-370.1433094,286.2290764,-308.7547124,-295.2780218,-323.0917837,5.279114217,0.0,0.575107633,267.5114405,330.4866877,0.0,0.135511192,0.864488808,16,258.9414769,645.2395861,0.780099446,127,0.478221416,0.608892922,4936.559973,5.417116608,31.7570874,5,184.0229201,226.3840215,0.027742211,0.0,0.972257789,8,180.4347448,209.6994325,0.874537137,0.855602383,105,0.354673496,0.464788732,0.0,1.0,0.0,4155.062049,11172.73246,134.3843872,1095.5155,1.4536854450229975,1.4598498847675963,0.8094469473543033,0.8128794553638584,0.9957773468293418
1,638212024,95.04634099,-98.28486732,-177.438654,471.4124377,-172.2224202,-188.6710272,-370.294205,4.353524416,0.0,0.58265299,394.7614314,296.3577458,0.0,0.055469155,0.944530845,10,253.421561,386.0356477,0.915980016,45,0.249351996,0.481596682,2306.384373,16.02216749,10.84918458,4,349.3484517,213.3746895,0.021028037,0.0,0.978971963,7,203.7886111,263.5323646,0.882579462,0.614959862,54,0.494859813,0.26635514,0.0,0.75,0.25,2600.166441,5021.476441,124.2801539,477.4372901,1.1299933618683904,1.3889076839172154,1.3320435756938465,1.6372534742458291,0.813584210781674
2,642124659,13.9407213,45.87563177,-525.6069961,370.3111648,-62.18097937,-228.198394,-285.9016658,9.897473379,0.0,0.489486985,157.0159054,293.8817816,0.021257212,0.0,0.978742788,16,208.2671957,627.7746541,0.713836695,157,0.410264197,0.235955056,7856.152516,20.09225429,12.24557362,6,159.347703,295.4995169,0.0,0.007033998,0.992966002,5,248.3482365,290.4705094,0.76434863,0.891782828,54,0.283704572,0.5996483,0.0,1.0,0.0,3186.395857,8927.021145,259.4490837,657.9683763,0.9853666067593081,0.9945254215067043,0.5342825422697111,0.5392486074822411,0.9907907685924
3,643536919,38.51506671,-163.1309927,-318.363551,914.1258472,-289.9415686,-13.80473608,-37.97294435,30.24620743,0.0,0.577250331,434.3244263,400.296786,0.0,0.076406815,0.923593185,10,391.8933008,554.6173897,0.813588875,95,0.330665978,0.828084667,5723.09245,37.11868425,275.8059212,3,339.417807,695.3009501,0.125726522,0.0,0.874273478,6,487.2788828,550.3091294,0.82443731,0.701462724,55,0.409605384,0.262159682,0.333333333,0.666666667,0.0,4460.409044,9817.446023,638.2958146,692.6100068,1.2796159109589675,0.5757173004616609,1.0850060292515065,0.48815956162749957,2.222646270891736
4,644935848,117.4138138,80.54387975,798.838311,537.8833974,890.0205352,-411.1164802,-89.74196804,5.36147017,0.0,0.439750988,393.4761186,236.5833333,0.049289773,0.000142045,0.950568182,18,331.9791659,620.4337775,0.814287847,323,0.291555771,0.037744979,13442.31114,12.1612499,36.8216619,6,122.0105894,156.9990109,0.0,0.0,1.0,6,108.5404565,137.6914402,0.899685401,0.723106139,84,0.415364583,0.320963542,0.0,0.833333333,0.166666667,2318.437708,5225.59454,76.35241092,791.0933008,3.224934167886251,1.5069097056330563,1.6631607692375008,0.7771424080990819,2.1400978146407574
5,644941196,163.2480069,38.58334087,994.4781275,-199.2474318,-251.8384044,327.1187352,-32.88223423,0.961143658,12.06384249,0.451170375,632.8090508,163.2996344,0.010167268,0.0,0.989832732,24,479.6510658,1245.291441,0.819845384,183,0.306985897,0.221220072,10476.26968,37.42185486,-0.955391325,4,300.0878411,174.6951046,0.0,0.012278978,0.987721022,7,181.0345226,286.279394,0.767100542,0.846923587,44,0.490176817,0.333497053,0.0,1.0,0.0,3261.594382,8712.996494,84.98611236,1128.911486,2.1087460540899605,0.9347693787636908,3.875140646365097,1.7177804826707204,2.2558997994552947
6,644976625,52.89804283,-403.2644707,1832.018219,-1200.120997,-813.2782198,868.4657057,318.9099647,4.782688303,0.0,0.569588335,555.5384926,577.3943186,0.025233085,0.056795826,0.917971089,16,499.1637853,778.9618617,0.828986159,455,0.347361218,0.46924985,20198.33316,16.5012264,-78.80219127,9,198.4661439,181.736505,0.0,0.0,1.0,7,251.8032567,275.9675272,0.877134421,0.860159788,61,0.455721393,0.671144279,0.111111111,0.777777778,0.111111111,2973.397667,8026.087745,80.49840959,1209.458971,2.799160006252331,3.177095975296763,0.9621474869150194,1.092054366842809,0.8810435781660232
7,644994103,4.200732364,-7.941977347,-377.7762883,967.0097744,-274.28236,120.2493395,-131.7093276,11.88105575,0.0,0.539068365,359.1124917,478.9496187,0.08849157,0.346837162,0.564671269,25,307.0064065,736.9223003,0.831222308,353,0.381577458,0.607106484,14746.86689,26.63180888,28.19983037,5,169.2581,166.7316177,0.0,0.0,1.0,12,261.3368651,295.6186574,0.900025223,0.757655601,87,0.303512623,0.299670692,0.0,1.0,0.0,3045.791847,7246.730422,598.4789418,630.7400419,2.1216857078036444,2.8725782506457382,0.7497917895304508,1.0151529885863995,0.7385997952629149
8,645169930,56.91061475,-113.4313445,1826.57258,-332.6226098,672.1453937,-97.84460057,316.0415767,3.180534175,0.0,0.468630938,749.7866747,261.3066537,0.034776374,0.006184458,0.959039168,17,420.5583251,606.0596412,0.789825345,327,0.47109438,0.292641391,16656.74482,20.24224221,-64.26824151,7,160.0435142,173.8854502,0.0,0.0,1.0,5,135.0836047,155.7453208,0.88025618,0.804349855,63,0.47463995,0.501565435,0.142857143,0.857142857,0.0,2103.79804,5309.571797,77.69691396,826.8459139,4.684892595916268,1.5027516873864355,2.8693745990900497,0.9203962379596495,3.117542728608854
9,648582997,92.08844025,36.40852664,1113.256403,67.56806854,387.9097946,27.10117421,30.7542014,8.988204087,10.39889314,0.059843004,384.287953,141.4551462,0.0016817,0.0,0.9983183,17,294.3874991,620.894341,0.82382133,255,0.387861183,0.054273047,11284.64549,23.55297603,-112.4042621,5,201.9931304,267.1539345,0.0,0.214673913,0.785326087,7,190.9286835,220.6526144,0.879492216,0.837446831,63,0.485326087,0.505978261,0.2,0.8,0.0,2922.350003,7646.173143,91.52345105,755.5778784,1.9024803083105246,0.5294892866344816,2.716677076256134,0.7560926653692986,3.5930477845982365
10,652300499,69.46629209,-15.3867353,-1628.099625,-932.1161504,700.9116894,-94.63696722,478.0114375,7.942546296,0.0,0.548109626,518.751424,536.5483238,0.197625277,0.151086738,0.651287986,31,346.3078261,931.8486917,0.814201355,573,0.471825317,0.422268062,29906.08074,6.725512353,-5.764408398,8,147.6481002,185.8074453,0.0,0.0,1.0,6,147.1059894,167.5881323,0.878931457,0.933772701,68,0.41831972,0.404317386,0.0,1.0,0.0,2801.816961,8267.517088,275.4283142,832.9211315,3.5134310790136403,2.8876578273475677,0.9668307606033378,0.7946296229497752,1.2167061643314128
11,652305423,17.88892201,129.2973715,-379.6870078,1445.711588,-569.7919473,118.2690379,1116.417236,7.700876307,0.0,0.521670766,521.6336213,385.1975959,0.089406971,0.0,0.910593029,25,391.0723904,807.464407,0.831134082,673,0.46989588,0.359363211,22709.59398,42.00943131,28.37324075,5,161.4240849,206.3379705,0.0,0.0,1.0,7,124.8169326,164.0936263,0.813776385,0.927763728,51,0.276791182,0.641763625,0.2,0.8,0.0,2253.137165,6561.671395,831.8813027,956.9573552,3.231448526551319,1.8668284609303163,1.3541974998084352,0.782328548200972,1.7309831054005664
12,652812484,14.41409721,-291.4124657,-587.8383664,379.820763,69.38360645,-36.37401721,-286.0553285,19.13860561,0.0,0.583199011,257.4433461,365.9163514,0.0,0.517861667,0.482138333,16,335.9753391,571.0067123,0.831185887,141,0.335191285,0.982518368,6403.284831,2.028603868,23.22878001,7,184.108287,235.6410822,0.118438178,0.0,0.881561822,6,224.9394901,237.2674652,0.86621714,0.887119346,77,0.467245119,0.577440347,0.142857143,0.714285714,0.142857143,4063.507932,11362.68526,178.6233833,1689.29643,1.3983256826456705,1.5528546549851145,0.7035579173082015,0.7813081033286817,0.9004871628884512
13,653031656,22.20147825,-143.866029,802.762463,247.865138,414.4018564,-118.9061619,-65.32806279,3.911785018,15.83709312,0.611892925,626.9972574,217.3099273,0.0,0.072101955,0.927898045,26,324.7606455,1057.145548,0.822459527,213,0.340576132,0.719012346,7245.077364,57.3024294,-5.980435263,6,200.652673,78.64107049,0.0,0.0,1.0,7,129.1726752,163.8803091,0.806647188,0.635599544,50,0.345971564,0.27014218,0.333333333,0.666666667,0.0,1500.7277,3019.270629,49.35042487,601.6141571,3.124788960075304,2.7633134435477085,2.8852674389533055,2.551499766594797,1.1308123468119893
14,659697295,13.90465419,-139.102534,-1823.95715,-1247.52487,599.5435419,-875.2432024,748.1261398,9.794654913,8.014024868,0.297115567,459.2357676,332.7283472,0.007903995,0.227480842,0.764615162,43,267.116349,1063.80799,0.806129873,667,0.43457516,0.727215769,31141.62536,32.58046918,15.40279206,7,147.6614843,136.1414196,0.0,0.0,1.0,8,99.9674297,125.4527456,0.878867712,0.721716233,111,0.474377057,0.380818054,0.0,1.0,0.0,3181.447762,7259.426526,191.3314978,646.3056286,3.110057912373294,2.4439905811001252,1.3802123307635028,1.0846183676786048,1.2725326915840032
15,667492234,140.6757115,-94.44821023,1196.147841,-1064.616903,-949.459997,164.2766445,162.2306709,5.430720964,0.0,0.584519823,402.5643321,224.6839228,0.0,0.082389556,0.917610444,31,353.4658712,836.9350313,0.796973756,389,0.331027924,0.707184231,18169.7017,27.75230888,6.104790678,3,110.974852,120.6167249,0.0,0.0,1.0,6,132.8271887,140.4847164,0.888443025,0.674021567,29,0.420731707,0.405487805,0.0,0.666666667,0.333333333,939.7632307,2010.184296,70.42688206,379.2681051,3.6275275420056428,1.8627924360098425,1.7916917556150127,0.9200618910188963,1.947360034259059
16,669523148,73.66260697,-152.3240457,673.3976988,-972.7412584,-793.8505252,-79.16011809,171.2240385,11.93570939,17.34069126,0.134570772,439.1288265,465.2624907,0.045366552,0.052015824,0.902617625,18,370.8037182,559.0420691,0.825236318,425,0.240888814,0.130965407,19097.64396,3.021099444,46.90740989,4,143.6090772,209.8737856,0.0,0.0,1.0,9,141.2928355,163.6681542,0.897136891,0.781361778,82,0.437391806,0.446624351,0.25,0.5,0.25,2347.391014,5780.058752,180.1961348,1515.971815,3.0578068953708173,2.2168680541492076,0.943830279202862,0.6842640055757397,1.379336442531013
17,691665864,26.47754501,19.50545768,-541.2808758,138.6739116,147.7749428,318.8664151,-232.2841165,10.65953437,14.28045329,0.453856954,275.7285898,389.6084441,0.160170367,0.129581828,0.710247806,22,254.9587549,826.0991882,0.781983048,297,0.49535364,0.606737223,14344.55168,19.79091286,-18.94941017,7,167.4108871,164.062219,0.0,0.0,1.0,7,157.1251309,208.5359652,0.838153349,0.885318355,89,0.312326228,0.613994439,0.0,1.0,0.0,3597.178941,10069.32512,283.3316722,610.1559327,1.647017076226938,2.3747602981037335,0.7077069144046306,1.0204109643305508,0.6935508722889192
18,691685873,129.0961246,-32.53532167,-1015.187552,-498.5257546,250.2359182,41.35744331,110.3223634,11.09913514,0.0,0.303924319,295.882721,412.8368023,0.14844712,0.130660829,0.720892051,18,296.0859907,503.4255145,0.813268022,465,0.226227938,0.446299083,20407.67895,25.97862986,-13.5504492,6,171.1189414,217.5256678,0.0,0.0,1.0,8,150.0480584,172.7429264,0.849983801,0.812066522,86,0.498125781,0.475218659,0.166666667,0.666666667,0.166666667,3187.624488,8149.09064,274.4650217,632.8644445,1.7291056067741661,1.897876266627878,0.7167062610493435,0.7866609174478305,0.9110739394230472
19,707666779,53.06976069,-41.7302745,-492.3505855,1005.487164,-206.4921628,428.4548865,-39.47708233,15.06487735,0.0,0.690776055,393.0928241,385.5025841,7.63e-05,0.37468509,0.625238568,24,382.3317871,919.6191946,0.815962459,407,0.48881594,0.582410871,21770.26878,6.876070903,101.3088265,6,155.8601014,225.805341,0.0,0.0,1.0,7,201.5171781,381.383069,0.858419881,0.667378162,120,0.454428755,0.195121951,0.166666667,0.833333333,0.0,3758.78622,7875.681996,558.5560134,1627.263926,2.5220875680759693,1.70723412649482,1.019689206539874,0.6902409868152763,1.477294489921047
20,714485370,287.5931402,121.2041571,-647.2797769,85.48888077,-278.363031,-249.9383912,-27.98078531,22.00133919,0.0,0.804659412,854.6424265,661.1261186,0.0,0.202261787,0.797738213,21,588.1324131,1227.583839,0.843679424,311,0.315427523,0.340566975,18562.58772,35.22854897,351.8817801,4,210.3989959,458.2237575,0.002133106,0.0,0.997866894,5,408.5849391,490.6257905,0.85415933,0.787426732,50,0.409982935,0.250853242,0.25,0.5,0.25,3317.864017,8267.517946,534.1048644,406.571187,4.062008104383734,1.4428019232503457,1.2927070984728148,0.45916212866811035,2.8153608883697894
21,714717722,117.1145398,-81.32685785,-893.2396203,70.84319488,323.1917731,100.0846906,-104.8790603,8.624705197,0.0,0.692764282,647.1379119,274.8164842,0.017051153,0.019057172,0.963891675,24,454.2626422,1121.090579,0.798699949,193,0.295887663,0.248244734,12976.19724,15.09574765,-12.71534145,4,140.2059225,176.5556925,0.0,0.0,1.0,7,123.7750544,164.5239515,0.835466414,0.722541195,62,0.25731982,0.466216216,0.0,1.0,0.0,2397.364869,5469.860297,352.5589673,474.8944528,4.615624649522204,1.5565427560484917,2.3548001997909265,0.7941172584962108,2.965305406219379
22,714755043,76.08726951,-23.17389213,-323.9662944,975.1378337,-322.680365,-3.772122987,86.48293675,14.90718158,0.0,0.602185493,460.5211669,257.726338,0.0,0.0,1.0,17,286.4344075,817.5429827,0.828949234,133,0.311671655,0.821504917,6699.591121,96.1113729,-14.01731056,3,283.8773689,358.6081988,0.138065959,0.020681945,0.841252096,5,217.8236955,300.8299428,0.834289376,0.712676333,39,0.275013974,0.417551705,0.0,1.0,0.0,2522.125769,5733.462025,695.2587666,614.798225,1.6222538932373485,0.7186850129540318,1.7868610964394336,0.7916086967613413,2.25725298843975
23,716832846,0.95116942,-56.86496107,-364.6905743,1188.09627,-421.5959306,79.31148067,421.8452956,9.063462756,0.0,0.425181441,489.4090443,464.5993355,0.021648191,0.15237398,0.825977829,14,318.3809175,643.6315176,0.852410647,225,0.498849613,0.754130935,15194.23169,7.276423763,-30.46756654,5,194.3425805,209.7020691,0.0,0.0,1.0,6,236.4418635,252.601198,0.91183699,0.799853422,71,0.44259171,0.653168175,0.2,0.6,0.2,3608.960244,9074.080246,664.23971,622.0798758,2.518280054946579,2.2155209888675342,1.053400224460717,0.9267556649969173,1.1366536663838154
24,717637005,86.38525642,18.37888851,1406.509082,191.1211036,964.613766,-191.1040965,148.6259923,10.2647097,0.0,0.418873398,372.4517831,170.0672278,0.150372988,0.0,0.849627012,29,270.3381382,837.9950978,0.775916955,281,0.248920298,0.023949745,13482.47532,23.49124377,-58.06592517,5,97.36589391,164.364489,0.0,0.068085106,0.931914894,6,127.007752,172.5893398,0.863351346,0.610550435,47,0.265957447,0.627659574,0.0,0.8,0.2,1558.794712,2975.740208,83.98662573,590.1428659,3.8252797580667743,1.0346956866090462,2.1900267789277152,0.5923779187486173,3.6970094759002645
25,717675736,43.98900613,-230.5412916,76.08969609,-860.9783841,-395.1561899,-48.71027093,172.533958,13.622967,0.0,0.6167247,367.298687,520.003556,0.00841639,0.292949428,0.698634182,22,380.2705434,722.5122532,0.79499695,449,0.219490587,0.440826873,21940.90739,52.58588413,63.78028933,5,208.872818,184.2744136,0.0,0.0,1.0,7,235.8242366,276.8384898,0.831065533,0.592058975,107,0.485965647,0.333891915,0.0,1.0,0.0,3639.771897,6757.153234,158.7974254,401.4259988,1.7584800670425196,2.8218977656266437,0.7063387985754466,1.133487899483404,0.6231551293113637
26,731882356,232.0209435,-232.1327661,973.9653002,-270.1511491,-58.70963117,191.7536828,55.74960437,4.913134103,0.0,0.634974897,748.0682151,407.9513534,0.002899697,0.109793067,0.887307236,15,497.7015949,853.4426006,0.8185698,215,0.377751417,0.346381969,12226.48255,21.0073986,-39.99173761,4,204.8402553,181.393715,0.0,0.0,1.0,5,171.4372073,236.8989012,0.910901335,0.647552426,42,0.420624152,0.506784261,0.25,0.75,0.0,2420.1925,4925.932777,83.00226595,558.0982419,3.6519590058331666,2.2489828459602363,1.8337191649576714,1.1292577325515385,1.6238269724435843
27,731917470,189.211514,-114.5045128,-260.4234436,282.9577996,-152.4548331,-127.6048653,-280.2367417,12.33669198,14.92051823,0.323766325,509.114737,428.5651871,0.223680686,0.254219127,0.522100188,20,484.0342663,812.9715536,0.870710408,131,0.452451112,0.521028663,7055.748343,22.87717557,-8.218862306,7,197.9957902,187.6287202,0.0,0.0,1.0,5,206.8102553,226.1152338,0.893429996,0.929883379,39,0.485429448,0.639570552,0.142857143,0.714285714,0.142857143,2518.896485,7257.474297,168.1098656,796.9875975,2.57134122137512,2.2841129366718347,1.18795168698853,1.0552531083138517,1.1257504741082565
28,731980846,130.942067,7.2065249,940.4427587,505.8286732,987.5034263,-383.2396529,-25.94608769,0.854531677,0.0,0.555886371,485.6585642,85.00916707,0.002017824,0.0,0.997982176,23,308.5957131,735.1306527,0.831681522,243,0.389776358,0.341348579,8907.131996,12.02606138,-43.94639841,6,169.5491876,115.7614134,0.0,0.050059595,0.949940405,7,97.87407556,137.4542926,0.868712403,0.725745404,72,0.432657926,0.335518474,0.0,1.0,0.0,2275.287618,5191.507468,51.14494223,750.0205128,2.8644110365527933,0.7343480402771241,5.713014030593771,1.4646433783089938,3.9006177989823985
29,739810705,100.9107288,-139.7142934,-486.0153515,2206.142825,-954.4736428,361.9384384,2635.446689,13.57196089,0.0,0.597171973,520.0897118,367.8033556,0.000890019,0.266115702,0.732994278,21,418.5242415,772.9633267,0.811428058,657,0.346344565,0.878448824,37672.72974,11.03899081,13.81741135,8,183.2754997,173.8271586,0.0,0.0,1.0,7,117.7888935,149.9272023,0.849425205,0.809098919,98,0.496138119,0.467969105,0.0,1.0,0.0,3025.949582,7717.933766,707.4156705,783.4777642,2.837748158653636,2.1159142136492357,1.4140428679656125,1.0543548037953145,1.341145184595873
30,743458377,228.210773,-383.576192,-465.0903431,-321.8847979,-367.4181792,-244.1561768,-74.82029703,15.14781297,25.65815366,0.436683092,322.6085537,492.1258339,0.0,0.204631485,0.795368515,35,456.721738,987.7613479,0.823585266,371,0.072144289,0.925963037,13895.05315,1.367837089,-99.43555789,3,118.9055444,255.3336902,0.04379038,0.0,0.95620962,7,209.4868668,257.9612675,0.881722647,0.647926546,49,0.414213927,0.689877961,0.0,0.666666667,0.333333333,2077.762581,4220.362972,86.77102204,312.2018405,2.713149797411802,1.9273830786470965,0.655540781396073,0.46568685983766034,1.4076858033413187
31,746086313,68.90823464,-65.1982776,843.6819305,524.6014324,907.4898135,-388.8638128,-70.67736444,1.668680913,7.935240816,0.700997385,413.4385548,121.7025049,0.0,0.000326797,0.999673203,28,242.4285086,473.3222555,0.812721762,301,0.373041775,0.778883812,8262.146609,42.40249218,-56.80706454,6,159.9479879,110.8127839,0.0,0.0,1.0,6,102.9308808,113.4793925,0.869244043,0.692814444,46,0.428571429,0.535483871,0.333333333,0.666666667,0.0,1374.912438,2992.39583,29.14671973,272.2933845,2.584831233128629,1.0982713421388919,3.3971244481755942,1.4434073603307425,2.3535451886549734
32,750378755,92.67947191,-25.29996213,1648.628438,237.9823418,1358.096009,-338.0172291,255.3153499,0.611367009,13.84032969,0.505181579,453.6047526,106.397762,0.000117716,0.0,0.999882284,22,291.1893125,727.4063848,0.809696298,320,0.470629782,0.401294879,12456.60554,21.26703932,-32.95653616,5,171.5873652,105.7105415,0.0,0.0,1.0,5,99.17051319,130.4315772,0.87057784,0.634871651,47,0.403041825,0.371673004,0.0,1.0,0.0,1548.520021,3083.056222,54.82875209,464.9133851,2.643578984217656,1.006500964712209,4.263292235413749,1.6231812150919687,2.6265041732707535
33,752076719,14.05497855,-77.02385343,828.0236551,107.3323005,230.7827814,-72.15131567,-56.34109652,5.707366318,0.0,0.521206534,508.7254057,240.5683681,0.0,0.013345748,0.986654252,14,261.7909284,543.4045494,0.856539496,249,0.317349472,0.121353197,8977.940143,1.67722157,-16.2840923,5,198.2056889,180.370372,0.0,0.0,1.0,6,121.9993763,177.0543093,0.859828683,0.660797589,81,0.47781704,0.434628975,0.0,0.8,0.2,3461.915308,7185.06196,93.82504798,746.175308,2.566653906471198,1.3337465872721046,2.114681201514124,1.09888163284378,1.924393982308696
34,757252810,10.19515217,-202.6307071,-81.45963014,-54.96133137,-565.7678555,-205.9214525,-249.4078138,9.294850237,11.03584939,0.409842399,451.1689282,334.1164341,0.0,0.141126025,0.858873975,18,299.2346259,662.0614225,0.821280103,137,0.487322893,0.805369128,8433.115425,19.95225581,-13.09996197,4,229.9313029,158.6502445,0.004587156,0.0,0.995412844,5,157.1587598,205.6523931,0.789943812,0.628841044,30,0.396461337,0.504587156,0.0,1.0,0.0,2202.627669,4293.250072,87.10611283,443.5602749,1.9621901085656832,2.1059938177403814,1.350334440792477,1.4492968707653013,0.9317169366959529
35,760316107,71.75080603,-385.7770255,-449.9268059,224.9856733,-269.9758645,-352.05607,-280.025379,17.99613023,0.0,0.469762973,319.7066332,480.86501,0.0,0.251473014,0.748526986,16,439.4608387,687.4768406,0.82774756,161,0.278576479,0.83502239,6067.523112,60.21978461,12.51878788,3,208.873881,204.5945415,0.230316409,0.0,0.769683591,6,160.5685702,207.8355661,0.852636553,0.664628019,51,0.417218543,0.400294334,0.333333333,0.666666667,0.0,2030.121472,4234.418564,109.0520735,659.8831635,1.530620447465138,2.3503315703073144,0.6648573436441134,1.0209161958507091,0.651235964662213
36,760949922,73.54140352,-206.6975148,-563.0803408,367.0692672,-5.478433835,-194.1762802,-270.5727408,26.03543029,0.0,0.64601117,264.8231003,226.3976365,0.0,0.083451202,0.916548798,13,228.555746,515.9379549,0.839823789,111,0.354738331,0.995756719,5202.12792,63.77903904,-35.45997584,4,200.5145157,255.862242,0.670275591,0.0,0.329724409,4,251.35486,294.5697178,0.890714395,0.666329773,24,0.483267717,0.241141732,0.0,1.0,0.0,1517.296498,3156.259661,135.1917877,863.8882974,1.3207178511515614,0.8848419162214642,1.1697255518831355,0.7836815394590344,1.4926031723173963
37,761409397,63.08915604,69.49283543,-486.5852328,-1046.280928,-862.0915545,-1270.002472,201.6668941,7.440825331,0.0,0.700769028,573.6954364,218.9202836,0.001480437,0.0,0.998519563,22,342.8665891,521.5677604,0.843089604,663,0.485442369,0.138808601,19566.26752,1.82823184,16.02366044,8,217.5211723,268.6372398,0.0,0.020463847,0.979536153,6,172.6905772,237.1476902,0.826833397,0.628969179,42,0.432924056,0.388813097,0.375,0.625,0.0,2822.843379,5587.59877,186.1363328,581.0740184,2.637423430252449,0.8149290238501029,2.620567756289897,0.8097208431040468,3.236384216372656
38,764341238,81.96064952,56.28817597,1652.515953,228.4085473,1376.888169,-451.2377711,236.154829,10.96607137,0.0,0.490339188,453.3418024,109.935205,0.011630219,0.0,0.988369781,18,325.9138365,778.5410001,0.853787347,389,0.223078369,0.032606653,16630.22968,9.884918066,-25.42132305,5,163.1421068,169.3716381,0.0,0.154237288,0.845762712,4,153.5533291,181.6237845,0.82142323,0.637649851,25,0.474576271,0.523728814,0.2,0.8,0.0,1712.699532,3426.639858,95.27891431,664.4453061,2.778815422285573,0.6490768243918873,4.123718170171239,0.9632197493636923,4.281181083439566
39,764391439,25.10754104,-40.78047588,494.8551472,-19.11953786,-557.5506887,354.6302474,-232.6992926,1.075304999,0.0,0.442469071,359.1803894,66.26286002,0.0,0.0,1.0,23,193.4415013,690.9815814,0.839934134,153,0.376298269,0.862583222,4712.603144,8.223784913,-123.0203754,6,158.8459647,141.8696114,0.0,0.047747748,0.952252252,9,138.1538771,180.9349433,0.798737242,0.462165584,102,0.454504505,0.883333333,0.0,0.5,0.5,2684.644845,3881.496545,59.94719455,404.1795955,2.261186742001007,0.4670687356235333,5.420538583628736,1.119661660678941,4.841229073023566
40,764484965,79.09728521,-21.6275649,464.4786587,58.12046588,-391.8238516,193.2816902,-222.5832728,0.773766399,0.0,0.692389189,291.0616276,96.22334948,0.002349869,0.0,0.997650131,18,186.1534937,529.8464517,0.790214484,156,0.38694517,0.548563969,6247.170578,14.73861153,-33.51817212,3,136.2496035,103.3269484,0.0,0.005471956,0.994528044,7,82.52720561,112.2105892,0.885784864,0.685515907,39,0.336525308,0.552667579,0.333333333,0.666666667,0.0,1076.03128,2330.645772,74.78936128,590.7485255,2.1362383458238834,0.9312512463592701,3.02485445760228,1.3186260274768746,2.293944146840624
41,764896381,7.063492122,-215.5412051,1251.638137,-581.1321924,-342.6866798,174.2439583,108.5052625,4.880454864,35.66864826,0.529025435,568.7631159,400.5166605,0.013816203,0.023131673,0.963052125,40,327.3860006,1150.181472,0.846948692,421,0.493983468,0.210630951,14615.31081,27.07002318,-36.76334193,8,211.2423976,172.8481929,0.0,0.0,1.0,8,170.9564906,195.339743,0.905432186,0.694060011,82,0.488590604,0.445637584,0.0,0.875,0.125,3368.37148,7394.687921,96.5908545,638.1080384,2.692466675070535,2.3171585064341165,1.420073549974084,1.2221267347713187,1.1619691391824472
42,764897253,49.95051493,-175.3032869,-1593.100944,-1179.007518,673.059651,306.9465477,468.993235,8.805294242,17.26828963,0.594391621,456.1669846,571.9884538,0.033189896,0.095465774,0.87134433,37,383.4588024,1410.20829,0.813059133,761,0.486492948,0.521356283,34962.02348,28.75687211,48.23382685,6,157.1576125,261.122763,0.0,0.0,1.0,7,170.3363422,201.7270639,0.859694,0.658332326,106,0.452208306,0.515491101,0.0,1.0,0.0,3881.59268,8045.283729,281.2474953,857.3165204,2.9026082627718717,2.1904963291155126,0.7975108266075283,0.6018533608270681,1.3250915896051276
43,764899841,17.35020517,50.38902977,387.4843923,600.1553134,483.9126807,-266.9368664,-239.2256897,1.734060613,0.0,0.585821122,329.6335004,88.98728981,0.04459279,0.0,0.95540721,16,217.7440949,704.6119775,0.822007184,171,0.04636291,0.096456168,5500.184363,16.38356652,3.82269083,5,106.6271487,103.0158516,0.0,0.023316062,0.976683938,6,94.57836921,136.0327546,0.84211924,0.649289376,51,0.128670121,0.218480138,0.2,0.6,0.2,1545.707083,3143.032473,61.82790532,326.7195965,3.0914593930241705,0.8638213287361689,3.7042762073528985,1.0350557418485682,3.578818084461045
44,764901187,25.6702746,48.54074101,-861.7709317,352.2414386,420.0916779,1096.86971,-451.93573,15.96067527,0.0,0.283910093,311.1166588,455.5928156,0.392042087,0.00970658,0.598251334,30,392.8316537,1092.979165,0.833620509,497,0.399525785,0.198651452,21341.90269,18.27040678,-11.11346913,4,174.4510568,155.5285049,0.0,0.0,1.0,8,158.2633066,184.2158202,0.892672758,0.693174593,68,0.321715818,0.585120643,0.0,0.75,0.25,2348.27433,5097.820002,508.1061385,583.8030533,1.7834036921695506,2.9293203576600444,0.682883153875616,1.1216661338843745,0.6088114219074838
45,764902677,76.28048103,3.009108331,1477.473357,-501.7210918,-320.1207923,659.5649474,127.4693648,2.346490391,0.0,0.444085668,616.2619946,104.2781255,0.000942634,0.0,0.999057366,15,348.2483655,507.2477294,0.839964996,229,0.371397792,0.208860759,11167.50719,25.83356101,-84.99256291,7,151.3432905,179.7365837,0.0,0.060232717,0.939767283,6,160.6397746,192.6264695,0.85566699,0.774543654,59,0.407255305,0.363449692,0.142857143,0.714285714,0.142857143,2315.508283,5561.344348,78.90467239,728.041316,4.071947904423289,0.5801719569459025,5.909791642735273,0.8420283026665761,7.0185190022946475
46,764902707,120.1102112,-113.5326923,-1149.315926,-1066.874076,34.66584093,-690.5211281,435.3356696,9.786692735,19.22002713,0.523434607,289.6476391,378.47252,0.042370112,0.169262608,0.78836728,41,294.6535752,1263.531766,0.815789503,841,0.233798061,0.496841303,27723.07076,31.43183788,22.8795423,3,101.0327401,173.8876604,0.0,0.0,1.0,11,166.1214165,190.8918059,0.907432218,0.706932891,69,0.389335281,0.364499635,0.0,1.0,0.0,2325.580158,5108.850388,209.7000343,417.214811,2.8668690843514004,2.176534661110433,0.7653069213585176,0.5810230574589984,1.3171713437767034
47,788349250,64.12295352,-8.26664086,667.0353587,-321.7790947,-845.1588666,454.4244144,-173.9545176,0.912960616,0.0,0.845728393,428.8789524,70.52420912,0.0,0.0,1.0,23,289.2717276,517.3834283,0.849406341,223,0.157874763,0.453320683,7670.126748,21.79813411,-16.19762226,4,229.5443396,77.75167543,0.0,0.002274019,0.997725981,7,147.8759802,190.5089975,0.872383338,0.699379071,66,0.489482661,0.409891984,0.25,0.75,0.0,2378.037508,5249.165408,84.40346736,549.0975988,1.8683926301443854,0.9070442370530406,6.081301126968243,2.952275154593411,2.0598693578768956
48,799776604,63.60883245,-136.4969094,-296.1479588,524.327993,-169.6667731,13.3903823,-430.8955083,34.52985923,0.0,0.553103788,173.8387423,306.010699,0.0,0.51446183,0.48553817,19,369.9143443,816.5795437,0.80377658,65,0.223328592,0.758179232,3820.512738,19.24631789,59.78640782,3,174.2806735,188.2781042,0.091108672,0.0,0.908891328,5,245.470335,264.3552237,0.788035472,0.750189865,25,0.486278814,0.326015368,0.0,1.0,0.0,1625.568655,3823.705092,128.9187639,398.7087074,0.9974642558401635,1.6253121960211452,0.5680806026327858,0.9256555574559476,0.6137062518093518
49,823681740,140.2764013,-142.4875754,-1278.738829,-543.5095243,319.4279824,-547.6499917,275.0312695,8.086483706,15.38462229,0.863692518,479.7451895,385.6115714,0.035858921,0.294750018,0.669391061,24,330.6643918,743.5981486,0.82720294,429,0.375745527,0.621530079,18754.48365,15.43286719,27.05051842,5,160.9483787,158.578115,0.0,0.0,1.0,10,113.0545006,161.2740131,0.891488613,0.824016081,141,0.366197183,0.573943662,0.4,0.2,0.4,3588.474488,9371.225546,205.5966108,807.781396,2.9807394978126607,2.4316821485739064,1.2441151279725315,1.0149469786546523,1.2257932228357873
50,823719680,115.3299657,22.09644557,580.3482834,110.2131507,-198.6384056,190.6591151,-182.4106738,3.958707508,7.599814201,0.585604736,626.8339171,79.12901785,0.000748877,0.0,0.999251123,12,371.3899783,544.5476179,0.837719271,117,0.483774338,0.340489266,5132.116225,0.292139014,-63.22848842,6,164.1093793,160.6936618,0.0,0.218066743,0.781933257,6,127.5764897,160.2749636,0.843617017,0.67658587,60,0.445914845,0.543153049,0.166666667,0.833333333,0.0,2078.413241,4418.95087,77.43540462,366.7231068,3.8196105534840687,0.49242152405789535,7.921669371509835,1.0212560810534719,7.756790405926664
51,824792964,95.54808827,5.562707844,545.149324,64.03231699,-292.8003464,202.7124701,-190.3931822,1.885502202,0.0,0.4881242,394.3648976,129.21327,0.004160548,0.0,0.995839452,19,312.7112241,534.7492616,0.812874786,199,0.354136074,0.158835047,6994.118461,46.69227418,-31.33532096,6,251.6208732,146.0531803,0.0,0.030280091,0.969719909,7,316.7750549,368.7425003,0.83443726,1.046181207,42,0.454201363,0.355034065,0.166666667,0.833333333,0.0,2121.425173,6722.558079,90.01765925,460.6538013,1.5672980249398483,0.8847001464438498,3.052046415975697,1.7228031096834664,1.771558455415404
52,825522397,12.8510904,197.2497164,-586.9417465,88.93317378,293.7979073,1016.547526,-323.9234197,7.962360441,16.65580372,0.371967365,289.5706655,467.5162051,0.003548796,0.001098437,0.995352767,24,351.7393175,973.683699,0.843822194,485,0.44469793,0.319983101,17279.82669,63.18340367,197.6487116,11,202.5653768,435.2402637,0.0,0.0,1.0,5,324.325739,384.4519919,0.888638625,0.666399262,71,0.470538364,0.511233574,0.272727273,0.545454545,0.181818182,3280.110808,6815.2397,435.8893857,876.775808,1.429517077767458,1.0741566074921942,0.6193810232482999,0.4654104725467751,1.3308274303734116
53,825549510,43.42899633,-48.7328386,2401.866076,-565.3341547,848.5204233,105.5459333,526.7955234,3.071582939,0.0,0.468021297,546.5143828,187.2408828,0.021191202,0.00537807,0.973430727,23,307.3075712,747.0645179,0.820684142,493,0.37710708,0.246749077,20131.55753,11.93282325,-23.72591,5,128.0380762,125.2196725,0.0,0.0,1.0,8,104.9654626,131.9803481,0.856139005,0.712201128,73,0.445757997,0.446453408,0.0,1.0,0.0,1974.471873,4401.468295,76.5665243,604.7461951,4.268373901106771,1.4952992533980634,2.9187770033308134,1.0225076750619997,2.854528209926477
54,826712572,120.7214484,-23.71671429,788.9524298,685.4846847,1165.230752,-584.9909716,-73.67133698,1.281444913,0.0,0.484427142,390.8251592,71.46760355,0.004129264,0.0,0.995870736,44,257.6344979,887.2282058,0.840162403,313,0.483662478,0.487971275,9406.950253,17.37783016,-38.92645787,6,150.5675526,80.45343533,0.0,0.003127443,0.996872557,10,97.72028494,284.1256159,0.769308662,0.772590045,78,0.495699765,0.653635653,0.0,0.833333333,0.166666667,2063.679333,5053.124291,39.70209077,361.8629554,2.5956798290948644,0.8883101542756708,5.468563933679009,1.8714869288354103,2.922042280616937
55,827347629,51.32650771,-169.1470241,-1087.636094,-288.5095492,364.7210636,148.7821754,30.25706283,16.81745404,10.23003497,0.058869626,522.5935512,374.4918246,0.0,0.3644094,0.6355906,29,364.3736247,965.4624347,0.824379381,379,0.443336425,0.813620903,18254.05529,31.84904432,14.20606419,6,158.1367301,195.8287097,0.000370096,0.0,0.999629904,7,126.0813003,149.8875505,0.872819477,0.659230313,100,0.482975574,0.513323464,0.166666667,0.666666667,0.166666667,3607.340331,7476.861212,200.2396734,970.4862415,3.3046943039073247,1.9123438293276973,1.3954738578290449,0.8075257726114712,1.728085845874861
56,827447865,66.71187833,-102.462957,-1101.406787,-245.495089,622.5357314,960.2671894,-79.75024428,11.84688058,0.0,0.490861971,424.8000015,590.442254,0.141567196,0.126167357,0.732265446,22,371.9440717,784.2890009,0.798974045,527,0.484074463,0.677964005,27338.24574,65.07372836,-31.44895181,5,174.7577556,168.6634553,0.0,0.0,1.0,6,182.925209,255.1255522,0.818800744,0.775184484,59,0.36485623,0.503514377,0.0,0.8,0.2,2522.022489,6143.175002,310.2195473,666.078967,2.4307934148131163,3.5007124272995966,0.7194607069906619,1.0361329031778705,0.6943710645459097
57,827524052,22.52205002,40.51004803,453.8461629,-267.9493194,-818.2745599,163.8341096,-214.7523849,4.826267827,0.0,0.508624285,647.6740884,134.4165501,0.034514078,0.0,0.965485922,23,337.2563987,532.866986,0.841210999,237,0.486648501,0.293914623,8384.404946,48.80501939,-33.05260959,3,185.9655922,142.9884266,0.0,0.136474411,0.863525589,7,121.7937761,160.9329924,0.856594179,0.750055192,47,0.354995938,0.625507717,0.0,1.0,0.0,1784.610802,4211.187349,100.2331934,510.4969605,3.482763024804327,0.9400519559252217,4.8184102918737235,1.300563945082252,3.7048622715502013
58,827573535,29.3192605,-194.6209311,816.7321107,-313.4746386,-42.44377566,-33.19875937,65.7601367,5.409328578,13.27244598,0.943190726,348.8357698,376.1340033,0.006321113,0.092058384,0.901620503,20,286.5355918,646.4196421,0.867896551,363,0.453970808,0.302838754,12287.94005,13.14910574,-15.5178822,7,177.9948563,174.2203032,0.0,0.0,1.0,6,152.735166,186.2146186,0.870228628,0.665087328,45,0.409847434,0.37517337,0.0,0.571428571,0.428571429,1837.455923,3840.292727,102.8928041,479.8067522,1.9598081486807546,2.158956197362421,0.92742418058325,1.0216654031170347,0.907757253748379
59,828803869,38.78964923,-166.7999436,626.2346582,-660.3816863,-708.3022072,30.31632336,53.02708326,6.503012583,51.30763759,0.578002674,352.8432239,251.3088218,0.000110632,0.258656931,0.741232437,37,245.8134127,699.3460392,0.794814542,347,0.392521297,0.894899878,13848.64586,14.58874307,-27.4914406,6,132.2933518,103.9222211,0.0,0.0,1.0,8,168.7115913,198.9059227,0.868090575,0.72269141,72,0.438004402,0.811445341,0.0,0.833333333,0.166666667,1931.381746,4389.44933,61.28916709,665.2779732,2.667127403600942,2.418239517399999,1.404022434917961,1.2730035058883091,1.102921106205616
60,842841654,101.5290317,-100.6398028,1447.995353,-861.3561126,-482.8733524,221.8727148,219.8796696,10.44444598,0.0,0.403874619,491.5724901,261.517574,0.239611441,0.000359777,0.760028782,33,299.1477052,894.9757263,0.870473613,477,0.358247886,0.162259399,16102.57389,20.0598345,-129.1924723,7,208.9804431,215.4056422,0.0,0.0,1.0,6,187.0592202,221.6595586,0.825678066,0.658868167,55,0.409188493,0.803778446,0.0,0.857142857,0.142857143,3055.418582,6317.981564,105.049684,347.8484496,2.3522415916439408,1.2140702134310206,1.879691993854302,0.9701716304439495,1.9374839820807344
61,843366621,185.1000562,-158.5328715,737.9785286,-300.9782896,-394.9089799,70.22484706,-36.11181482,2.391837238,17.92656474,0.661924039,889.3181567,242.8847003,0.0,0.007080925,0.992919075,14,541.2700371,716.4441159,0.767650613,145,0.344508671,0.729768786,9649.655077,118.0700998,-109.9410729,4,297.4545318,192.7082309,0.0,0.0,1.0,10,330.3530693,443.898495,0.834735541,0.626976836,44,0.205591147,0.933022714,0.0,1.0,0.0,2567.856988,5074.156823,67.86732989,704.9404731,2.989761666492116,1.2603753309636139,3.661482817162033,1.543548661158925,2.3721201082270533
62,844242654,51.79830298,-170.5042436,231.6569347,339.3905041,-16.84359522,-62.53863027,-256.334795,4.878133944,0.0,0.620754537,326.2517072,241.3130457,0.0,0.058192956,0.941807044,13,240.0943129,492.8291269,0.851195499,111,0.351301685,0.608882083,5063.373206,42.91828641,-43.66221982,4,249.2772368,159.9169234,0.068123393,0.0,0.931876607,6,161.1700514,357.2713224,0.833227387,0.863231545,42,0.451799486,0.528920308,0.0,1.0,0.0,2170.501536,5861.560087,60.3546732,581.5162055,1.3087906115621706,1.5089900466406796,1.3519853692684134,1.5587920996734232,0.8673288564598595
63,851858759,9.885114972,-69.44038695,-553.8449652,631.5660312,46.85298426,521.7943334,-601.6123932,8.733919783,21.41300828,0.652296879,351.4357287,408.7463777,0.008093624,0.064639615,0.927266761,18,256.5364855,598.3525727,0.783933423,315,0.493929782,0.868642677,14426.82698,0.157213614,8.941579162,7,129.1546521,209.481477,0.0,0.0,1.0,7,230.0958657,276.7892454,0.887978078,0.676512054,53,0.49825784,0.770731707,0.142857143,0.571428571,0.285714286,2397.332553,5087.031808,406.2225836,830.9884869,2.7210458391223526,1.9512292139318836,0.8597892186287136,0.6165444981085367,1.3945290587563655
64,855255407,235.952578,-294.5023117,-498.5361509,480.1599519,-3.480911375,-2.999000745,-366.0546368,24.15753723,20.58640148,0.736028595,383.857865,437.1629815,0.0,0.343134283,0.656865717,12,385.2531465,557.6005479,0.831260613,61,0.141558048,0.891482267,4290.912921,30.37495244,10.78167636,5,190.6161463,229.1693779,0.159437996,0.0,0.840562004,6,193.1096805,270.8616391,0.769932157,0.810192971,41,0.395235186,0.582162492,0.2,0.6,0.2,2307.614645,5850.694676,203.6601024,868.5326035,2.0137741343058515,1.9075977144326839,0.8780658043892493,0.8317697069596138,1.0556597541870847
65,855275163,65.68456866,111.8223669,450.0835044,-280.9133177,-843.995255,215.5496149,-206.0666535,7.779835514,23.89596338,0.493617435,385.4336921,132.0267072,0.007533995,0.0,0.992466005,19,256.4138911,599.7437589,0.854196816,215,0.145718486,0.025909592,8233.616587,31.55135192,13.27846137,2,233.9706476,192.4772472,0.0,0.107464607,0.892535393,7,202.0401594,245.3877683,0.854971962,0.635653606,40,0.338481338,0.236808237,0.0,1.0,0.0,2246.511787,4474.288581,152.9482351,512.32209,1.6473591711339093,0.6859340993318197,2.9193615464189957,1.215575612201503,2.401628921406051
66,855357345,25.12732215,-275.6294828,-100.5147034,186.352649,-368.0313893,-223.9912464,-292.8643887,7.728909952,0.0,0.552717817,486.7539008,392.7899865,0.0,0.176316479,0.823683521,13,401.8654665,783.973306,0.896918819,99,0.272727273,0.807440398,6528.998146,71.10949415,-13.15289901,5,291.2727942,133.5068524,0.003805899,0.0,0.996194101,5,214.8612915,245.8999981,0.850376378,0.954686808,25,0.468125595,0.641294006,0.0,1.0,0.0,1715.281328,5242.128929,79.84517494,547.7725732,1.671127240485682,2.942096075512001,1.239221766158746,2.181706698674292,0.5680056658907248
67,855791035,112.9304291,-160.0375899,-463.7073784,512.3545911,-10.64095731,73.83189163,-399.584605,24.67132165,26.68244438,0.678233794,378.2023068,351.7740436,0.0,0.504110613,0.495889387,17,334.775691,919.7898016,0.7766006,67,0.468983558,0.923766816,4423.709148,37.15090214,42.8737086,4,247.0416693,253.3016097,0.109286166,0.0,0.890713834,7,271.3654603,300.614892,0.821190004,0.727403265,40,0.331648768,0.49842072,0.0,0.75,0.25,2700.215377,6050.868735,206.2315213,2335.874543,1.5309251587865627,1.3887556577971483,1.0751285198007712,0.9752866142168855,1.1023718608750257
68,855995114,102.1481305,-127.0859779,147.6686099,236.0334038,-226.7264391,-83.28970258,-261.4463423,5.943961741,26.41569713,0.426859542,595.8642628,202.0356074,0.0,0.163421829,0.836578171,17,371.4776186,672.1856398,0.795624134,81,0.393510324,0.794985251,5178.778163,2.719698636,-29.69106695,5,243.5835926,116.8966377,0.0,0.0,1.0,5,157.6318517,193.7108668,0.846548036,0.849091767,41,0.393217893,0.468253968,0.0,1.0,0.0,2178.810444,5799.869937,63.20260538,1826.488557,2.446241376275686,1.7283269337352378,2.949303196937353,2.083751914448776,1.4153811576545305
69,857264868,178.943161,-398.6003522,-310.1103094,-179.9316393,-555.3123499,-455.0907334,-168.7038809,9.606472255,16.78884801,0.399687037,520.6903241,508.0493073,0.0,0.09182629,0.90817371,21,494.6473906,845.973079,0.829186629,207,0.122240094,0.881122971,9425.348912,11.97269172,-52.25509396,4,338.076495,199.562684,0.018943534,0.0,0.981056466,7,185.720009,273.8039324,0.813577482,0.64051446,58,0.291803279,0.694717668,0.0,0.75,0.25,3801.87454,7655.383499,88.76765618,667.7771863,1.5401553547814673,2.5458131606407943,1.0248814763023297,1.6940867311646302,0.6049758004997516
70,859075920,43.42631512,-264.0764101,-656.5602714,85.42997064,-47.72811384,-180.7724558,-184.8168062,27.86994166,0.0,0.650405765,510.4098742,385.016319,0.0,0.495132545,0.504867455,15,380.0545141,821.7916688,0.804985464,153,0.263890969,0.779841246,10259.25317,26.27671623,67.023221,4,218.0256782,156.6788405,0.246973366,0.0,0.753026634,6,237.3895507,269.043546,0.853039254,0.677943154,36,0.474576271,0.197941889,0.0,1.0,0.0,2673.593058,5697.868418,151.6775091,805.3966636,2.341053945635657,2.4573600223956213,1.3256837412130575,1.391545134647585,0.952670314605924
71,866267921,3.33076337,-360.6972963,-1973.448179,-1259.448506,1303.63523,1596.87293,416.1470525,26.86361964,31.66865528,0.459739475,522.6237771,620.0442095,0.0,0.493329811,0.506670189,70,492.4429241,2740.023588,0.833857794,941,0.498183859,0.870459649,42350.55677,39.02989098,17.07320717,7,207.3707634,257.1609597,0.003172365,0.0,0.996827635,7,183.03391,218.0317155,0.889177871,0.656811237,81,0.482199507,0.585125132,0.285714286,0.428571429,0.285714286,3936.935041,8127.686876,187.9655946,1149.500856,2.520238477841279,2.4111132973812746,0.842881473760461,0.8063850890971769,1.0452592503962903
72,867017156,11.69753215,-176.8481502,604.2825687,89.77325982,-41.12622991,79.52742094,-121.8426765,2.77145693,22.805043,0.441326859,428.2046419,281.3250614,0.0,0.045746222,0.954253778,19,255.0523715,565.373696,0.831038234,143,0.435520596,0.4235148,6629.928479,16.69361532,-49.49148704,4,270.0708119,166.7000917,0.0,0.0,1.0,7,193.3705789,302.9485769,0.768085796,0.652766484,42,0.396984925,0.638749302,0.0,0.75,0.25,2302.005019,4744.453324,74.52978735,807.2323985,1.5855272877787057,1.6876119174924245,1.5220991680195899,1.6200999600289963,0.9395094164389385
73,873811248,204.5794495,-267.5843149,-77.11817622,-462.9976512,-197.2503076,-201.1919198,50.78542568,6.288223178,18.58911123,0.451370153,745.3957295,510.0290389,0.002394327,0.033428492,0.96417718,17,521.2061155,881.684969,0.808061366,217,0.352058201,0.546367069,15205.41197,34.59219519,-124.1056219,4,393.7389242,367.7678511,0.0,0.0,1.0,9,295.9140507,426.0004093,0.798193368,0.597214967,70,0.430776652,0.672696575,0.0,0.75,0.25,5621.290896,10551.48411,134.8988119,686.9670384,1.893121771017426,1.3868233380772528,1.461477038851797,1.0706181168971678,1.365077814195228
74,873854264,153.4508691,-454.1061069,-1152.06892,-823.6322324,159.7167359,-304.0430079,312.2044193,20.29035124,0.0,0.66527278,602.4707066,593.1931383,0.013565891,0.203545372,0.782888737,16,546.9833928,712.0299605,0.861367151,371,0.343220099,0.909601316,22685.16054,23.24283717,-169.5900636,3,639.6796707,230.2090921,0.0,0.0,1.0,8,371.6063574,468.0513816,0.86105884,0.859824895,61,0.491534254,0.854649648,0.0,0.666666667,0.333333333,4815.424892,13048.22146,120.5897051,1169.863008,0.9418318796042364,2.576758080616226,1.0156400465564859,2.778689863483459,0.36551040110796873
75,887156236,51.81040033,-26.56316833,-1036.852752,-80.64566402,488.3586389,619.1853781,-123.3987484,9.778258911,0.0,0.666379054,288.5299631,463.1184388,0.122609204,0.243464462,0.633926334,25,257.5842219,785.2735368,0.826689206,491,0.406163869,0.652133968,17568.43683,14.97070375,-17.05793553,6,166.9502666,175.0473898,0.0,0.0,1.0,7,144.2852346,165.0422335,0.873477979,0.869283254,92,0.453032105,0.658145065,0.0,0.833333333,0.166666667,2585.512658,7087.499483,293.7623073,818.4743748,1.7282390077956304,2.645674633190103,0.6230154943681763,0.9537432508462346,0.6532318774632364
76,888108541,7.829913075,99.85157687,-444.3146068,49.28787516,522.1225708,379.9640347,-115.3969935,6.613337343,0.0,0.490348516,378.5393044,390.4667898,0.0,0.00389883,0.99610117,19,366.3475861,582.2424658,0.858434,397,0.394437916,0.48609479,17591.46725,17.21393433,94.55283865,5,223.7340762,329.3810679,0.0,0.0,1.0,7,245.4707216,300.4119438,0.903662503,0.855344669,69,0.475306203,0.54721454,0.0,0.8,0.2,3767.032564,10089.37202,302.2054497,717.8699391,1.6919161838432548,1.1854560806711139,0.9694532653952226,0.6792560289710567,1.4272280613596602
77,889183564,15.8530478,-22.41446504,1233.552614,84.82642751,545.4642475,11.15259499,79.47757147,5.624394954,7.971478496,0.621821997,414.5597546,67.77983921,0.0,0.0,1.0,21,256.176248,779.3628351,0.836286227,259,0.338210639,0.698064319,10079.2691,4.074014098,-113.7143548,7,162.8212086,167.0632948,0.011945392,0.202502844,0.785551763,7,146.4220786,201.2086149,0.869499363,0.559281704,59,0.456769056,0.757110353,0.0,1.0,0.0,2491.949386,4383.09757,51.77364339,335.56825,2.546104148007166,0.4057135308575275,6.11626937201169,0.974607910103303,6.275620491694346
78,889235347,7.84176464,-225.0722771,-472.8166465,110.0352606,-50.42227404,-176.6155971,-175.0276977,17.47110342,0.0,0.562262107,294.09542,415.9317496,0.005170464,0.258523186,0.73630635,15,351.0428529,555.3373165,0.854473943,223,0.494425594,0.683309097,11106.9713,51.75447582,16.97315193,5,180.6178868,149.9727605,0.0,0.0,1.0,6,154.9014952,172.4626474,0.918405111,0.832100794,75,0.454545455,0.267045455,0.0,1.0,0.0,2441.578199,6527.546975,167.8943032,831.2946791,1.6282740608390285,2.773381967587374,0.7070761495914425,1.2043379490904285,0.5871077550329282
79,941794256,175.428256,-275.193033,-362.8268429,281.550777,-176.782405,-171.4289798,-293.9059126,14.48934616,0.0,0.551882421,563.5876402,414.8783854,0.001299376,0.2247921,0.773908524,10,458.2642116,787.234684,0.837944261,63,0.437110187,0.797037422,5956.479457,9.150721475,-64.45471501,5,294.1710567,234.2799252,0.0,0.0,1.0,4,258.6290122,320.3079507,0.811431028,0.966832986,37,0.436814772,0.465666474,0.0,1.0,0.0,2703.100798,8222.444951,104.629948,552.9891269,1.915850072139337,1.7708661339456497,1.3584405937576713,1.2556391950734667,1.0818717662586104
80,941868688,266.5403631,-298.1306209,-677.5390491,-465.0314989,-426.2128276,-770.6015278,30.16941536,11.09041896,31.52525369,0.49083615,658.9741143,352.2546567,0.0,0.165099475,0.834900525,19,484.0862381,964.9883526,0.805324405,231,0.238641988,0.911907354,14861.1825,77.21063894,-51.04723612,5,397.6546066,162.0306419,0.057488654,0.0,0.942511346,5,242.3642007,302.4987781,0.848459958,0.691422408,37,0.367624811,0.497730711,0.0,0.8,0.2,2568.45945,5597.682155,103.3173452,878.6205155,1.6571519689770895,2.174000254330906,1.870732158584974,2.454193860723081,0.7622593261780057
81,992253295,140.1181836,-378.9861938,-451.5906348,561.9496272,-69.36916565,41.96819797,-377.0078904,48.8079936,29.26617104,0.671917492,540.2252983,579.6277011,0.0,0.612844514,0.387155486,11,525.5171675,770.464085,0.780220067,67,0.210868435,0.766770671,6275.347406,21.14868953,100.6649702,6,234.8289624,217.7147872,0.221563342,0.0,0.778436658,4,289.4685104,321.4897803,0.855965982,0.793406117,36,0.396765499,0.161725067,0.166666667,0.5,0.333333333,3133.153362,7728.730982,270.5659847,1070.166678,2.300505409463922,2.662325827999615,0.9320211875222262,1.078608235205808,0.8640961167373142
82,992256615,1.259396416,-452.9236496,-1041.594625,-117.4626206,288.2177029,-120.8562606,71.354446,15.30880404,19.30398935,0.946711084,426.3366719,670.5467447,0.0,0.231452688,0.768547312,22,574.6457173,1121.011533,0.820259355,243,0.401954687,0.681119502,15907.24936,33.31537582,29.59233243,4,187.3146611,270.45822,0.062618596,0.0,0.937381404,5,159.3118875,199.8268009,0.869743813,0.766773843,40,0.357368754,0.624920936,0.25,0.75,0.0,2039.587219,4951.150344,217.5532029,954.9658588,2.2760453954663777,2.4792988162829737,0.6358045509425915,0.6925826144237731,0.9180197967741063
83,992386952,16.39292273,-109.5264705,-503.0945612,-2.613641169,-83.95166231,-179.3782974,-138.64391,24.2979819,25.88946786,0.452497338,493.8865372,275.1483335,0.0,0.427802038,0.572197962,19,331.0297232,755.937056,0.795226162,215,0.306259098,0.803056769,11761.58547,102.3367369,62.59952933,3,192.8632207,176.5077045,0.050304878,0.0,0.949695122,6,282.358554,316.7951491,0.772103281,0.721977567,27,0.241615854,0.198932927,0.0,1.0,0.0,2307.122538,5088.249125,106.0604945,715.8175254,2.5608124525113256,1.558846024763752,1.7949828404103347,1.0926617693337008,1.6427616402328287
84,992421687,296.6066256,-392.8848653,-462.957222,150.7366997,-317.3378177,-372.1683942,-270.1910928,20.12284435,0.0,0.57714376,623.3528753,478.2987888,0.0,0.400195886,0.599804114,19,479.615733,1112.278256,0.826133398,91,0.365719882,0.789813908,7887.536366,39.80232852,34.58234452,2,367.6266989,120.1046942,0.195317726,0.0,0.804682274,6,268.8282774,334.5348494,0.841187403,0.882674304,40,0.424749164,0.191973244,0.0,1.0,0.0,2608.066306,7185.774819,128.2282699,636.9987654,1.6956137221947567,3.982348833123294,1.303270863101964,3.060885349641896,0.4257823192412086
85,992825900,12.08017573,-267.5228188,-567.3934777,-185.3843416,-291.8129172,-369.2429822,-106.7435639,17.96830084,25.04566592,0.323647726,601.1749993,375.5347242,0.0,0.272682016,0.727317984,33,369.4989522,1511.451923,0.840795969,166,0.347230865,0.867081518,11800.01118,22.8350255,-18.46116705,5,299.1318065,210.4048714,0.083858268,0.0,0.916141732,7,261.3025782,290.2324714,0.872837048,0.694292818,63,0.482677165,0.378740157,0.0,1.0,0.0,3896.465084,8482.384717,105.851813,989.635276,2.0097327874760786,1.7848195324625933,1.6008506286087936,1.4216962017543857,1.1260145638944026
86,993243528,59.66468752,-291.1722712,-395.204603,265.4055136,-222.6921313,-293.5162133,-289.4756448,18.98706421,0.0,0.58522513,321.5920409,433.5832708,0.0,0.418158568,0.581841432,19,391.7739224,615.488308,0.788224649,107,0.270076726,0.634782609,5473.843014,73.84805574,65.52971844,5,263.3587883,150.2359077,0.075057208,0.0,0.924942792,5,222.9213471,309.2828031,0.82820532,0.710570941,47,0.395348837,0.123575011,0.2,0.6,0.2,3264.027546,7252.320477,134.1392534,695.5293416,1.221117559721093,2.8860162489636285,0.7417076777584934,1.752968330486547,0.4231152753071289
