cell_name,blowout_mv_qc,electrode_0_pa_qc,recording_date_qc,seal_gohm_qc,input_resistance_mohm_qc,initial_access_resistance_mohm_qc,input_access_resistance_ratio_qc,fail_tags_qc,failed_blowout,failed_electrode_0,failed_seal,failed_input_access_resistance,failed_qc,failed_fx_long_squares,failed_fx_short_squares,failed_fx_ramps,failed_fx_chirps,failed_fx_sweep_features,upstroke_downstroke_ratio_ramp,threshold_v_ramp,width_ramp,upstroke_ramp,downstroke_ramp,width_suprathresh_ramp,trough_v_ramp,threshold_i_ramp,postap_slope_ramp,fast_trough_deltav_ramp,peak_deltav_ramp,peak_ratio_chirp,peak_freq_chirp,3db_freq_chirp,peak_impedance_chirp,low_freq_impedance_chirp,sync_freq_chirp,phase_peak_chirp,phase_low_chirp,total_inductive_phase_chirp,sag,sag_area,sag_tau,v_baseline,rheobase_i,fi_fit_slope,vm_for_sag,input_resistance,input_resistance_ss,tau,latency_rheo,avg_rate_rheo,mean_isi_rheo,upstroke_downstroke_ratio_rheo,threshold_v_rheo,peak_v_rheo,width_rheo,upstroke_rheo,downstroke_rheo,width_suprathresh_rheo,trough_v_rheo,fast_trough_v_rheo,postap_slope_rheo,fast_trough_v_last_rheo,adp_v_last_rheo,adapt_hero,avg_rate_hero,latency_hero,mean_isi_hero,median_isi_hero,isi_cv_hero,ir_late_hero,upstroke_downstroke_ratio_hero,threshold_v_hero,peak_v_hero,width_hero,upstroke_hero,downstroke_hero,width_suprathresh_hero,trough_v_hero,fast_trough_v_hero,postap_slope_hero,ahp_delay_ratio_hero,sag_depol,sag_area_depol,sag_tau_depol,adapt_mean,isi_cv_mean,ir_late_mean,avg_rate_max,isi_adapt_ratio,width_adapt_ratio,upstroke_adapt_ratio,downstroke_adapt_ratio,threshold_v_adapt_ratio,peak_v_adapt_ratio,ahp_delay_ratio_5spike,trough_slowdeltav_rheo,trough_slowdeltav_hero,fast_trough_deltav_rheo,fast_trough_deltav_hero,peak_deltav_rheo,peak_deltav_hero,first_isi_inv_rheo,first_isi_inv_hero
PGS4_200702_702_A01,,-0.7290326356887817,2020-07-02 00:22:31,2.8164682240000003,203.960992,27.177998,0.1332509600659326,initial_access_resistance_mohm 27.177998 exceeds max 20.000000,False,False,False,True,True,False,True,False,False,False,3.9107985341806293,-33.927738189697266,0.0005799999999993588,549.6018077787489,-140.5344210332478,0.0005000000000006111,-55.44136047363281,90.17536163330078,3.026813390603258,-11.006969451904297,89.11894226074219,1.0227333307266235,1.9508032749173594,12.54087819589731,0.49962520599365234,0.4885195195674896,0.4053617194633474,-0.11420188844203949,-0.00811806321144104,0.0,0.06230035796761513,0.0,,-68.35643157958984,100.0,0.1763546798029557,-86.24211883544922,156.19273483753204,152.86918489500485,0.00884864484284286,0.0699599999999998,6.0,0.17989000000000005,3.5932204288210903,-34.20916748046875,53.346282958984375,0.0006500000000000394,530.3358659160576,-147.59346842800207,0.0005500000000000504,-54.78469467163086,-43.12105941772461,-4.377746663532178,-42.52693557739258,,0.01819056113764703,17.0,0.018759999999999888,0.06014999999999999,0.060899999999999954,0.11720366631908584,0.03764204545454142,3.215908057602235,-32.802024841308594,55.22247314453125,0.0005500000000000504,530.9612303961039,-165.10460525789594,0.0004999999999999449,-46.93597412109375,-42.589473724365234,-1.2507630162901524,0.17258522727272926,0.03802170976996422,0.0,,0.018896763859941983,0.10893779634237277,0.04624266314965375,22.0,1.1747725133354263,1.0,0.9139151572112999,0.8940681591668582,0.9817183349004341,0.9777256927858512,0.08522575474218491,-11.66363525390625,-4.346500396728516,-8.91189193725586,-9.78744888305664,87.55545043945312,88.02449798583984,6.275494195167865,24.539877300613593
PGS4_180427_801_A01,,,2018-04-27 09:47:07,,,,,electrode_0_pa missing value; Invalid seal (None); Resistance ratio not available; Initial access resistance not available,False,True,True,True,True,False,True,True,False,False,,,,,,,,,,,,1.9113128185272217,39.39609211034297,39.97879958207151,0.1492270678281784,0.07807569205760956,38.56003356394984,-1.316147804260254,0.4838712215423584,0.0026334995114912756,0.07228320837020874,0.11371911621092498,,-63.457387404008344,50.0,0.5500000000000005,-83.10658264160156,219.40341591835022,240.7557124266647,0.004521180685198303,0.03194999999999992,6.000000000000001,0.13249,2.5516129993836283,-34.992244720458984,68.57855224609375,0.0003500000000000725,988.5310381673963,-387.4141722926586,0.0003500000000000725,-51.98847961425781,-46.61466979980469,19.995574839459767,-46.552181243896484,-46.645912170410156,0.027329133051902616,17.000000000000004,0.018000000000000016,0.060615624999999985,0.06435000000000002,0.20274369006049925,0.12431444241315892,1.949035127213833,-34.46110916137695,71.01551818847656,,884.179025886577,-453.6496102820479,,-50.08264923095703,48.333038330078125,-36.86676267526715,0.11693057247259225,0.1225866749882698,0.5566595214843137,,0.0868421668880454,0.3080968504309084,0.12431444241315892,17.000000000000004,2.4843750000000018,,0.9013905730953541,1.2048388539141524,0.9705356160744236,1.0428246354767883,0.05420860018298226,-5.373809814453125,-98.41568756103516,-11.622425079345703,82.79414749145508,103.57079696655273,105.47662734985352,14.880952380952348,27.700831024930732
PGS4_200218_803_A01,,-65.44252014160156,2020-02-18 11:02:32,2.927965184,840.421568,27.883931999999998,0.03317850595666769,initial_access_resistance_mohm 27.883932 exceeds max 20.000000,False,False,False,True,True,False,True,False,True,False,4.662824686092603,-40.44282531738281,0.0008200000000000429,574.4366114405746,-123.19498375177949,0.0006999999999997009,-64.71477508544922,36.388484954833984,2.7298489398520553,-19.955543518066406,95.836669921875,,,,,,,,,,0.36624929308891296,1.0523735156202105,0.10512475673298481,-73.56503176689148,29.999998092651367,0.3763150776608252,-100.7160873413086,381.70677423477173,199.9462942746263,0.011575278199551349,0.02171999999999996,10.0,0.09008444444444447,3.734429533855292,-38.69124221801758,55.26873016357422,0.0006699999999999484,554.7131381393444,-148.54026113238194,0.0005799999999998029,-60.304534912109375,-59.20979309082031,-0.2726545655967574,-54.705718994140625,,-0.051255364839156534,9.0,0.01953999999999989,0.11396250000000001,0.10296499999999997,0.3073786696905823,0.49878048780487816,4.001927531224293,-44.44644546508789,56.55113983154297,0.0006099999999999994,640.1748748636489,-159.96663354566115,0.000520000000000076,-65.37162017822266,-64.15176391601562,0.18784735604830022,0.0396316587014811,0.20371504127979279,0.6664226562469671,0.030509764284944965,-0.000865968364043776,0.2828841095389907,0.6337728961453578,34.0,1.194596282992346,1.2985074626868887,0.696721234876988,0.7510503331474724,0.9361357953132097,0.8483305156702972,0.04621971392429727,-1.0947418212890625,-1.2198562622070312,-20.518550872802734,-19.705318450927734,93.9599723815918,100.99758529663086,15.64700359881085,5.677624481916762
PGS4_200123_801_A01,,25.28215789794922,2020-01-23 12:21:29,,394.868224,27.163135999999998,0.06879038207946557,Invalid seal (None); initial_access_resistance_mohm 27.163136 exceeds max 20.000000,False,False,True,True,True,False,True,False,False,False,2.2480503172526394,-34.5,0.000580000000000247,461.5089460119796,-205.29297875146915,0.000500000000000167,-57.8125,31.220123291015625,-0.3409501980143094,-22.84375,97.59375,1.1956285238265991,2.1788192421154924,7.271175842873794,1.797186255455017,1.5031309127807617,1.3680958031887975,-0.16355091333389282,0.14779113233089447,0.0020358789080848695,0.35456112027168274,0.6672539843719633,0.007144993330186035,-70.71821014404297,50.0,0.20629540965041906,-98.28125,417.0967936515808,275.49420722507165,0.01192025817169069,0.015730000000000022,18.0,0.05660529411764706,2.289144404956732,-37.28125,61.8125,0.0007500000000000284,332.0186658344602,-145.0405073247163,0.0006399999999999739,-58.125,-55.125,-0.7565836357071501,-52.59375,,0.3400849461681159,8.0,0.01309999999999989,0.11323428571428575,0.051120000000000054,1.0002532186620463,0.9421148036253781,0.9586410505072809,-37.125,70.5,,504.3670703314877,-526.1271359750278,,7.53125,,,0.008398284091595687,0.41423162817955017,1.7992985937418113,,0.1404621449557347,0.5423469218769769,0.5820279883382934,47.0,2.4264663392083174,1.6133333333331834,0.6035204664741163,0.6447415716914353,0.8122380553227159,0.7937310414560161,0.05492558469170607,-3.0,,-17.84375,,99.09375,107.625,28.985507246376834,1694.9152542370282
PGS4_200427_702_A01,,4.14516019821167,2020-04-27 03:15:02,0.11155744000000001,1176.323328,21.230696,0.01804835073371936,seal 0.111557 below min 0.750000; initial_access_resistance_mohm 21.230696 exceeds max 20.000000,False,False,True,True,True,False,True,False,False,False,3.4921785086838786,-41.58884048461914,0.0004999999999997229,626.1606161596766,-179.3037253401064,0.000440000000000218,-58.53707504272461,24.08278465270996,1.6989773149723215,-13.821250915527344,84.39720153808594,1.085485577583313,3.7749310125024227,9.754016374586797,0.9383454322814941,0.8644475936889648,0.7347181165273172,-0.37375548481941223,0.04596813768148422,0.000618807261621923,0.12016968429088593,1.3184698437439997,,-59.309686731409144,10.0,0.5419658447121923,-99.12528228759766,312.51564621925354,308.6459776265442,0.013282939609024614,0.05069999999999997,5.0,0.22355250000000007,3.5471052250568142,-40.21296691894531,50.219303131103516,0.00042999999999993044,724.8056121921614,-204.33721759143816,0.0003799999999998249,-58.41199493408203,-54.12803268432617,0.400323534798239,-52.59580993652344,,0.007909246582155574,34.0,0.007159999999999833,0.029154545454545457,0.029400000000000093,0.079639210977385,0.08589951377633176,3.0782829331356916,-41.99534606933594,45.528831481933594,0.00039999999999995595,762.3578608053808,-247.65685200638958,0.00034999999999985043,-54.94104766845703,-54.9097785949707,1.2506867642543555,0.10339256865912974,0.37299081683158875,1.0958485156200128,0.08799615295279865,0.015999194602007688,0.22988768506890142,0.12664946677535524,34.0,1.0717488789237666,1.1395348837208341,0.8870548371716601,0.8400266435557441,0.9502333045078217,0.9097136286318651,0.09317429588459267,-4.283962249755859,-0.031269073486328125,-13.91506576538086,-12.914432525634766,90.43227005004883,87.52417755126953,6.692992436918544,53.908355795148054
PGS4_200122_701_A01,,-11.533733367919922,2020-01-22 02:29:52,,452.96550399999995,23.709647999999998,0.052343164745719796,Invalid seal (None); initial_access_resistance_mohm 23.709648 exceeds max 20.000000,False,False,True,True,True,False,True,True,True,False,,,,,,,,,,,,,,,,,,,,,0.42495983839035034,1.603157187492704,0.0359013557939472,-58.03719425201416,50.0,0.17536353946294012,-93.49671173095703,281.89727663993835,157.6896221905901,0.0074079848282454395,0.013339999999999907,1.0,,2.187659020960601,-36.804561614990234,61.351356506347656,0.00039999999999995595,611.1542872230261,-279.3645085305243,0.000360000000000138,-46.46692657470703,-45.153594970703125,3.721643251474437,-45.153594970703125,-44.622013092041016,-0.006652452086424468,6.0,0.00546000000000002,0.19543800000000003,0.22614,0.22418218863372263,0.425399866711096,2.1109003940305193,-37.93027114868164,61.820404052734375,0.0003900000000001125,616.9955183393412,-292.2902094689839,0.00036999999999998145,-44.559471130371094,-43.840267181396484,2.840028812057806,0.06220546654099929,0.3300471901893616,0.822020859371259,0.08674853044355006,0.038929698118910894,0.41344527182462376,0.7351034228793548,11.0,1.6381251279252222,1.9743589743582444,0.4016282080309074,0.3042435931838692,0.4938169760961092,0.6110267725576595,0.06220546654099929,-1.3133316040039062,-0.7192039489746094,-8.34903335571289,-5.909996032714844,98.15591812133789,99.75067520141602,,6.825006825006826
PGS4_200218_804_A01,,418.9261474609375,2020-02-18 11:02:32,14.600962048000001,396.02112,27.032504,0.06826025844278204,electrode_0_pa 418.926147 exceeds max 200.000000; initial_access_resistance_mohm 27.032504 exceeds max 20.000000,False,True,False,True,True,False,True,False,True,False,2.9501740270074923,-41.75651168823242,0.0006800000000000139,493.0135036763191,-167.11336319925746,0.0005799999999998029,-60.96138000488281,36.04874038696289,1.6797692270973477,-18.985919952392578,92.27094650268555,,,,,,,,,,0.3924557864665985,1.506734062493143,0.04928035255253228,-69.04432762993707,40.0,0.41016949152542387,-98.4014892578125,274.46699142456055,164.45346384818623,0.011747762872504454,0.0790099999999998,1.0,,2.572414062887433,-41.600120544433594,51.452781677246094,0.000700000000000145,466.6720703234361,-181.414056568955,0.0005500000000000504,-60.08558654785156,-59.46002197265625,-6.881256704204164,-59.46002197265625,-57.739715576171875,0.02272359905209337,22.0,0.013009999999999744,0.04596190476190477,0.04525000000000001,0.19406506286764122,0.2388579387186638,2.6443144803052197,-42.97636413574219,53.29819869995117,0.0005499999999998284,567.3880875098653,-214.569065720343,0.0004999999999999449,-60.08558654785156,-59.835357666015625,-1.2510681699469361,0.04366078925273162,,,,0.09102251840838943,0.36427700348967357,0.25856769925848583,22.0,2.420008562865703,1.3214285714282317,0.6953238389298908,0.6900003805174544,0.8969150470651523,0.889875680311062,0.026981159919326893,-0.6255645751953125,-0.2502288818359375,-17.859901428222656,-16.858993530273438,93.05290222167969,96.27456283569336,,42.016806722689
PGS4_200819_703_A01,,-6.04502534866333,2020-08-19 03:51:42,,430.479808,32.809776,0.07621675950942629,Invalid seal (None); initial_access_resistance_mohm 32.809776 exceeds max 20.000000,False,False,True,True,True,False,True,False,False,False,5.368619615869344,-29.174726486206055,0.000860000000000305,563.4229691681478,-104.94745567421103,0.0007199999999998319,-51.501365661621094,26.96217918395996,-2.827683978410838,-19.98140525817871,87.11767387390137,1.0796537399291992,1.190750050923583,11.502138789772482,0.9521551728248596,0.8819079399108887,0.4053617194633474,-0.043485235422849655,-0.0351562537252903,0.0,0.09259655326604843,0.9009867187458996,,-49.13267631530762,20.0,0.29452054399557276,-85.6167221069336,317.2321617603302,292.5510753624249,0.009902596675288916,0.0548099999999998,2.0,0.13674999999999993,4.76470579647218,-29.549962997436523,59.787864685058594,0.0007999999999999119,607.8849732862996,-127.58079916211861,0.0006500000000000394,-49.71898651123047,-48.74962615966797,5.628509679797335,-49.28120803833008,-49.5313720703125,0.04778647011010523,11.0,0.025150000000000006,0.075325,0.06520499999999996,0.31382673502179487,0.34187968182871153,4.606013494953801,-28.893299102783203,62.633419036865234,0.0006999999999999229,604.6647543615464,-131.2772433307018,0.0005800000000000249,-49.68771743774414,-47.90534210205078,1.6931451465462288,0.01908072614909209,0.3167118728160858,0.5176133984351443,,0.03558826454029685,0.2165712119614945,0.3080130116460642,31.0,1.0792425078139327,1.1285714285716506,0.8568987945314952,0.917088854560555,0.9329004166113803,0.944583081465195,0.01908072614909209,-0.9693603515625,-1.7823753356933594,-19.199663162231445,-19.012042999267578,89.33782768249512,91.52671813964844,7.31261425959781,18.389113644722368
PGS4_190619_208_A01,,1819.0106201171875,2019-06-19 12:13:09,-146.68064358400002,442.79094399999997,24.18191,0.05461247644667277,electrode_0_pa 1819.010620 exceeds max 200.000000; seal -146.680644 below min 0.750000; initial_access_resistance_mohm 24.181910 exceeds max 20.000000,False,True,True,True,True,True,True,True,False,False,,,,,,,,,,,,1.0058767795562744,0.405361719463336,9.044633365525684,0.254900187253952,0.2534109354019165,0.405361719463336,-0.0011560911079868674,-0.0011560911079868674,0.0,,,,,,,,,,,,,,,,,,,,,,,,,,,,,,,,,,,,,,,,,,,,,,,,,,,,,,,,,,,,,,,,,
PGS4_180810_607_A01,,1867.374267578125,2018-08-10 13:15:47,3.689266688,224.74121599999998,23.631511999999997,0.10514988047408269,electrode_0_pa 1867.374268 exceeds max 200.000000; initial_access_resistance_mohm 23.631512 exceeds max 20.000000,False,True,False,True,True,False,True,True,False,False,,,,,,,,,,,,1.1757826805114746,3.1664969424305403,10.61409775102717,0.7206063866615295,0.6128737926483154,1.722574336682214,-0.1634044498205185,0.11735429614782333,0.0016191747353220005,0.31951412558555603,1.1817978125077422,0.06973269418026758,-61.45632705688477,70.0,0.397727272727273,-84.375,175.46874284744263,138.3222184188724,0.009918074299706932,0.025125000000000064,1.0,,2.1207995567077598,-37.3125,57.5625,0.0004300000000001525,496.85759032327627,-234.27842992129683,0.0003750000000000142,-54.59375,-54.125,5.028071256113191,-54.125,,0.14802502294978573,11.0,0.010915000000000008,0.08974650000000002,0.05804500000000001,0.817143443587267,0.44783051537991514,2.1465812663736092,-37.3125,58.375,0.0004049999999999887,512.4777865158819,-238.74138591624416,0.0003500000000000725,-54.40625,-54.25,2.7598737097936192,0.006213584321395096,0.3228558599948883,1.1774566406327138,0.027932157289657377,0.20851502938566194,0.7803039063043984,0.4571554682004441,32.0,2.1848267249453697,1.4444444444446272,0.5684523047597535,0.6787500141712551,0.8115577889447236,0.7660599571734475,0.006213584321395096,-0.46875,-0.15625,-16.8125,-16.9375,94.875,95.6875,,62.539086929331035
PGS4_191122_803_A01,,-785.3341064453125,2019-11-22 03:59:26,0.397336736,207.78382399999998,49.711112,0.23924437929297135,electrode_0_pa -785.334106 exceeds max 200.000000; seal 0.397337 below min 0.750000; initial_access_resistance_mohm 49.711112 exceeds max 20.000000,False,True,True,True,True,False,True,False,False,False,,,,,,,,,,,,1.2315548658370972,2.938872466109269,9.526000407388665,0.5578553080558777,0.4529682993888855,1.8747979525179819,-0.1464969366788864,0.19168299436569214,0.0025766378245406798,0.1105041429400444,1.6571101562424584,,-55.103378589336685,50.0,0.3539804736118489,-93.40625,338.54663372039795,170.1031527352282,0.013210883925097606,0.12074999999999991,2.0,0.23185999999999996,1.6383534804749027,-30.09375,67.34375,0.00038000000000004697,550.8311048898352,-336.2101716475544,0.000320000000000098,-49.875,-49.8125,1.9249663627103124,-49.15625,-45.5625,0.037242368352050526,9.0,0.032889999999999864,0.11681875000000001,0.12026000000000003,0.18452750061849305,0.041332951945079355,1.5399484917438628,-32.46875,65.5625,0.00035999999999991594,547.7939875138201,-355.722279316946,0.00031000000000003247,-50.6875,-50.625,1.9937374897281204,0.0060370550274106444,0.2744334936141968,0.8597219531210873,0.30762128189550736,0.039141351965944,0.11527099191986308,0.062253343277601236,9.0,1.413777577667719,1.1249999999997224,0.863387981345766,0.8616461987531879,0.910010111223458,0.9480952380952381,0.00566994926887501,-0.0625,-0.0625,-19.71875,-18.15625,97.4375,98.03125,4.3129474682998366,11.69864295741694
PGS4_180919_801_A01,,3409.55615234375,2018-09-19 02:45:39,-84.22457344,-3696.1815039999997,638.4337919999999,-0.17272793322218843,electrode_0_pa 3409.556152 exceeds max 200.000000; seal -84.224573 below min 0.750000; initial_access_resistance_mohm 638.433792 exceeds max 20.000000,False,True,True,True,True,False,True,True,False,False,,,,,,,,,,,,1.046679139137268,2.8119490099913405,14.541069655270535,0.5728404521942139,0.5472932457923889,0.6586547230610347,-0.13088569045066833,0.01907382346689701,0.00024836177776329154,0.37004899978637695,2.115166875013857,0.05721378852412952,-57.69364707946777,50.0,0.12474299065420569,-102.84375,200.8170336484909,158.12968310871096,0.01259759833738637,0.029434999999999878,1.0000000000000004,,3.5845380840188112,-36.96875,56.09375,0.0006649999999999157,530.6129134751286,-148.0282538608799,0.0005749999999999922,-57.25,-54.78125,0.862064374210584,-54.78125,-54.6875,0.26704251788963634,5.000000000000002,0.005399999999999849,0.20935624999999997,0.18313749999999995,0.8354467672634432,,3.3055462560276325,-37.40625,49.28125,0.0006950000000001122,423.7839336234474,-128.20390362127935,0.0006099999999999994,-51.96875,-51.65625,1.3416516122998914,0.009385598233298998,0.1396683007478714,0.0,,0.023708524644948385,0.7653802993722009,0.6055139262551757,26.000000000000007,3.7087270705947724,1.3839999999996135,0.6539975819485763,0.6181662309931457,0.816722972972973,0.8727272727272727,0.012778728692348555,-2.46875,-0.3125,-17.8125,-14.25,93.0625,86.6875,,32.40965807810719
PGS4_210219_706_A01,,13.079407691955566,2021-02-19 06:28:16,2.535642112,182.41072,20.414032,0.11191245777660436,initial_access_resistance_mohm 20.414032 exceeds max 20.000000,False,False,False,True,True,False,True,False,False,False,5.720198301033115,-22.139020919799805,0.0008500000000006835,527.8660669732745,-92.28107824128013,0.0007299999999998974,-38.05535125732422,119.3844223022461,0.24184094094341557,-15.00950813293457,84.05323219299316,1.081862449645996,2.330829886914248,13.224926097491709,0.3747005760669708,0.34634771943092346,1.0387394061248278,-0.0864441767334938,0.039696890860795975,0.0005169896266795357,0.18306578695774078,0.8865626562459652,0.13208800698810483,-61.24934266742907,110.0,0.1317610062893082,-83.67799377441406,190.12047350406647,157.85713040826815,0.010544262500514363,0.07080999999999982,1.0,,4.570761987919906,-26.360445022583008,59.756595611572266,0.0006899999999998574,557.3407419727788,-121.9360674315963,0.0005900000000000905,-43.49629592895508,-42.9647102355957,2.8635140343990875,-42.9647102355957,-40.15042495727539,0.2721490231712852,3.0,0.018489999999999895,0.04402000000000006,0.04402000000000006,0.2721490231712852,,3.6063754276264897,-27.642507553100586,62.101829528808594,0.0005399999999999849,594.6324830893975,-164.88368862937563,0.00045000000000006146,-43.77772521972656,-43.558837890625,4.562295676517846,0.030876316259147038,0.18795816600322723,0.6966011718718298,0.0887122524744656,0.16991947736488575,0.6428373076382955,0.6279720691788693,14.0,2.855639097744351,1.698113207547241,0.6494537762141404,0.529970078667269,0.7718715347503075,0.832171291292853,0.038792346849219554,-0.531585693359375,-0.2188873291015625,-16.604265213012695,-15.916330337524414,86.11704063415527,89.74433708190918,,31.210986267165975
PGS4_191213_707_A01,,-23.43918228149414,2019-12-13 05:53:46,1.72254784,268.313632,18.735774,0.0698278870899858,,False,False,False,False,False,False,True,False,False,False,4.156055759843638,-34.553131103515625,0.0006599999999998829,554.4500178155361,-133.40774278649138,0.000560000000000116,-49.71898651123047,35.771240234375,1.3085424253069016,-14.946968078613281,83.1151351928711,1.10746169090271,3.1415533258409427,14.060984643884863,0.5659878849983215,0.5110676884651184,0.6333776866614803,-0.16277585923671722,0.021498626098036766,0.00027713149569237567,0.2718936800956726,1.2437114062443397,0.11171763523658591,-57.228433064052034,50.0,0.42045454545454564,-82.92752075195312,217.16876327991486,158.05835546959236,0.008461286166555471,0.05444999999999989,2.0,0.10597999999999996,3.9256024437457704,-34.740753173828125,50.15676498413086,0.0005800000000000249,573.3692445439256,-146.05891777385955,0.00048000000000003595,-51.00104904174805,-50.59454345703125,2.2690933101927717,-49.84406661987305,-49.68771743774414,0.044607360675001914,16.0,0.012479999999999825,0.059162666666666676,0.05314999999999981,0.564255120344708,0.3875776397515531,3.6590909470817268,-34.897098541259766,51.53263854980469,0.0005299999999999194,591.4972940539343,-161.65143272147344,0.000440000000000218,-49.78152847290039,-49.7502555847168,4.193858910812291,0.027101449275362764,0.24092043936252594,0.8658177734374046,0.10597160360636212,0.05954831255924316,0.4756443557859066,0.28190498749241744,35.0,1.690021231422508,1.2641509433963212,0.8096452919257424,0.7750317358016587,0.938517182813238,0.8878732634674962,0.010524031680590504,-0.4065055847167969,-0.03127288818359375,-15.853790283203125,-14.853157043457031,84.89751815795898,86.42973709106445,9.435742592942068,50.684237202230044
PGS4_200303_805_A01,,-29.989990234375,2020-03-03 12:21:50,3.13762944,354.28275199999996,36.412383999999996,0.1027777496771844,initial_access_resistance_mohm 36.412384 exceeds max 20.000000,False,False,False,True,True,False,True,False,False,False,,,,,,,,,,,,1.0906285047531128,4.534984236496199,22.26955946301765,0.5845822691917419,0.5360049605369568,1.7227873077192266,-0.137331023812294,0.07379961013793945,0.0010316492787448962,0.15147694945335388,1.0131400781203892,0.09497388988102476,-63.229160924111646,90.0,0.7749999999999998,-95.8125,248.04531037807465,199.2517939246674,0.006419221092566972,0.030019999999999936,5.0,0.049514999999999976,2.279169249432356,-14.75,92.6875,0.0005299999999999194,543.895098213939,-238.6374326300691,0.000460000000000127,-33.28125,-32.96875,0.4950751088581991,-30.09375,-26.46875,0.48484848484905574,3.0,0.19093000000000004,0.00032999999999994145,0.00032999999999994145,0.48484848484905574,,1.0486544135615081,-31.5,-29.25,,25.289873231958158,-24.11649911057643,,-31.21875,,,0.48979591836750414,0.29890501499176025,2.254904843739738,0.08988101057153217,0.18185789475426686,1.0389192017931093,0.1196904840302967,66.0,3.546088303640568,1.3207547169811875,0.6970783574396869,0.7117438900161986,0.6016949152542372,0.8604180714767363,0.02446483180428154,-0.3125,,-18.21875,,107.4375,2.25,38.77471888328812,5882.352941184034
PGS4_200305_802_A01,,,2020-03-05 07:33:03,-5.485074432,377.06496,49.4216,0.13106919295815767,electrode_0_pa missing value; seal -5.485074 below min 0.750000; initial_access_resistance_mohm 49.421600 exceeds max 20.000000,False,True,True,True,True,False,True,False,False,False,2.4803130065876076,-19.5,0.0006999999999997009,331.0435506058987,-133.4684572981962,0.000600000000000378,-42.625,52.61134719848633,-1.6326225802103147,-14.46875,80.5625,1.0916824340820312,2.5081756391794623,7.879218422068815,0.9382990002632141,0.859498143196106,0.836058546393154,-0.20495392382144928,0.04509845748543739,0.0005989713789838326,-0.046622101217508316,0.23606736328017566,,-61.29155384410512,29.999998092651367,0.24687499734972207,-94.09375,833.1249952316284,215.76373834733863,0.00902680153361953,0.13981,1.0,,0.1725817668435485,-38.5,-29.03125,0.00045999999999990493,74.20895498585183,-429.99301921114807,0.00045999999999990493,-170.0,-169.9375,132.17222519224762,-169.9375,,-0.008258444429521178,25.0,0.017709999999999892,0.039476250000000004,0.03200999999999998,0.8026013354685538,0.9841956726246481,1.2672115035445064,-12.96875,-2.1875,0.0012399999999999078,23.302590049339873,-18.38887193192328,0.0010900000000000354,-15.4375,-15.4375,-1.6525160799760064,0.9079283887468058,0.23533958196640015,0.9865158203123914,,0.04282055400122681,0.37207470853638963,0.6260930257019088,25.0,2.9884916748286003,,0.6051489703358217,2.883048184439661,0.3562753036437247,0.6465997770345596,0.0073330602212206405,-0.0625,0.0,-131.4375,-2.46875,9.46875,10.78125,,48.42615012106524
PGS4_200303_703_A01,,12.911072731018066,2020-03-03 05:02:29,0.874552832,243.51289599999998,19.808021999999998,0.08134280494122167,,False,False,False,False,False,False,True,False,False,False,3.2883972951943705,-31.676311492919922,0.000700000000000145,391.35295189694347,-119.01024017653299,0.000620000000000509,-46.12295913696289,75.41629791259766,-0.5502325278736655,-11.882526397705078,77.26768493652344,1.075688362121582,1.8747979525179819,15.302404909741366,0.49812135100364685,0.46307218074798584,1.1400798359906645,-0.05982404947280884,0.0515185184776783,0.0006711677475639971,0.04936358705163002,0.0,,-51.12894999186198,59.999996185302734,0.30958903097967677,-80.8011703491211,258.6013674736023,272.0895171215805,0.013573303882742815,0.023809999999999887,1.0,,2.9870125499815465,-32.2078971862793,45.341217041015625,0.000600000000000156,431.5233230600877,-144.46652494404606,0.0005500000000000504,-45.84153366088867,-45.591373443603516,-1.2508392683203944,-45.591373443603516,-42.464393615722656,0.16867208973189945,10.0,0.008809999999999762,0.0957777777777778,0.04469999999999996,0.9507078264129215,,2.813229832158339,-32.02027893066406,46.34184646606445,0.0005500000000000504,452.1613568058009,-160.72677448429374,0.0004999999999999449,-45.40375518798828,-44.340579986572266,2.5016785366518985,0.0197423108894432,0.248933807015419,0.4433089843729825,,-0.0912672618545344,0.660735884141588,0.47157210486215717,32.0,2.4761904761904505,1.3636363636358866,0.8118949902344892,0.7003892592762992,0.9101562034633623,0.9379217741636091,0.0197423108894432,-0.25016021728515625,-1.0631752014160156,-13.383476257324219,-12.320301055908203,77.54911422729492,78.36212539672852,,73.80073800737914
PGS4_190619_207_A01,,2462.93115234375,2019-06-19 12:13:09,3.267841536,185.492688,42.236536,0.22769919642331132,electrode_0_pa 2462.931152 exceeds max 200.000000; initial_access_resistance_mohm 42.236536 exceeds max 20.000000,False,True,False,True,True,False,True,False,False,False,4.134064713214383,-18.38877296447754,0.0016599999999999948,129.73748812041796,-31.382548924722187,0.001459999999999989,-27.520612716674805,0.6900045871734619,0.26987292535142676,-8.00599479675293,42.31294059753418,1.009714126586914,0.9880691911918815,6.25777154421525,0.6313421726226807,0.6252682209014893,0.4813670418627115,-0.0942039042711258,0.018220026046037674,0.00027882185277665794,0.06717601418495178,0.0,,-42.85022527521307,50.0,0.30294117647058816,-62.23411178588867,178.88396978378296,200.6205325982237,0.011180438876887471,0.11579000000000006,2.0,0.14226499999999986,3.563004987838303,-19.764802932739258,40.123802185058594,0.0007050000000001777,313.944299553167,-88.11222567039934,0.0005899999999998684,-32.649452209472656,-32.02398681640625,-4.377371930844181,-30.647953033447266,-31.14832878112793,0.022918872184276996,19.0,0.02593500000000004,0.05296833333333333,0.0539925,0.2289339411401865,0.12716886826133433,3.5733778766481152,-19.921171188354492,38.81031799316406,0.0006300000000001305,344.37299708374377,-96.37183890744045,0.0005249999999998867,-33.14982604980469,-32.680728912353516,0.19040845550950142,0.051875713039393395,0.14182476699352264,0.5334971875034951,,0.030863726255850158,0.1755153263224505,0.1468940956231977,26.0,1.328684592212433,1.3538461538460593,0.7469597834689014,0.6691320854707618,0.8758502866866791,0.8786260670010503,0.05067188085035687,-0.6254653930664062,-0.4690971374511719,-12.259183883666992,-12.759557723999023,59.88860511779785,58.731489181518555,7.029135767757361,29.28686484111887
PGS4_200702_802_A01,,553.28515625,2020-07-02 08:59:33,4.243862784,199.00841599999998,20.347594,0.10224489199491947,electrode_0_pa 553.285156 exceeds max 200.000000; initial_access_resistance_mohm 20.347594 exceeds max 20.000000,False,True,False,True,True,False,True,False,False,False,1.9722829002953166,-30.3125,,594.5376939330932,-301.4464577287929,,49.1875,110.3188705444336,,,96.84375,1.0744209289550781,1.8241277375850635,10.64074513591287,0.49377426505088806,0.459572434425354,0.836058546393154,-0.10523059964179993,0.04116349294781685,0.0005478606341546357,0.011600791476666927,0.22224798828023853,,-68.18618816799588,119.99999237060547,0.17265625710598884,-88.5,156.4062535762787,145.94329690146824,0.008916848065968886,0.06880999999999982,1.0,,1.4075382812394144,-30.5625,59.71875,,746.8750327809785,-530.6250229466684,,-45.625,24.65625,-291.250012814384,24.65625,-43.8125,0.12964646146092149,14.0,0.022809999999999775,0.07379230769230768,0.039650000000000185,1.591601517993844,0.9983877901977644,1.3485915150495347,-29.53125,55.3125,0.0001500000000000945,718.1250303968534,-532.5000360620511,,16.34375,16.34375,-201.25001668976958,0.031790355493502634,0.17293621599674225,1.1955130468695592,0.030402237611151885,-0.006731117616005757,1.9082506869289966,0.8834361057588037,35.0,0.9999999999987664,,0.2240164688306608,0.6948200021263695,-0.08884297520661157,0.22598627787307032,0.6111111111106999,-70.28125,0.0,55.21875,45.875,90.28125,84.84375,,1176.47058823527
PGS4_180919_806_A01,,3187.0986328125,2018-09-19 09:32:01,22.96983552,273.25296,18.121237999999998,0.06631671254357135,electrode_0_pa 3187.098633 exceeds max 200.000000,False,True,False,False,True,False,True,True,False,False,,,,,,,,,,,,1.289078950881958,2.8372818839552263,8.613177147721222,0.752099871635437,0.5834397077560425,1.8999655472914463,-0.14779512584209442,0.0877343937754631,0.001591634111533654,0.3335322439670563,1.5805493750103545,0.04633630942520689,-55.90958093342028,20.0,0.17563080848343032,-90.3125,272.4379599094391,182.8973914737564,0.010932169072683405,0.04204999999999992,1.0000000000000004,,3.758397020361526,-39.125,54.03125,0.0006550000000000722,544.4749778729381,-144.868936124413,0.0005800000000000249,-56.75,-53.9375,-1.131608988639451,-53.9375,,0.0102822926988202,26.000000000000007,0.006569999999999965,0.0382952,0.03866999999999998,0.10473372753203856,0.11327677138270931,3.526906523207557,-38.0625,55.75,0.0006049999999999667,571.0875181734882,-161.92306612484606,0.0005399999999999849,-52.90625,-52.5,2.5494195579486916,0.10152850608055397,0.1411561667919159,0.0,,0.09029770520455091,0.4402758989029304,0.26250925683031645,37.000000000000014,1.320985944748317,1.2968750000002223,0.6790908477549384,0.6700947537760779,0.8858299595141701,0.8534630795649685,0.09848524555794151,-2.8125,-0.40625,-14.8125,-14.4375,93.15625,93.8125,,36.589828027808466
PGS4_191213_303_A01,,41.14063262939453,2019-12-13 01:40:32,5.721387008000001,363.209568,31.462335999999997,0.08662309248417156,initial_access_resistance_mohm 31.462336 exceeds max 20.000000,False,False,False,True,True,False,True,False,False,False,3.964277763544952,-28.490087509155273,0.000720000000000276,528.4450990766069,-133.30173378266477,0.0005799999999998029,-52.44552993774414,43.42184829711914,-2.0528664015995255,-21.07828712463379,90.66164970397949,1.087766170501709,1.7987926301186041,7.017824768209202,0.9668490886688232,0.888839066028595,0.9627340837254501,-0.1258203238248825,0.06421810388565063,0.0008083765143064074,0.07025355845689774,0.3011129101548796,,-61.93092727661133,44.90423583984375,0.3907103817254295,-93.66390228271484,260.19492745399475,227.15720892835176,0.011179464187365238,0.0831099999999998,3.0,0.22030000000000005,4.151657221299586,-30.335220336914062,60.26388168334961,0.0008500000000000174,547.9103326810255,-131.97388499947354,0.0006999999999999229,-52.25788879394531,-48.9116325378418,6.880188593656959,-49.099273681640625,-49.13054656982422,0.016257594970715477,23.0,0.015659999999999785,0.042779545454545445,0.04369999999999996,0.1973719902272876,0.06120527306967949,3.665289054592986,-29.365741729736328,62.859580993652344,0.0007500000000000284,554.7905340803678,-151.3633783903504,0.0005999999999999339,-48.66144561767578,-48.50507736206055,-2.5018310407234923,0.04649042844120013,0.1906566172838211,0.9748923437455632,0.0300251502628907,0.12373067493626887,0.2592359098318337,0.10427650686882917,23.0,1.675860291274649,1.115942028985288,0.8363831148590714,0.8549981410996201,0.9105263029495907,0.9304303986523959,0.0885929037249917,-3.3462562561035156,-0.15636825561523438,-18.576412200927734,-19.13933563232422,90.59910202026367,92.22532272338867,7.222824124232577,36.1010830324909
PGS4_200227_704_A01,,-0.39236342906951904,2020-02-27 06:17:59,3.1118266880000003,253.33934399999998,29.076739999999997,0.11477388210178677,initial_access_resistance_mohm 29.076740 exceeds max 20.000000,False,False,False,True,True,False,True,False,False,False,3.699210029092138,-33.64630889892578,0.00043999999999999595,748.679257628844,-202.38895649095795,0.000360000000000138,-54.06549072265625,10.072566986083984,2.0664607911415342,-15.103317260742188,94.15337753295898,1.0713754892349243,3.1415533258409427,12.9209048078942,0.5206000208854675,0.48591741919517517,0.7093830090608579,-0.16698212921619415,0.021861379966139793,0.00028557993060146,0.1159287616610527,0.4291607421855469,0.0966772684035501,-66.77187292916435,80.0,0.23710937499999998,-87.68053436279297,160.25763750076294,141.53106298086973,0.008248227242164032,0.27900999999999976,1.0,,3.07356438769353,-30.95710563659668,66.32324981689453,0.00039999999999995595,836.1545950193819,-272.04720303479655,0.0003500000000000725,-55.34755325317383,-46.748355865478516,0.6253815081450762,-46.748355865478516,-46.24803924560547,0.020169007467782742,17.0,0.022359999999999935,0.06066874999999997,0.06165000000000004,0.1562723865933435,0.1332863187588077,1.892307651429949,-31.48869514465332,68.54341125488281,0.0003500000000000725,769.2372798937605,-406.5075144163136,0.00029999999999996696,-49.56264114379883,-48.186767578125,0.0,0.15021156558533222,0.07961853593587875,0.0913221289058344,0.003144483111631765,0.04755040995733229,0.21066806877468297,0.15257836430828875,22.0,1.4771976206212816,1.1212121212122639,0.9149541876446565,0.8490425243766673,0.9719222422367457,0.9629457688825283,0.10570183746921599,-8.599197387695312,-1.3758735656738281,-15.791250228881836,-16.69807243347168,97.28035545349121,100.03210639953613,,25.873221216041497
PGS4_210505_702_A01,,10.188935279846191,2021-05-05 04:56:21,3.228377344,276.31129599999997,30.684806,0.11105158002660884,initial_access_resistance_mohm 30.684806 exceeds max 20.000000,False,False,False,True,True,False,True,False,True,False,3.6950368145270565,-44.40312194824219,0.0011399999999999189,259.03436706564366,-70.1033251001042,0.0010099999999999554,-59.47517013549805,4.529515266418457,-1.534752362212409,-12.695537567138672,74.95372009277344,,,,,,,,,,0.16959047317504883,1.0574314062451875,0.12124896212513303,-68.65693855285645,50.0,0.23269230769230775,-101.3454360961914,235.30539870262146,218.89343261718733,0.012142791601949752,0.049229999999999885,8.0,0.10978285714285715,2.793394482208895,-43.558837890625,33.27107238769531,0.0008100000000001994,307.73530752129494,-110.1653595585079,0.0007299999999998974,-56.316917419433594,-55.78533172607422,2.510862257533013,-53.064857482910156,,0.042581204568995785,14.0,0.03310999999999997,0.07221692307692308,0.07979000000000003,0.30026686830861493,0.1547573557508577,2.52882712128575,-42.8083610534668,33.05218505859375,0.0007800000000000029,305.0781691413132,-120.64018397042503,0.0006899999999998574,-56.660884857177734,-56.316917419433594,3.452939825561478,0.02759805903760737,0.45066362619400024,0.567792773434916,0.006910307295557758,0.05985026666247039,0.38053067345766767,0.17420467447471155,27.0,1.6686099471670661,1.3456790123453914,0.7584113124371759,0.7187902017958208,0.9224694640925473,0.9276315517922193,0.043062890062409626,-0.531585693359375,-0.3439674377441406,-12.226493835449219,-13.508556365966797,76.82991027832031,75.86054611206055,18.23819077147549,28.192839018889288
PGS4_190524_702_A01,,-100.85556030273438,2019-05-24 10:49:39,1.8154323200000002,416.34966399999996,15.171391,0.036439061471177266,,False,False,False,False,False,True,True,True,False,False,,,,,,,,,,,,1.0123428106307983,0.405361719463336,1.824127737585012,1.218429446220398,1.2035739421844482,0.6840479015943794,0.20346102118492126,0.20346102118492126,0.0026323225850344864,,,,,,,,,,,,,,,,,,,,,,,,,,,,,,,,,,,,,,,,,,,,,,,,,,,,,,,,,,,,,,,,,
PGS4_180810_609_A01,,2057.38623046875,2018-08-10 13:15:47,-5.445642240000001,454.81664,44.886604,0.0986916485729282,electrode_0_pa 2057.386230 exceeds max 200.000000; seal -5.445642 below min 0.750000; initial_access_resistance_mohm 44.886604 exceeds max 20.000000,False,True,True,True,True,True,True,True,False,False,,,,,,,,,,,,1.0067241191864014,0.40531160863110915,2.355873725168322,1.6313366889953613,1.6204407215118408,0.40531160863110915,-0.14063745737075806,-0.14063745737075806,0.0,,,,,,,,,,,,,,,,,,,,,,,,,,,,,,,,,,,,,,,,,,,,,,,,,,,,,,,,,,,,,,,,,
PGS4_200703_801_A01,,-6.836211204528809,2020-07-03 09:04:47,3.818430976,489.01151999999996,23.980852,0.04903944185200382,initial_access_resistance_mohm 23.980852 exceeds max 20.000000,False,False,False,True,True,False,True,False,False,False,3.280740950275917,-33.59375,0.000860000000000305,385.6629426782972,-117.55361015195734,0.0007399999999999629,-53.5625,32.16164779663086,3.511809056695456,-16.96875,77.9375,1.0049779415130615,0.4053617194633474,2.2294894570484107,2.043177604675293,2.03305721282959,0.4053617194633474,-0.06502131372690201,-0.06502131372690201,0.0,0.16105329990386963,0.3567485937483764,,-69.13998063405354,29.999998092651367,0.8730769083909021,-93.90625,425.3906309604645,430.2009105682373,0.029432901972267514,0.09609999999999985,5.0,0.09067250000000004,3.766433565914016,-33.3125,43.53125,0.0007599999999998719,425.04298125433775,-112.85025311502895,0.0006500000000000394,-52.40625,-49.71875,0.5749439413759909,-49.84375,,-0.004014836829410671,62.0,0.010109999999999841,0.016126229508196716,0.015799999999999814,0.15558262364759345,0.5166051660516711,3.3584071951620675,-30.8125,42.03125,0.0006999999999999229,474.3750393380645,-141.25000685486336,0.0006500000000000394,-47.46875,-47.0,0.0,0.014084507042283473,0.1515899896621704,0.6630148437469826,,0.0337311605152266,0.2376295857143938,0.27317874423229555,62.0,1.9377382465057191,1.2368421052632885,0.8101490621556446,0.8434375558883056,1.024390243902439,0.9138549892318737,0.09745901639344236,-2.6875,-0.46875,-16.40625,-16.1875,76.84375,72.84375,15.883100381194376,92.1658986175113
PGS4_191129_804_A01,,-6.93801212310791,2019-11-29 07:09:56,4.273412096,421.721952,37.047855999999996,0.08784901005105847,initial_access_resistance_mohm 37.047856 exceeds max 20.000000,False,False,False,True,True,False,True,True,False,False,,,,,,,,,,,,1.0231300592422485,1.1147447285242054,13.098250560159414,1.1151268482208252,1.0899170637130737,0.4053617194633474,-0.06405765563249588,-0.016122618690133095,0.0,0.14353549480438232,0.4652650390603826,,-60.9808603922526,40.0,0.16111111111111123,-77.1426010131836,436.21334433555603,370.3441973060797,0.008682293410255294,0.047559999999999825,7.0,0.13483333333333333,3.4135338682761684,-30.675678253173828,65.51023864746094,0.00039999999999995595,851.7894148846451,-249.5330199594,0.00034999999999985043,-63.852935791015625,-51.814064025878906,2.5016022846161015,-52.189300537109375,,0.018116976497361995,7.0,0.047559999999999825,0.13483333333333333,0.13577499999999998,0.07642709974309661,0.06800670016750343,3.4135338682761684,-30.675678253173828,65.51023864746094,0.00039999999999995595,851.7894148846451,-249.5330199594,0.00034999999999985043,-63.852935791015625,-51.814064025878906,2.5016022846161015,0.04790619765494134,0.18437379598617554,0.3252894531235196,,0.013395433703664,0.14439131585883463,0.5043641748260201,30.0,1.1542168674698805,1.1250000000002776,0.8979441460131122,0.9498749020510057,1.0132517849714822,0.9360381657003889,0.04790619765494134,-12.038871765136719,-12.038871765136719,-21.138385772705078,-21.138385772705078,96.18591690063477,96.18591690063477,8.032128514056222,8.032128514056222
PGS4_200703_702_A01,,6.625122547149658,2020-07-03 05:20:37,4.568173056,1047.940928,41.787816,0.03987611790270682,initial_access_resistance_mohm 41.787816 exceeds max 20.000000,False,False,False,True,True,True,True,False,False,False,3.3996568412365424,-40.994712829589844,0.0015799999999999148,198.437878544127,-58.36997315056953,0.0014399999999998858,-53.31501770019531,19.99163246154785,-5.214721450768721,-9.568557739257812,84.11577224731445,1.1047955751419067,39.97879958207264,39.97879958207264,1.6500223875045776,1.493509292602539,0.4053617194633474,-0.6265284419059753,-0.5588486194610596,0.0,,,,,,,,,,,,,,,,,,,,,,,,,,,,,,,,,,,,,,,,,,,,,,,,,,,,,,,,,,,,,,,,,
PGS4_210609_702_A01,,-1.045050859451294,2021-06-09 00:40:38,0.440296864,589.375104,24.965992,0.04236010620496111,seal 0.440297 below min 0.750000; initial_access_resistance_mohm 24.965992 exceeds max 20.000000,False,False,True,True,True,False,True,False,False,False,2.676643913172719,-36.335514068603516,0.0008900000000000574,305.24190805662715,-114.03904215813799,0.0007600000000000939,-54.62834548950195,21.565893173217773,-2.146219174230319,-16.66680145263672,84.6473617553711,1.0005767345428467,0.4053617194633474,10.058037664184308,1.0753693580627441,1.07474946975708,0.4053617194633474,-0.014289945363998413,-0.014289945363998413,0.0,0.17378674447536469,1.3213515624939864,0.1051020429799986,-60.325404739379884,29.999998092651367,0.5647864864766756,-99.59432220458984,497.5084364414215,395.7802311103371,0.014357971918865021,0.03250999999999982,7.0,0.16016333333333338,2.3653374870136914,-35.2723388671875,47.46756362915039,0.0006999999999999229,322.9300160732106,-136.5259789971533,0.0005900000000000905,-51.939144134521484,-51.595176696777344,1.2519035496243145,-52.59580993652344,-52.59580993652344,0.017563437676519206,31.0,0.007859999999999978,0.032526,0.032584999999999975,0.16322742641922566,0.1417082640044418,2.170874492040227,-35.334877014160156,46.21677017211914,0.0006300000000001305,326.5583395049142,-150.42709318400475,0.0005299999999999194,-50.93851089477539,-50.750892639160156,2.071376531148347,0.0785456563974553,0.12527376413345337,0.0,,0.05491878634842124,0.2078998843542954,0.12912580885215974,31.0,1.8985461105804944,1.2714285714287934,0.8466234796086607,0.8032156876649597,0.9601064497094663,0.9934122976818839,0.02988651263733785,-0.3439674377441406,-0.18761825561523438,-16.322837829589844,-15.416015625,82.73990249633789,81.5516471862793,10.617965597791446,78.06401249024208
PGS4_190409_705_A01,,4731.671875,2019-04-09 07:52:45,10.4914432,448.81471999999997,15.430603999999999,0.0343807885801963,electrode_0_pa 4731.671875 exceeds max 200.000000,False,True,False,False,True,False,True,True,False,False,,,,,,,,,,,,1.0860553979873657,1.114744728524174,4.737665096227739,1.094226598739624,1.007523775100708,0.6333776866614624,-0.1613701581954956,0.08892012387514114,0.0011340094135488092,0.19934488832950592,1.9751981249910109,0.06054428985381985,-58.62587308883667,29.999998092651367,0.16499435897086204,-101.04442596435547,546.9169616699219,452.6126805448597,0.0248001312951506,0.037250000000000005,34.0,0.029078484848484857,15.4016632524903,-28.95918846130371,69.39572143554688,,850.189673367979,-55.201159733869105,,52.91463088989258,,,-56.260887145996094,,-0.0016227763441924432,37.0,0.014809999999999768,0.026512500000000005,0.029024999999999967,0.37317517435332703,0.9656652360515062,5.360268352849424,-27.520612716674805,60.20133972167969,0.0006500000000000394,995.7458078884443,-185.76417118354223,0.0004999999999999449,-55.385231018066406,-52.570621490478516,18.76403926867757,0.12166172106824222,0.07311712950468063,0.0,,0.014896219275230018,0.6691904317619115,0.9805270050507163,37.0,609.3333333338514,,0.04406507704633766,2.950557248420165,-1.8272138723983573,0.9324020353928985,0.06513026052104587,,-2.8146095275878906,,-25.05000877380371,98.35490989685059,87.72195243835449,3125.0000000012114,34.01360544217676
PGS4_200828_703_A01,,13.100685119628906,2020-08-28 07:05:08,5.836941312,4790.551039999999,21.523764,0.004492962045552071,initial_access_resistance_mohm 21.523764 exceeds max 20.000000,False,False,False,True,True,False,True,False,False,False,4.192403950641997,-36.491859436035156,0.000660000000000105,538.9828090846515,-128.5617548857894,0.0005800000000000249,-54.03422164916992,20.026132583618164,-1.0784906949133044,-14.040142059326172,88.18084335327148,1.043881893157959,1.0894096210577462,6.713803478611692,1.2018266916275024,1.1513051986694336,0.4053617194633474,-0.125888392329216,-0.019905593246221542,0.0,0.3893408477306366,2.5280896874884946,0.12422082767289624,-64.62695589932528,20.0,0.3773398968724989,-99.40670776367188,358.5083782672882,214.41715016401247,0.01310411983058635,0.05930999999999975,5.0,0.1757375,3.564852946420206,-40.36931610107422,51.0948600769043,0.0006500000000000394,532.8374728549203,-149.4696922603753,0.0005500000000000504,-56.535804748535156,-52.06422424316406,-1.250763016284598,-50.750892639160156,,0.016466107298900502,31.0,0.00965999999999978,0.032316666666666674,0.03254999999999986,0.22542228542598075,0.1428571428571469,3.852141471176784,-42.464393615722656,53.189937591552734,0.0005999999999999339,619.142130015974,-160.72673723139076,0.000500000000000167,-50.438194274902344,-50.15676498413086,2.5016022846161015,0.08915662650601942,0.38610124588012695,1.1301159374948568,,0.05197414732799388,0.25726569914882563,0.18964742696037326,40.0,2.377292576419213,1.076923076922893,0.9084507874371256,0.8451883478663503,0.8838109707524843,0.8512851559528217,0.09698750918442314,-4.471580505371094,-0.2814292907714844,-11.694908142089844,-7.692371368408203,91.46417617797852,95.65433120727539,8.737439930100468,62.69592476488977
PGS4_200211_708_A01,,-12.007448196411133,2020-02-11 06:01:18,18.117154816000003,649.0881919999999,20.226392,0.03116123856401936,initial_access_resistance_mohm 20.226392 exceeds max 20.000000,False,False,False,True,True,False,True,False,False,False,3.824606358209495,-39.024715423583984,0.0006800000000000139,513.3715279042509,-134.2285923889401,0.0005799999999998029,-56.97358322143555,16.22260856628418,-0.81562999940397,-16.82315444946289,81.33275985717773,1.2298717498779297,39.97879958207264,39.97879958207264,0.9115145206451416,0.7411460280418396,0.5320372567956435,-0.7920002937316895,0.010380095802247524,0.00014995044673934353,0.0801178589463234,0.8385596874961837,,-62.133998446994354,20.0,0.9222222222222222,-99.90702819824219,426.36382579803467,403.109431386066,0.013836282160686048,0.03960999999999992,7.0,0.11748333333333331,3.366935546354452,-39.43122100830078,38.99344253540039,0.0005999999999999339,522.2057551157724,-155.09823337164573,0.0004999999999999449,-56.97358322143555,-56.50453567504883,-1.250763016284598,-58.255645751953125,-57.94294738769531,0.12499168849353912,7.0,0.03960999999999992,0.11748333333333331,0.11132500000000001,0.4468603222644065,,3.366935546354452,-39.43122100830078,38.99344253540039,0.0005999999999999339,522.2057551157724,-155.09823337164573,0.0004999999999999449,-56.97358322143555,-56.50453567504883,-1.250763016284598,0.05092039206311284,0.01726817525923252,0.0,,0.06525741777727202,0.2912471680117892,0.20000000000001028,90.0,2.3167229729729777,1.1666666666670367,0.8467065643571405,0.8991934810760424,0.9770023347971849,0.9775461443213525,0.05092039206311284,-0.46904754638671875,-0.46904754638671875,-17.073314666748047,-17.073314666748047,78.42466354370117,78.42466354370117,16.920473773265673,16.920473773265673
PGS4_200702_803_A01,,7.367992877960205,2020-07-02 08:59:33,2.114281216,464.56431999999995,24.198003999999997,0.05208752148679864,initial_access_resistance_mohm 24.198004 exceeds max 20.000000,False,False,False,True,True,False,True,False,False,False,3.8601742686750824,-34.21875,0.0007600000000000939,482.4023166718359,-124.96905141990119,0.0006599999999998829,-53.03125,39.638763427734375,-0.4535059370301232,-14.5625,95.34375,1.3855772018432617,3.344234185572616,8.816617398327807,0.9611327052116394,0.6936695575714111,2.0268085973167373,-0.20228779315948486,0.13259153068065643,0.0021018288834260845,0.42896178364753723,1.2222167968694377,0.03932694200525284,-54.64823123386928,40.0,0.25236593059936907,-83.03125,268.90623569488525,142.90737018669242,0.009884111373282274,0.033359999999999834,1.0,,3.1839080709281355,-34.78125,63.03125,0.0006500000000000394,519.3750187766735,-163.12500461901573,0.0005999999999999339,-50.40625,-49.1875,0.0,-49.1875,-49.03125,0.043842977959706105,15.0,0.007529999999999815,0.07077428571428573,0.06735000000000002,0.4346626152475704,0.4972172751558305,2.7666285356139957,-34.46875,65.6875,0.0005300000000001415,513.5247997498047,-185.61393159195424,0.00046999999999997044,-48.125,-48.125,0.6311221053040448,0.12457503642545117,0.27710333466529846,0.38284753906075764,0.036155640147475916,0.04144078464581498,0.4826454272587869,0.5983252377900286,22.0,1.5477573785730918,1.7037037037038103,0.5425811705183317,0.4398032989808351,0.7747747747747747,0.7314990512333965,0.11890093642188207,-1.21875,0.0,-14.40625,-13.65625,97.8125,100.15625,,43.45936549326343
PGS4_200818_702_A01,,-1.9974868297576904,2020-08-18 06:05:12,1.253989504,608.0678399999999,23.592734,0.03879950960734908,initial_access_resistance_mohm 23.592734 exceeds max 20.000000,False,False,False,True,True,False,True,False,False,False,3.049378033569585,-26.954570770263672,0.0006800000000000139,434.22422825020453,-142.39763763953664,0.0005800000000000249,-45.341217041015625,12.863585472106934,2.215072650344174,-17.948867797851562,83.14641189575195,1.0032631158828735,0.4053617194633474,10.083372771650767,1.4310623407363892,1.426407814025879,0.5320372567956435,0.014571189880371094,0.014571189880371094,0.0001942060904560496,0.029392613098025322,0.35959734374836344,0.00226057798029203,-41.094336700439456,10.0,0.709999995068141,-90.68243408203125,537.155270576477,525.9325914972878,0.018518060952325634,0.026459999999999928,3.0,0.42376500000000006,2.8351144593172384,-27.79885482788086,56.223106384277344,0.0006099999999999994,471.6928602362472,-166.375244105609,0.0004999999999999449,-46.99851608276367,-46.37311935424805,0.6732184997480267,-45.49756622314453,-45.40375518798828,0.046574904633456565,26.0,0.002609999999999779,0.036893999999999996,0.02805000000000013,0.7376884965858869,0.5785963798031106,2.834558743431349,-27.923934936523438,57.72406005859375,0.0006500000000000394,482.18034207933266,-170.107726007341,0.0005500000000000504,-44.434391021728516,-44.24677276611328,0.0,0.012384884090188097,,,,0.20024999845204416,0.6412210896354487,0.48759711867767724,59.0,1.3131184168528518,1.1864406779657892,0.781647426539024,0.8103024116883144,0.9330306863643599,0.9268292847862482,0.01511194029850703,-0.625396728515625,-0.18761825561523438,-18.574264526367188,-16.322837829589844,84.0219612121582,85.64799499511719,7.574609907589758,62.69592476488977
PGS4_200828_702_A01,,-1.77220618724823,2020-08-28 07:05:08,0.8663002240000001,414.272992,45.674231999999996,0.11025153191738842,initial_access_resistance_mohm 45.674232 exceeds max 20.000000,False,False,False,True,True,False,True,True,True,False,,,,,,,,,,,,,,,,,,,,,0.038765035569667816,0.4487183593729579,,-44.485145862285904,50.0,-1.9499999999999993,-95.68560028076172,381.98721408843994,371.47435328772804,0.06784891996746945,0.00020999999999982144,40.0,0.025591025641025642,1.7999987714260615,-32.61440658569336,-28.267902374267578,0.0,22.51426689322012,-12.507934588968102,,-28.924570083618164,-26.954570770263672,5.628585931833131,,,,1.0,0.23592999999999997,,,,,1.415832112466355,-11.319668769836426,-8.755544662475586,0.00041000000000002146,20.797731144501515,-14.689404881679247,0.0005299999999999194,-13.258397102355957,-10.94443130493164,6.991305414605115,,0.006211013067513704,0.03047449218736131,,0.017067767690464607,0.296524213911559,0.9460784313725589,40.0,2.8496732026143263,,4.805553866469927,3.9999962770551303,0.45925211625102297,-0.7234513737100489,0.3875205254515599,-1.9699993133544922,-2.3139657974243164,5.6598358154296875,0.37523746490478516,4.346504211425781,2.56412410736084,130.71895424836714,
PGS4_200427_801_A01,,-7.8415913581848145,2020-04-27 08:15:32,14.051252224,507.181376,45.662288,0.09003147623464786,initial_access_resistance_mohm 45.662288 exceeds max 20.000000,False,False,False,True,True,False,True,False,False,False,2.9922986101295113,-42.03125,0.0006200000000000649,554.803668072896,-185.41052894747133,0.0005199999999998539,-58.1875,30.316200256347656,1.5511536669902681,-15.5625,100.25,1.077431321144104,2.2294894570484107,10.94476642551038,0.7291011810302734,0.676703155040741,0.7093830090608579,-0.11966487020254135,0.020854810252785683,0.0002674977580455845,0.20114143192768097,0.8152266406212899,0.06942353648597524,-65.65250122070313,29.999998092651367,0.24821428102498175,-98.40625,337.26561069488525,263.70340090499127,0.012040079426048598,0.04506999999999994,10.0,0.10323444444444446,2.029147257123172,-41.0625,59.28125,0.0004999999999999449,500.30135804166156,-246.55744243567858,0.00041000000000002146,-59.9375,-59.625,-1.6836037826184318,-56.75,-56.21875,0.011728680207176073,35.0,0.012059999999999738,0.02894705882352941,0.02970000000000006,0.21239441673951065,0.11221590909091217,1.741414117088199,-39.75,58.71875,0.0004999999999999449,538.7500300992086,-309.3750216060308,0.00039999999999995595,-57.90625,-57.84375,2.5000001187494547,0.06097560975610035,0.09393252432346344,0.5603966796849497,,0.04485336844625912,0.35727481498476166,0.20877413434016764,49.0,1.3764649984162192,1.2399999999998224,0.8725404031124742,0.7118946945282958,0.9512937595129376,0.9045861887190301,0.01775267298769403,-0.3125,-0.0625,-18.5625,-18.09375,100.34375,98.46875,15.84283903675537,58.82352941176427
PGS4_190409_804_A01,,-227227232.0,2019-04-09 05:34:32,1.0120784044265747e-09,1.0118823051452637e-06,1.000363826751709e-06,0.9886167804941494,electrode_0_pa -227227232.000000 exceeds max 200.000000; seal 0.000000 below min 0.750000; initial_access_resistance_mohm 0.000001 below min 1.000000; input_access_resistance_ratio 0.988617 above max 0.250000,False,True,True,True,True,False,True,True,False,False,,,,,,,,,,,,1.064209222793579,1.0893135804470648,8.86650588735983,0.6552551984786987,0.615720272064209,0.5826561011693603,-0.08130694925785065,0.02985803224146366,0.00040179784669319685,0.09092728048563004,1.0448932812568452,0.21264273652281865,-68.6483645968967,57.375,0.22499999999999976,-99.125,301.0937571525574,283.3407562024858,0.013379288176840457,0.020764999999999922,14.0,0.0752419230769231,3.577685689569627,-40.21875,38.15625,0.0008900000000000574,290.2173115186189,-81.11872777553307,0.0008349999999999191,-46.40625,-45.40625,-2.3913804377670203,,,0.02815090901026858,23.0,0.010399999999999965,0.043291818181818195,0.044315000000000104,0.22018964533362256,0.23220839674156168,3.5777702815785224,-41.0625,38.71875,0.0008349999999999191,289.87926310052524,-81.02232404161781,0.0008250000000000757,-43.03125,-42.0,-0.8670171796680436,0.24099502487562258,0.31964242458343506,1.5281389062600113,0.410737208765992,0.03140800885587379,0.22590139289146344,0.16925833989573952,23.0,1.888447346011916,2.308988764044703,0.3854739327852053,0.38546817810603956,0.7062937062937062,0.7174447174447175,0.18882716049382575,-1.0,-1.03125,-5.1875,-0.9375,78.375,79.78125,28.53881278538798,66.64445184938383
PGS4_191213_305_A01,,17.084972381591797,2019-12-13 01:40:32,0.269229216,339.128832,34.960968,0.10309052106781649,seal 0.269229 below min 0.750000; initial_access_resistance_mohm 34.960968 exceeds max 20.000000,False,False,True,True,True,False,True,False,False,False,,,,,,,,,,,,1.303518295288086,2.6601862839782173,7.448521595139009,0.9213657379150391,0.7068299055099487,1.773457522652145,-0.1513051688671112,0.15968896448612213,0.001967414066475201,0.39544087648391724,1.6617656249924373,0.0413925234277154,-61.29885066639293,50.0,0.23769345571125422,-90.59910583496094,306.01048469543457,179.02499956428858,0.01020023213571248,0.052200000000000024,2.0,0.62296,4.20957406124808,-32.80582046508789,52.852081298828125,0.000660000000000105,574.5922196244574,-136.49652227619882,0.000560000000000116,-56.604896545410156,-51.53860092163086,0.45708473070844896,-49.00545120239258,,0.10316450280372366,10.0,0.013889999999999958,0.09115666666666668,0.05828999999999995,0.7097734447602475,0.7443012429482172,3.8405421722872037,-31.30469512939453,53.41500473022461,0.0005900000000000905,575.4909099484375,-149.84626756635993,0.000500000000000167,-51.31968307495117,-50.50657653808594,2.348588423744748,0.018391120895248893,0.20221246778964996,0.9119663281208497,0.0907119036316848,0.04622539043547147,0.5049824692749373,0.47695057588817164,14.0,1.6451803666469582,1.4754098360657766,0.6813409592919173,0.5770139276684395,0.8475551594847649,0.8571428260257935,0.10056674303629563,-5.066295623779297,-0.8131065368652344,-18.73278045654297,-19.201881408691406,85.65790176391602,84.71969985961914,1.6052395017336587,29.54209748892177
PGS4_190619_206_A01,,2281.19970703125,2019-06-19 12:13:09,1.8547806720000002,362.30575999999996,20.644821999999998,0.05698176589850518,electrode_0_pa 2281.199707 exceeds max 200.000000; initial_access_resistance_mohm 20.644822 exceeds max 20.000000,False,True,False,True,True,False,True,True,False,False,,,,,,,,,,,,1.0115561485290527,0.9880691911918815,4.534984236496071,0.7150971293449402,0.7069277763366699,0.405361719463336,-0.14698973298072815,-0.018469534814357758,0.0,0.08022255450487137,0.5754792578162701,0.09499888165608214,-43.92393271128336,29.999998092651367,0.40357142141887103,-66.67493438720703,198.3516663312912,179.04707713333724,0.01597142264305385,0.28359500000000004,1.0,,4.308154453531644,-24.080535888671875,38.904136657714844,0.0007150000000000212,372.55693138089174,-86.47715289675494,0.000600000000000156,-38.18484878540039,-36.433536529541016,2.3347154983500746,-36.433536529541016,-35.90188980102539,0.02390472590472085,19.0,0.029209999999999958,0.05086722222222224,0.051694999999999935,0.24566191250827532,0.0970328188221159,3.5952857494145793,-22.923419952392578,40.18634796142578,0.0006200000000000649,375.05484017625577,-104.31850659918366,0.0005150000000000432,-36.62117385864258,-36.27717208862305,0.6378448692303487,0.03921718523048591,0.14026027917861938,0.2588941210954461,0.6505291879726445,0.06485531260146292,0.2715741018117818,0.3071455162803846,36.0,1.4546795038598332,1.3464566929135895,0.7378111254057762,0.7075455270477827,0.9307590319196505,0.8574822070664503,0.10200486240794913,-1.751312255859375,-0.34400177001953125,-12.35300064086914,-13.353752136230469,62.98467254638672,63.10976791381836,,34.47087211306449
PGS4_190226_801_A01,,4.797500133514404,2019-02-26 07:56:11,0.988251328,490.875968,31.3114,0.0637867853412616,initial_access_resistance_mohm 31.311400 exceeds max 20.000000,False,False,False,True,True,False,True,True,False,False,,,,,,,,,,,,1.05889093875885,3.977261212330094,19.607644448047726,0.5873876810073853,0.5547196865081787,0.4053259834221752,-0.17265662550926208,-0.03970344364643097,0.0,0.25752896070480347,1.6684348437609302,0.14364175526139766,-65.44460788849861,29.999998092651367,0.5820293986237605,-99.78125,337.41292357444763,246.1773898778844,0.009113845768722848,0.05608499999999994,1.0000000000000004,,2.186118131313376,-40.5,46.5,0.0006150000000000322,374.5300473683751,-171.32196197621073,0.000520000000000076,-57.5,-57.21875,1.0060068514155238,-57.21875,-53.90625,0.038228351399404954,23.000000000000007,0.011314999999999964,0.04278636363636362,0.04323750000000004,0.393202523722372,0.1806126405583549,2.0072718208428664,-41.125,45.0,0.0005500000000000504,370.41432081054234,-184.53620330055895,0.0004750000000000032,-56.25,-56.03125,4.710845558058854,0.032934131736530564,0.11022091656923294,0.0,,0.05290202480115939,0.3946523195054864,0.27414625864332004,47.000000000000014,2.7723684210526396,1.250000000000099,0.8288700141505312,0.7719970770422653,0.9382621951219512,0.9602194787379973,0.01670197566142781,-0.28125,-0.21875,-16.71875,-14.90625,87.0,86.125,,81.13590263691736
PGS4_190329_802_A01,,12.906656265258789,2019-03-29 06:58:44,0.363628736,258.137568,25.363443999999998,0.09825553171710365,seal 0.363629 below min 0.750000; initial_access_resistance_mohm 25.363444 exceeds max 20.000000,False,False,True,True,True,False,True,True,False,False,,,,,,,,,,,,1.0203877687454224,0.405361719463336,0.9373989762589645,0.6625630259513855,0.6493247151374817,1.2414202658564664,0.5949789881706238,0.5949789881706238,0.006187330973228079,0.146513432264328,1.0027349999954365,,-59.501093218403476,70.0,0.14544025157232704,-101.125,172.96874523162842,169.8727353193937,0.01026134384212973,0.07400999999999991,1.0,,3.364074943798264,-36.125,54.09375,0.0007600000000000939,465.2048456280964,-138.28611234886736,0.0006500000000000394,-49.875,-49.28125,0.6084789281732056,-49.28125,-48.59375,0.2488564727327816,7.0,0.01475000000000004,0.16204833333333332,0.03587000000000007,1.7194265051764799,,2.9675264454817265,-36.4375,54.75,0.0006300000000001305,465.86528034106766,-156.9877434623645,0.0005499999999998284,-49.8125,-49.8125,1.9114828138849136,0.004104368220463206,0.15842457115650177,0.7544285937465666,0.08431473601191551,0.10257376419925872,0.5437434573031209,0.6428646616541364,23.0,1.424766018718505,1.5714285714283196,0.7367194818862441,0.46572860723595166,0.9142367066895368,0.8007990867579908,0.004104368220463206,-0.59375,0.0,-13.15625,-13.375,90.21875,91.1875,,36.036036036036116
PGS4_200123_802_A01,,-5.416666507720947,2020-01-23 12:21:29,,317.452896,22.211336,0.0699673440685827,Invalid seal (None); initial_access_resistance_mohm 22.211336 exceeds max 20.000000,False,False,True,True,True,False,True,False,False,False,,,,,,,,,,,,1.2289440631866455,2.609516069045299,12.794229270561903,0.6862711906433105,0.5584234595298767,1.8747979525179819,-0.10967466980218887,0.136788010597229,0.002177744509494838,0.07887931913137436,0.4210873437480836,,-67.2879399617513,90.0,0.24603820858127143,-93.21875,245.78124284744263,224.9388861821298,0.00879708138661775,0.03749999999999987,6.0,0.15793600000000002,2.5523780544741292,-27.625,70.9375,0.0004499999999998394,605.5031001306328,-237.23096156121184,0.00035999999999991594,-52.96875,-49.875,0.8403285720266584,-51.3125,-50.90625,0.04341189667104971,11.0,0.02163999999999988,0.08945700000000002,0.09325000000000006,0.20780535808324535,0.055776189215428484,2.496430488961888,-27.8125,71.0,0.00042999999999993044,606.0620359749039,-242.77144453035734,0.0003500000000000725,-49.875,-49.8125,2.5531572693868014,0.10731621216132696,0.253680557012558,1.9680559374910434,3.5227054179044384,0.07454852030394889,0.25575880941413026,0.05994916331000516,11.0,1.8482744325836897,1.2000000000003948,0.9430909951293341,0.8728013195925295,0.9751131221719457,0.9687224669603525,0.056531641451113585,-3.09375,-0.0625,-22.25,-22.0,98.5625,98.8125,10.36484245439468,19.319938176197827
PGS4_200702_801_A01,,-11.497747421264648,2020-07-02 08:59:33,9.210776576,194.01836799999998,28.034978,0.144496514886673,initial_access_resistance_mohm 28.034978 exceeds max 20.000000,False,False,False,True,True,False,True,False,False,False,4.853554731191351,-25.375,0.000980000000000203,408.1337145261236,-84.0896491602853,0.000860000000000305,-40.0,95.03131866455078,-1.803339749361309,-12.5,82.9375,1.0677093267440796,2.128149027182574,9.95669723431847,0.583766758441925,0.5467469096183777,1.064074513591287,-0.12702429294586182,0.05112949013710022,0.0006815065793027738,0.04736073687672615,0.0,,-62.47182391938709,110.0,0.1297872340425532,-86.4375,219.80468928813934,202.98004908313598,0.011034517876528751,0.10654999999999992,2.0,0.0004900000000001015,2.284800208925124,-26.09375,71.40625,,518.040072018953,-226.7332040654281,,49.5625,,,-39.03125,-39.15625,0.2554440351081791,5.0,0.034279999999999866,0.11496,0.04342999999999997,1.3029595120495059,,2.199105736098143,-24.53125,71.21875,0.0001100000000000545,503.21642879418624,-228.827755088775,,-40.1875,48.5,-91.66367342949835,0.006852812340436512,0.1190086156129837,0.6127835937499325,0.04150977177813358,0.12765533262018366,0.8221288841997263,0.5899566289366582,13.0,10.529428409733967,1.0,0.8352380740516524,0.6318516832843256,0.910828025477707,0.8810881430143429,0.006852812340436512,,-88.6875,,73.03125,97.5,95.75,2040.8163265301896,28.336639274581998
PGS4_191122_303_A01,,,2019-11-22 03:20:16,0.9148039680000001,714.919168,27.498234,0.03846341688799145,electrode_0_pa missing value; initial_access_resistance_mohm 27.498234 exceeds max 20.000000,False,True,False,True,True,False,True,True,False,False,,,,,,,,,,,,1.0015404224395752,0.4053617194633474,10.210048308983064,1.105526328086853,1.1038259267807007,0.8107234389266949,0.06255310028791428,0.06255310028791428,0.0008110723082426767,0.15783414244651794,1.1046733593699727,0.19929227032643104,-59.26707696914673,29.999998092651367,0.7732065073638523,-99.01165008544922,409.3243479728699,346.2647870080571,0.008780804001080294,0.031219999999999803,11.0,0.07665600000000002,3.3757760089035873,-30.89813995361328,70.02118682861328,0.0004300000000001525,813.182006364013,-240.88742979962257,0.0003500000000000725,-53.508827209472656,-53.508827209472656,4.325215932501522,-51.60114669799805,-51.507328033447266,0.013024887735900898,28.0,0.016409999999999814,0.03629629629629629,0.03930000000000011,0.33666774226188767,0.9238281249999998,3.011710237898439,-30.085033416748047,70.95939636230469,0.0004499999999998394,804.3524622935921,-267.07498356643583,0.00039999999999995595,-51.47605514526367,-51.47605514526367,2.5018310407234923,0.03187250996016482,0.1358373463153839,0.0,,0.04209299995599394,0.34578965559322994,0.6106247268356633,28.0,1.610612460401271,1.1395348837202457,0.8646294067825788,0.8546465065565754,0.9018219300764639,0.925859820478007,0.03693181818181755,0.0,0.0,-22.610687255859375,-21.391021728515625,100.91932678222656,101.04442977905273,26.406126221283287,49.14004914004892
PGS4_190215_701_A01,,25.227548599243164,2019-02-15 00:19:43,,498.27673599999997,20.228028,0.040595971151260006,Invalid seal (None); initial_access_resistance_mohm 20.228028 exceeds max 20.000000,False,False,True,True,True,True,True,True,False,False,,,,,,,,,,,,1.0126895904541016,0.405361719463336,7.372516272739423,0.6600821018218994,0.651810884475708,2.3561649943806406,0.5088896155357361,0.5088896155357361,0.004104832564166198,,,,,,,,,,,,,,,,,,,,,,,,,,,,,,,,,,,,,,,,,,,,,,,,,,,,,,,,,,,,,,,,,
PGS4_200218_805_A01,,,2020-02-18 11:02:32,4.2628249600000006,505.367456,28.391654,0.056180218300404365,electrode_0_pa missing value; initial_access_resistance_mohm 28.391654 exceeds max 20.000000,False,True,False,True,True,False,True,False,True,False,5.019747107575597,-33.28009796142578,0.000920000000000254,477.70215924105094,-95.16458678169711,0.0007999999999999119,-49.544803619384766,23.929658889770508,-0.17801103184059652,-14.982295989990234,88.67394256591797,,,,,,,,,,0.15071292221546173,1.0953353124950151,0.15650765318452292,-64.19225268893771,20.0,0.39452054308109047,-103.46856689453125,366.1124110221863,317.5804482688811,0.013482924619162125,0.22870999999999975,1.0,,5.809814525974848,-33.59288024902344,59.30363082885742,0.0009000000000001229,592.4107506858721,-101.96723975219666,0.0008000000000001339,-52.078346252441406,-48.85668182373047,-6.881179870122317,-48.85668182373047,-49.26329803466797,0.028203521919820382,11.0,0.05876999999999999,0.08438,0.08582000000000001,0.19820777490257327,0.08568164508758469,4.701745937315846,-33.59288024902344,61.36799621582031,0.0007500000000000284,550.6502757330427,-117.11612730129787,0.0006399999999999739,-51.39022445678711,-49.48225021362305,-4.53235188485352,0.0302028825851466,0.2545565664768219,0.7972866406213716,,0.024066810315014665,0.28313623713078656,0.22177058843007702,39.0,1.1387574416119646,1.3200000000000118,0.7045659919671466,0.7148035818271096,0.9366852589297597,0.8302752390526362,0.0302028825851466,-3.2216644287109375,-1.9079742431640625,-15.263801574707031,-15.88936996459961,92.89651107788086,94.96087646484375,,15.27417137620286
PGS4_190619_209_A01,,2320.1396484375,2019-06-19 12:13:09,4.457972224000001,440.258656,28.843266,0.06551436435584812,electrode_0_pa 2320.139648 exceeds max 200.000000; initial_access_resistance_mohm 28.843266 exceeds max 20.000000,False,True,False,True,True,False,True,True,False,False,,,,,,,,,,,,1.0046950578689575,0.9880691911918815,8.208574819132554,0.6844438314437866,0.6812453269958496,0.6080425791950039,-0.06465630233287811,0.040189798921346664,0.0005511871266512337,0.058801569044589996,0.0,,-48.40978876749674,50.0,0.31000000000000005,-66.86257934570312,183.88772010803223,175.95195588591926,0.011353808603062532,0.13346499999999994,2.0,0.15625,4.3448239249519665,-23.048513412475586,37.152828216552734,0.0008699999999999264,301.010226101487,-69.28018978463317,0.0007399999999999629,-35.40151596069336,-34.463314056396484,-0.5441267240534778,-33.43128967285156,,0.022507508406754143,21.0,0.024024999999999963,0.04641150000000001,0.05009999999999992,0.25920620544801054,0.06762566137566373,3.4290219808527866,-21.609933853149414,37.3404655456543,0.0007099999999999884,295.86175459322857,-86.28167338829618,0.0005800000000000249,-35.40151596069336,-35.370243072509766,1.9570370692278205,0.05785880785880611,0.09051943570375443,0.0,,0.02781751330751292,0.21778980101719242,0.0757266048211916,28.0,1.3422647914646004,1.3557046979865253,0.7443384533948957,0.7336289970037705,0.9432917983711011,0.9107744005759703,0.10453085979308001,-0.938201904296875,-0.03127288818359375,-11.414800643920898,-13.760309219360352,60.20134162902832,58.95039939880371,6.4,39.215686274509686
PGS4_200427_803_A01,,-11.856231689453125,2020-04-27 08:15:32,2.346115584,472.44176,24.899026,0.052702847436687225,initial_access_resistance_mohm 24.899026 exceeds max 20.000000,False,False,False,True,True,False,True,False,False,False,3.2858478538855183,-40.0625,0.000860000000000305,386.81078832615947,-117.7202370672018,0.000740000000000407,-56.4375,79.65612030029297,1.5443265574307088,-14.6875,91.375,1.4462237358093262,5.396377890355812,15.251734694808446,0.7463834881782532,0.5160912871360779,3.268228863173239,-0.22583641111850739,0.1554252803325653,0.002662916821312024,0.3090690076351166,1.059558749995178,0.05670739368882335,-63.150432859148296,50.0,0.06819320939532877,-90.21875,242.96875298023224,154.23923335408125,0.007903634039279978,0.022789999999999866,1.0,,2.763673881622844,-41.46875,51.8125,0.0007399999999999629,388.12267274534935,-140.4372184888333,0.0006300000000001305,-56.96875,-56.0,-0.05296659696690516,-56.0,-48.25,,2.0,0.010829999999999895,0.01998000000000011,0.01998000000000011,0.0,,2.6781488527207986,-40.71875,54.25,0.0007399999999999629,383.7953732663426,-143.30621424437825,0.0006500000000000394,-55.5,-53.5,-3.4831773285211547,0.14185814185814957,0.47443026304244995,0.8297607031212237,0.02178146987995111,0.30598369902392514,0.8577245458279128,,11.0,5.287408013082606,1.2916666666667052,0.7448559006645463,0.6847400902854429,0.8946188340807175,0.8149253731343283,0.00815668652925637,-0.96875,-2.0,-14.53125,-12.78125,93.28125,94.96875,,50.05005005004978
PGS4_200617_708_A01,,-4.574444770812988,2020-06-17 10:12:18,-4.924580864,696.554368,25.752608,0.036971425610240374,seal -4.924581 below min 0.750000; initial_access_resistance_mohm 25.752608 exceeds max 20.000000,False,False,True,True,True,False,True,False,False,False,2.472705506638566,-35.49122619628906,0.000500000000000167,522.42829133032,-211.27800699587436,0.00043999999999999595,-46.99851608276367,19.418628692626953,6.768250028379154,-10.94443130493164,92.7462387084961,1.003702163696289,0.4053617194633474,3.7242607975695043,1.1196558475494385,1.1155259609222412,0.4053617194633474,-0.05545337125658989,-0.05545337125658989,0.0,0.03006036765873432,0.0,,-69.76868896484375,70.0,0.49999999999999956,-95.12274169921875,212.63469755649567,214.77973682227505,0.012316042876511044,0.01605999999999974,36.0,0.02749571428571429,2.3324534775052252,-40.93217468261719,57.0361213684082,0.000500000000000167,552.8501421201483,-237.02515289242672,0.00045000000000006146,-47.81153106689453,-47.7802619934082,7.504806853814977,-43.277408599853516,-40.11915969848633,0.01200700015475599,56.0,0.009609999999999896,0.017837272727272726,0.018450000000000077,0.24202416021814738,0.11036036036036323,2.356020832203527,-39.86899948120117,57.38009262084961,0.000500000000000167,562.8565326346164,-238.90133947083604,0.00045000000000006146,-46.56073760986328,-46.52946853637695,7.504806853814977,0.0803571428571349,0.1942894160747528,0.7484064453124176,,0.015969166834432023,0.2558232096546732,0.12165825655924706,56.0,1.6804123711340113,1.199999999999467,0.6255655991209975,0.6622690378448995,0.750190957718662,0.8114035636270098,0.03989361702127826,-0.031269073486328125,-0.031269073486328125,-6.848087310791016,-6.660469055175781,97.96829605102539,97.24909210205078,103.62694300517964,163.93442622950835
PGS4_200828_708_A01,,-12.272778511047363,2020-08-28 12:41:13,1.733665024,516.847072,26.96831,0.05217850977784005,initial_access_resistance_mohm 26.968310 exceeds max 20.000000,False,False,False,True,True,False,True,False,False,False,4.324371403746593,-26.62623691558838,0.0005999999999999339,706.2049306319574,-163.21240001445744,0.000560000000000116,-42.41748809814453,31.12795639038086,1.7634139782963465,-14.41538143157959,100.4855089187622,1.3482494354248047,4.661659773828496,13.275596312424629,0.9434234499931335,0.6997395753860474,2.938872466109269,-0.1681954711675644,0.10616311430931091,0.0019197403338604125,0.4238235056400299,1.8189893749917216,0.03756426492972986,-45.14976135889689,29.999998092651367,0.4035714222363062,-86.17957305908203,316.9194459915161,178.44346813551013,0.00894100137592141,0.04213,1.0,,4.133102828369004,-24.73441505432129,79.67546081542969,0.0005300000000001415,754.4309608336997,-182.53379897915863,0.0004499999999998394,-42.65201187133789,-40.90090560913086,6.3199912765567,-40.90090560913086,-38.774559020996094,0.008371040052567474,25.0,0.007009999999999739,0.04110625,0.04204999999999992,0.08794341465129032,0.22269353128313785,4.287497940736138,-24.546796798706055,78.61228942871094,0.0004999999999999449,858.043581245519,-200.12687891768365,0.0004999999999999449,-39.55630111694336,-38.930904388427734,8.755493327025473,0.03666666666666058,0.3999956250190735,0.8381607421874077,0.08228953880237865,0.016524680477710534,0.14425168887751288,0.26149041625387776,37.0,1.1911306578706238,1.1666666666669407,0.7815292131175777,0.8021698417018073,0.8666667398194413,0.9250668077621065,0.07432027461450372,-1.7511062622070312,-0.625396728515625,-16.16649055480957,-14.38410758972168,104.40987586975098,103.15908622741699,,32.73322422258584
PGS4_180620_802_A01,,,2018-06-20 07:24:22,,,,,electrode_0_pa missing value; Invalid seal (None); Resistance ratio not available; Initial access resistance not available; No current clamps sweeps passed QC,False,True,True,True,True,,,,,,,,,,,,,,,,,,,,,,,,,,,,,,,,,,,,,,,,,,,,,,,,,,,,,,,,,,,,,,,,,,,,,,,,,,,,,,,,,,,,,,,,,,
PGS4_180620_804_A01,,,2018-06-20 09:46:13,,,,,electrode_0_pa missing value; Invalid seal (None); Resistance ratio not available; Initial access resistance not available; No current clamps sweeps passed QC,False,True,True,True,True,,,,,,,,,,,,,,,,,,,,,,,,,,,,,,,,,,,,,,,,,,,,,,,,,,,,,,,,,,,,,,,,,,,,,,,,,,,,,,,,,,,,,,,,,,
PGS4_190524_703_A01,,-40.58614730834961,2019-05-24 10:49:39,,194.263744,89.177328,0.45905286371913023,Invalid seal (None); initial_access_resistance_mohm 89.177328 exceeds max 20.000000; input_access_resistance_ratio 0.459053 above max 0.250000,False,False,True,True,True,False,True,True,False,False,,,,,,,,,,,,1.018216848373413,0.405361719463336,39.97879958207151,0.30612924695014954,0.30065232515335083,28.172639502701852,1.745679497718811,1.745679497718811,0.001936879856278398,0.1470794826745987,0.9432712890623961,0.2205834013631043,-58.73705215454102,70.0,0.3499999999999998,-90.68243408203125,228.87834821428584,986.5832372578623,0.00530397893880371,0.008850000000000025,1.0,,3.490967710592823,-43.621376037597656,54.40945816040039,0.00038000000000004697,833.963898586653,-238.8918969534188,0.0003500000000000725,-56.28564453125,-56.03548812866211,1.3314117347187924,-56.03548812866211,-54.84723663330078,-0.020177664035679117,15.0,0.003469999999999862,0.06027285714285716,0.053284999999999916,0.8448823149747217,0.9978376253194406,3.7484080564797573,-41.776458740234375,54.19056701660156,0.0003900000000001125,815.1798298275676,-217.473609474932,0.000360000000000138,-53.533905029296875,-53.158668518066406,0.8062271081922507,0.0013717421124831398,,,,-0.020177664035679117,0.8448823149747217,0.9978376253194406,15.0,3.689506172839514,1.4102564102561328,0.6609678567305457,0.6302681511868571,0.8892215896929794,0.7391807053659748,0.0013717421124831398,-0.2501564025878906,-0.37523651123046875,-12.414112091064453,-11.382209777832031,98.03083419799805,95.96702575683594,,61.76652254478016
PGS4_180919_703_A01,,,2018-09-19 06:34:42,,,,,electrode_0_pa missing value; Invalid seal (None); Resistance ratio not available; Initial access resistance not available; No current clamps sweeps passed QC,False,True,True,True,True,,,,,,,,,,,,,,,,,,,,,,,,,,,,,,,,,,,,,,,,,,,,,,,,,,,,,,,,,,,,,,,,,,,,,,,,,,,,,,,,,,,,,,,,,,
PGS4_190619_204_A01,,2512.091552734375,2019-06-19 05:27:47,3.19322368,413.02016,24.644546,0.05966911155135866,electrode_0_pa 2512.091553 exceeds max 200.000000; initial_access_resistance_mohm 24.644546 exceeds max 20.000000,False,True,False,True,True,False,True,True,False,True,,,,,,,,,,,,1.115234613418579,1.824127737585012,5.852409824751914,0.5867443680763245,0.5261174440383911,0.912063868792506,-0.11739742010831833,0.08007754385471344,0.0010870943124384063,0.17193865776062012,1.7715068750116054,0.007060540427234569,-46.775292830033735,29.999998092651367,0.315254232964958,-65.79927825927734,144.93001997470856,110.32091834978876,0.015159255026965902,0.5093750000000001,1.0,,0.6376459809282802,-36.93391036987305,-12.571915626525879,5.0000000000105516e-05,203.4641419981043,-319.08637093878133,4.500000000007276e-05,-49.7247428894043,-48.129798889160156,0.827694918402315,-48.129798889160156,,0.0190885291328656,23.0,0.021854999999999958,0.04389681818181818,0.04891000000000001,0.25036098219826874,0.13253768844221459,3.07728473748446,-21.3597469329834,38.9666862487793,0.0007399999999999629,301.20609122862436,-97.88047480937583,0.0005999999999999339,-35.62042999267578,-35.49533462524414,0.9187967661670831,0.07189407261818372,0.01718202792108059,0.0,,0.0470490498881716,0.33520867324054776,0.22307716337150488,32.0,1.2849690251059684,1.1925465838504983,0.8083603866675246,0.8277678071223211,0.9139632530443322,0.9405620923933676,0.05050448220246825,-1.5949440002441406,-0.12509536743164062,-11.19588851928711,-14.135587692260742,24.361994743347168,60.326433181762695,,46.16805170821789
PGS4_200427_701_A01,,-17.997406005859375,2020-04-27 03:15:02,,302.509952,25.294242,0.08361457807510413,Invalid seal (None); initial_access_resistance_mohm 25.294242 exceeds max 20.000000,False,False,True,True,True,False,True,False,False,False,2.5013424891299305,-30.800756454467773,,900.6894606695909,-360.08242157309996,,43.68391799926758,33.22822189331055,,,100.9701976776123,1.1011505126953125,4.332303376764526,12.034176046568128,0.909107506275177,0.8255978226661682,0.4053617194633474,-0.2763054072856903,-0.0002728421241044998,0.0,0.3064573109149933,0.9442830468707025,0.02334793816549878,-56.22895749409994,50.0,0.2761363636363638,-89.61925506591797,357.5701415538788,237.61260344467092,0.008544883003844502,0.02425999999999995,2.0,0.000280000000000058,2.1238644137014466,-30.706947326660156,77.45530700683594,,962.2139225504188,-453.04865807016535,,36.92963790893555,,,-50.28184509277344,-49.969146728515625,0.2553549396908476,10.0,0.008279999999999843,0.09838000000000002,0.05936000000000008,0.8193519426497817,,2.041220828437869,-30.863296508789062,78.86244201660156,,991.3489018227493,-485.6647002673499,,35.241065979003906,,,0.006482982171798661,0.24516354501247406,0.7800694335936641,0.03287753572426254,0.217102054523588,0.7032948114576207,0.6366828354506605,24.0,1.0,,0.6925451816098054,0.4642725278652692,0.8906250089350347,0.8067728177446052,0.028911000552791964,,,,,108.1622543334961,109.72573852539062,3571.4285714278317,3571.4285714278317
PGS4_200703_802_A01,,-9.568943977355957,2020-07-03 09:04:47,15.784638464,597.8159999999999,23.668201999999997,0.03959111499190386,initial_access_resistance_mohm 23.668202 exceeds max 20.000000,False,False,False,True,True,False,True,False,False,False,3.226022966762318,-28.3125,0.0008200000000000429,396.9805154186011,-123.05570031853068,0.0006599999999998829,-48.90625,24.255159378051758,-0.7350241204908717,-19.53125,87.8125,1.0009194612503052,0.4053617194633474,4.484314021563281,1.769976258277893,1.7683502435684204,0.4053617194633474,-0.012081886641681194,-0.012081886641681194,0.0,0.14373871684074402,1.0556964062451955,0.14979568234091228,-58.90360350835891,20.0,0.4858201426222641,-100.5625,464.6874964237213,384.3568191718821,0.009157543262009814,0.09170999999999974,4.0,0.09523333333333335,3.1991151084174496,-29.3125,59.09375,0.0007999999999999119,451.8750309934617,-141.25000685486336,0.0005999999999999339,-50.03125,-49.28125,-1.2500000593691762,-49.59375,-50.125,0.022486313830455087,33.0,0.007559999999999789,0.029779687500000002,0.03025,0.3830622227411437,0.17362428842504563,2.023391859757517,-27.96875,58.96875,0.0006500000000000394,432.5000196705408,-213.7500047679205,0.000500000000000167,-48.625,-48.09375,3.1250002211963945,0.061135371179042476,0.0781250074505806,0.4108126171856304,,0.030992179609984905,0.2960541988945136,0.18949414268759576,52.0,1.3056768558951832,1.4615384615383826,0.8236994602987029,0.49707601753364106,0.9206703910614525,0.8797032326444091,0.061135371179042476,-0.75,-0.53125,-19.96875,-20.125,88.40625,86.9375,12.936610608020674,88.10572687224692
PGS4_200122_702_A01,,-13.99429702758789,2020-01-22 02:29:52,1.7313856,593.7855999999999,21.86448,0.03682217958805334,initial_access_resistance_mohm 21.864480 exceeds max 20.000000,False,False,False,True,True,False,True,False,False,False,4.533723829145887,-20.481721878051758,0.000640000000000196,545.1084927349784,-120.23416363181344,0.0005399999999999849,-38.02408218383789,23.403656005859375,3.6297274996414575,-16.88569450378418,80.23831748962402,1.0142121315002441,1.0894096210577462,9.98203234178493,0.8037025332450867,0.7924402356147766,0.4053617194633474,-0.08551452308893204,0.00170927366707474,4.3304632044927386e-05,0.12390632182359695,0.5652651562474275,0.03860964860767633,-44.81177767585306,29.999998092651367,0.50571427759443,-84.05323028564453,309.14461612701416,290.65719144582795,0.0108816857294214,0.051449999999999996,3.0,0.30862999999999996,3.6532354876792175,-21.57616424560547,62.8523063659668,0.0005100000000000104,591.9866787905903,-162.044489271799,0.00042000000000008697,-39.80645751953125,-39.68138122558594,2.6778646483748454,-38.27423858642578,-37.773921966552734,0.022146544294178665,30.0,0.010509999999999797,0.03360344827586206,0.03750000000000009,0.34317043278291276,0.16650532429815967,3.137821502603904,-21.88886260986328,63.602783203125,0.0004999999999999449,612.2628226890528,-195.12353465006527,0.00045000000000006146,-38.99344253540039,-38.586936950683594,4.3777466635127364,0.04219823356231367,0.25411275029182434,0.6942006347655485,0.030483681601640902,0.22094840010561365,0.4725689283104588,0.2122130799464753,44.0,1.493354182955425,1.3043478260864527,0.7896511111121929,0.7823649314325509,0.8821752090489328,0.8852941086769853,0.02112592942286955,-0.1250762939453125,-0.4065055847167969,-18.10521697998047,-16.698074340820312,84.42847061157227,85.49164581298828,16.528925619834713,67.79661016949133
PGS4_191122_301_A01,,42.175575256347656,2019-11-22 03:20:16,0.9932065280000001,766.404736,23.834884,0.031099604269668814,initial_access_resistance_mohm 23.834884 exceeds max 20.000000,False,False,False,True,True,False,True,False,False,False,3.3822808248976686,-36.4960823059082,0.000520000000000076,642.7330942068012,-190.0294882304006,0.00043999999999999595,-56.69871520996094,21.9316463470459,-2.1210710464345692,-19.326976776123047,91.9438591003418,1.099483609199524,2.406835209313625,9.095303580458857,1.3170619010925293,1.197891354560852,0.5320372567956435,-0.15275900065898895,0.007989008910953999,0.0001049333283017726,0.38136711716651917,1.063972031245158,0.03209742401563165,-57.644875844319664,10.0,0.9000000858306968,-98.6051025390625,416.7762100696564,242.52293702496766,0.008089625430690518,0.10233999999999988,1.0,,2.9740712754011214,-38.9666862487793,58.04347229003906,0.00043999999999999595,675.0564455328721,-226.98058755899362,0.00038000000000004697,-58.356204986572266,-55.854331970214844,-0.45186734913601884,-55.854331970214844,-56.636165618896484,0.026468196605984377,19.0,0.013149999999999995,0.05107611111111111,0.04408000000000001,0.2923562301375304,0.19781989347206796,2.565174806382416,-38.497581481933594,58.262386322021484,0.0003900000000001125,680.6119509210762,-265.3277075806469,0.00032999999999994145,-56.604896545410156,-55.854331970214844,4.512673818961171,0.0259589306470369,,,,0.026468196605984377,0.2923562301375304,0.19781989347206796,19.0,1.2296650717703381,1.282051282050771,0.7280720069879016,0.7247711740144243,0.9147034604945942,0.7992484843484982,0.0259589306470369,-2.501873016357422,-0.7505645751953125,-16.887645721435547,-17.35675048828125,97.01015853881836,96.75996780395508,,31.928480204342257
PGS4_200218_704_A01,,-7.8053412437438965,2020-02-18 11:24:20,,323.364416,17.102766,0.05289006815146908,Invalid seal (None),False,False,True,False,True,False,True,False,False,False,2.96746776973571,-29.174726486206055,0.0006800000000000139,379.878085122649,-128.01422444985204,0.0005799999999998029,-46.873435974121094,12.653584480285645,2.415148331516526,-15.916330337524414,78.45593452453613,2.5469748973846436,6.916484338343365,39.97879958207264,1.5051389932632446,0.5909516215324402,6.637798156212314,-0.13434527814388275,0.004353480879217386,0.0013940100226508263,0.24708722531795502,0.6674589062469624,0.04302715024353235,-56.22392282730494,10.0,-0.004874213952947645,-83.80307006835938,218.88865530490875,179.4502546549156,0.02152579298963844,0.02200000000000002,3.0,0.15558499999999997,3.08071844373073,-30.92583656311035,49.68771743774414,0.0006099999999999994,430.8351029654097,-139.84890564801864,0.000520000000000076,-46.967247009277344,-46.37311935424805,1.3744217580582527,-45.2786750793457,-44.24677276611328,0.032736619177151254,16.0,0.002709999999999768,0.06023999999999999,0.06235000000000013,0.2169340340839974,0.20011668611434896,3.4570139893122,-31.895200729370117,51.53263854980469,0.0006500000000000394,477.8026044358661,-138.21251690419936,0.0005500000000000504,-44.965980529785156,-44.184234619140625,2.5016022846161015,0.02099125364431512,0.3526614308357239,0.3314635546859915,0.06000101611715482,0.31819081278480227,0.3634811476410897,0.20011668611434896,16.0,1.5883211678832168,1.1538461538461275,0.6256544171971811,0.7963801112310835,0.7637255131195996,0.8567961351907458,0.02099125364431512,-0.5941276550292969,-0.7817459106445312,-15.447282791137695,-12.289033889770508,80.61355400085449,83.4278392791748,7.3686537469604305,29.239766081871338
PGS4_201014_704_A01,,4.190216541290283,2020-10-14 08:44:19,2.256066816,321.13660799999997,29.310796,0.09127204831160203,initial_access_resistance_mohm 29.310796 exceeds max 20.000000,False,False,False,True,True,False,True,False,False,False,2.894505380740478,-33.58376693725586,0.0007399999999999629,416.13872357587076,-143.76850923988033,0.0006800000000000139,-41.6513786315918,42.401283264160156,5.4849394149342805,-8.03634262084961,97.28036117553711,1.0016485452651978,0.4053617194633474,6.688468371145232,0.895555317401886,0.8940814137458801,0.4053617194633474,-0.04486560449004173,-0.04486560449004173,0.0,0.025091441348195076,0.0,,-70.98500554701862,50.0,0.04999999999999998,-96.37353515625,221.23390436172485,214.95860822839677,0.014982512535145553,0.15808,4.0,0.012336666666666662,3.1589684241571705,-37.89900207519531,56.78596496582031,0.0007800000000000029,399.57051797733595,-126.48765809805253,0.0007299999999998974,-44.27804183959961,-44.27804183959961,12.362080617901468,-42.120426177978516,-41.43248748779297,0.2778570038636527,5.0,0.037599999999999856,0.013420000000000043,0.01158999999999999,0.6239934781453284,,2.9602540497494862,-37.21106719970703,57.28628158569336,0.0007500000000000284,389.0347067185771,-131.41936475063667,0.0007099999999999884,-42.33931350708008,-42.30804443359375,6.420259031225446,0.08568120416827091,0.007915006019175053,0.0,,0.2974463627084425,0.9125974266944996,,9.0,5.420502092050176,1.4133333333333609,0.6461839081029268,0.5903560158622839,0.8613444981874301,0.8586244956218696,0.08568120416827091,0.0,-0.031269073486328125,-6.379039764404297,-5.096977233886719,94.68496704101562,94.49734878540039,193.4235976789207,216.91973969631223
PGS4_200227_701_A01,,2.1332807540893555,2020-02-26 23:12:19,,267.453888,22.006933999999998,0.08228309621731876,Invalid seal (None); initial_access_resistance_mohm 22.006934 exceeds max 20.000000,False,False,True,True,True,False,True,False,True,False,3.3044927281654783,-28.5180606842041,0.000560000000000116,562.3305111380583,-170.17150812440784,0.00048000000000003595,-44.465660095214844,53.98086166381836,5.97761905035937,-13.41474723815918,83.95942115783691,,,,,,,,,,0.03149869292974472,0.0,,-64.58712986537388,50.0,0.23750000000000018,-87.43037414550781,204.81719076633453,195.215948328678,0.012966289155753182,0.2378499999999999,1.0,,3.082549790134629,-30.17535972595215,52.59580993652344,0.000500000000000167,545.7431569231675,-177.04277110778878,0.00045000000000006146,-49.09359359741211,-42.589473724365234,2.5316744788779446,-42.589473724365234,-41.46376037597656,0.15576934169467987,10.0,0.026619999999999866,0.09359888888888891,0.1079000000000001,0.5447323524436305,0.10298747189206536,2.591925254053952,-27.86139678955078,53.283748626708984,0.00039999999999995595,555.7480112254157,-214.41513807398073,0.0003500000000000725,-41.682647705078125,-41.682647705078125,5.854112638695614,0.09400300924267409,0.10318567603826523,0.38851054687495723,0.0044774988695632624,0.2679106597690975,0.6363271914733333,0.3824814238517777,19.0,8.79829545454554,1.5500000000003331,0.7298514702502827,0.6080620038224993,0.8866441356145887,0.906690105931301,0.09400300924267409,-6.504119873046875,0.0,-12.414113998413086,-13.821250915527344,82.77116966247559,81.14514541625977,,94.96676163342694
PGS4_200123_803_A01,,-7.028278350830078,2020-01-23 12:21:29,,239.653216,21.199918,0.08846081164210207,Invalid seal (None); initial_access_resistance_mohm 21.199918 exceeds max 20.000000,False,False,True,True,True,False,True,False,False,False,,,,,,,,,,,,1.1281516551971436,2.457505424246544,13.300931419891088,0.5175184607505798,0.4587312936782837,1.4187660181217159,-0.11158662289381027,0.10354188829660416,0.0013355581164643537,0.1068505048751831,0.4706187109353582,0.16226080355645514,-72.6105396046358,110.0,0.31553638454382826,-89.875,142.65625178813934,141.738508591109,0.008130922292194465,0.09809000000000001,1.0,,3.1604491911993806,-30.59375,64.375,0.0006200000000000649,587.807758319278,-185.98867526682398,0.0005100000000000104,-51.65625,-50.9375,1.4638767901411494,-50.9375,-50.34375,0.05753097960572951,13.0,0.02790999999999988,0.07429000000000001,0.07801499999999995,0.3200541256670802,0.12868681368545398,2.8734124411289246,-30.9375,65.28125,0.0005399999999999849,599.5777137483549,-208.6639930857921,0.00042999999999993044,-51.625,-51.375,2.9941474905075394,0.07758620689655026,0.24499471485614777,1.3589176562438154,0.2198426412961756,0.15387784616964556,0.5218142346191931,0.12868681368545398,13.0,4.386716557530406,1.315789473684354,0.7758876655537621,0.5686422532134193,0.8995901639344263,0.8655784925588094,0.035807228915662334,-0.71875,-0.25,-20.34375,-20.4375,94.96875,96.21875,,32.310177705977345
PGS4_210519_704_A01,,-14.64448070526123,2021-05-19 08:51:31,2.421193728,,,,Resistance ratio not available; Initial access resistance not available,False,False,False,True,True,False,True,False,True,False,3.6528928523764,-35.64757537841797,0.0009500000000004505,349.0577190283372,-95.55651729594442,0.000860000000000305,-48.3743896484375,52.02142333984375,0.3043452247149613,-11.507286071777344,83.08386993408203,,,,,,,,,,0.03672800585627556,0.0,,-57.8637214073768,40.0,0.48007812500000013,-89.24402618408203,292.52898693084717,285.41164098036296,0.014881402725426013,0.10365999999999986,1.0,,4.012763961031804,-34.24043655395508,48.31184768676758,0.0009500000000000064,356.85545220091956,-88.93008800576477,0.0008300000000001084,-48.71835708618164,-47.71772003173828,0.4804503944119065,-47.71772003173828,-47.06105422973633,0.02371163055019055,21.0,0.012039999999999829,0.049327499999999996,0.04814000000000007,0.21949572701314074,0.25750469043151936,3.741068263662659,-35.710113525390625,48.40565490722656,0.0008299999999998864,385.61685460849634,-103.07666886328389,0.0007399999999999629,-47.84280014038086,-47.53010177612305,3.793548072640379,0.04279988548525703,0.2625854015350342,1.0118274999953951,0.02132193355149816,0.10954773618782215,0.3357224475520258,0.2270010029944625,44.0,1.7188369152970917,1.2823529411762247,0.7600420840988567,0.716383495764046,0.9211691792291188,0.9182754460594692,0.02193995381062468,-1.0006370544433594,-0.3126983642578125,-13.477283477783203,-11.819988250732422,82.55228424072266,84.11576843261719,,35.335689045936405
PGS4_210512_701_A01,,-12.508696556091309,2021-05-12 00:59:57,1.569552,568.564992,25.66895,0.045146905562557044,initial_access_resistance_mohm 25.668950 exceeds max 20.000000,False,False,False,True,True,False,True,False,False,False,3.4246304127956173,-43.277408599853516,0.0006699999999999484,503.9366790732155,-147.15067564381013,0.0005999999999999339,-59.225006103515625,34.2821159362793,2.319022920140852,-12.601730346679688,93.37163162231445,1.0009844303131104,0.4053617194633474,4.306968269298066,0.9367468953132629,0.9358256459236145,0.4053617194633474,-0.009131831116974354,-0.009131831116974354,0.0,0.0491398386657238,0.0,,-69.35550181070964,29.999998092651367,0.30999999430520186,-95.49797821044922,219.0449833869934,206.33010624274206,0.018635267449717108,0.15954000000000002,2.0,0.24353000000000002,3.2739488057469193,-43.996612548828125,50.25057601928711,0.0006499999999998174,503.54975764922716,-153.80501880949456,0.0005900000000000905,-58.28691101074219,-54.346920013427734,2.159519875604651,-54.06549072265625,-51.907875061035156,0.0580040332733269,15.0,0.026389999999999914,0.06496642857142858,0.06331500000000001,0.34397786531763797,0.1172845845743008,2.9442712843698513,-42.495662689208984,50.844703674316406,0.0005999999999999339,503.1668846851912,-170.89691678763958,0.0005399999999999849,-54.53453826904297,-54.440731048583984,2.2852598088493496,0.017767279449522524,0.059612441807985306,0.0,,0.05412366105932262,0.2197426857425961,0.13374261371351048,27.0,1.874649017248298,1.1639344262294904,0.8724955977299332,0.79404537462726,0.9788475176516126,0.9547987591309687,0.19555490354287314,-3.939990997314453,-0.09380722045898438,-10.35030746459961,-11.945068359375,94.24718856811523,93.34036636352539,4.106270274709481,47.147571900047254
PGS4_200828_701_A01,,-18.541208267211914,2020-08-28 07:05:08,3.591694336,335.94208,16.823832,0.050079561333906134,,False,False,False,False,False,False,True,False,True,False,3.7682852930528052,-30.8320255279541,0.0006999999999999229,458.55551452055585,-121.68810980579067,0.0006599999999998829,-44.809627532958984,17.57561683654785,-2.002087830453422,-11.288400650024414,84.61608695983887,,,,,,,,,,0.35020631551742554,1.5891293749927677,0.07162196552883775,-55.82934061686198,50.0,0.24285714285714283,-93.68433380126953,291.59095883369446,183.04237167373296,0.015196014011327403,0.018019999999999925,13.0,0.07907000000000002,3.2038732624262383,-35.522499084472656,51.219940185546875,0.0005500000000000504,526.7470735708058,-164.40946018317507,0.0004999999999999449,-49.24993896484375,-48.62454605102539,3.963197519410009,-42.026615142822266,,0.031099427746503955,29.0,0.0021599999999997177,0.03515892857142858,0.03179999999999994,0.41075025516408675,0.2774869109947663,3.935958867774557,-30.675678253173828,52.845970153808594,0.0006999999999999229,499.69147890922653,-126.95546261939437,0.0006999999999999229,-40.4943962097168,-38.96217346191406,0.625381508142299,0.07772020725388902,,,,0.0318425281292325,0.3267636059362919,0.20993886944641907,29.0,1.3901932266777481,1.3454545454543545,0.58106525983117,0.650561094747866,0.8934858854318241,0.8174602666269457,0.10869386749856279,-0.6253929138183594,-1.5322227478027344,-13.102046966552734,-8.286495208740234,86.74243927001953,83.52164840698242,20.79866888519139,70.17543859649075
PGS4_190329_703_A01,,4054.394775390625,2019-03-29 05:03:39,,607.899968,26.516175999999998,0.04361930810300684,electrode_0_pa 4054.394775 exceeds max 200.000000; Invalid seal (None); initial_access_resistance_mohm 26.516176 exceeds max 20.000000,False,True,True,True,True,True,True,True,False,False,,,,,,,,,,,,1.0028742551803589,0.405361719463336,7.195170520474214,0.9877203702926636,0.9848895072937012,0.6333776866614624,0.06169044226408005,0.06169044226408005,0.0007995506984480242,,,,,,,,,,,,,,,,,,,,,,,,,,,,,,,,,,,,,,,,,,,,,,,,,,,,,,,,,,,,,,,,,
